waveform	Ch0	
t0	2024/10/13  09:33:48.410832	
delta t	2.000000E-5	

time[0]	Ch0
2024/10/13  09:33:48.410832	-1.934926E+0
2024/10/13  09:33:48.410852	-1.892180E+0
2024/10/13  09:33:48.410872	-1.849434E+0
2024/10/13  09:33:48.410892	-1.849434E+0
2024/10/13  09:33:48.410912	-1.892180E+0
2024/10/13  09:33:48.410932	-1.849434E+0
2024/10/13  09:33:48.410952	-1.849434E+0
2024/10/13  09:33:48.410972	-1.849434E+0
2024/10/13  09:33:48.410992	-1.849434E+0
2024/10/13  09:33:48.411012	-1.849434E+0
2024/10/13  09:33:48.411032	-1.849434E+0
2024/10/13  09:33:48.411052	-1.806688E+0
2024/10/13  09:33:48.411072	-1.806688E+0
2024/10/13  09:33:48.411092	-1.806688E+0
2024/10/13  09:33:48.411112	-1.806688E+0
2024/10/13  09:33:48.411132	-1.763941E+0
2024/10/13  09:33:48.411152	-1.721195E+0
2024/10/13  09:33:48.411172	-1.721195E+0
2024/10/13  09:33:48.411192	-1.721195E+0
2024/10/13  09:33:48.411212	-1.721195E+0
2024/10/13  09:33:48.411232	-1.721195E+0
2024/10/13  09:33:48.411252	-1.678449E+0
2024/10/13  09:33:48.411272	-1.678449E+0
2024/10/13  09:33:48.411292	-1.678449E+0
2024/10/13  09:33:48.411312	-1.678449E+0
2024/10/13  09:33:48.411332	-1.678449E+0
2024/10/13  09:33:48.411352	-1.592956E+0
2024/10/13  09:33:48.411372	-1.592956E+0
2024/10/13  09:33:48.411392	-1.592956E+0
2024/10/13  09:33:48.411412	-1.592956E+0
2024/10/13  09:33:48.411432	-1.592956E+0
2024/10/13  09:33:48.411452	-1.507463E+0
2024/10/13  09:33:48.411472	-1.507463E+0
2024/10/13  09:33:48.411492	-1.507463E+0
2024/10/13  09:33:48.411512	-1.507463E+0
2024/10/13  09:33:48.411532	-1.507463E+0
2024/10/13  09:33:48.411552	-1.464717E+0
2024/10/13  09:33:48.411572	-1.464717E+0
2024/10/13  09:33:48.411592	-1.464717E+0
2024/10/13  09:33:48.411612	-1.464717E+0
2024/10/13  09:33:48.411632	-1.421971E+0
2024/10/13  09:33:48.411652	-1.336478E+0
2024/10/13  09:33:48.411672	-1.336478E+0
2024/10/13  09:33:48.411692	-1.379225E+0
2024/10/13  09:33:48.411712	-1.336478E+0
2024/10/13  09:33:48.411732	-1.379225E+0
2024/10/13  09:33:48.411752	-1.250986E+0
2024/10/13  09:33:48.411772	-1.250986E+0
2024/10/13  09:33:48.411792	-1.250986E+0
2024/10/13  09:33:48.411812	-1.250986E+0
2024/10/13  09:33:48.411832	-1.250986E+0
2024/10/13  09:33:48.411852	-1.122747E+0
2024/10/13  09:33:48.411872	-1.165493E+0
2024/10/13  09:33:48.411892	-1.165493E+0
2024/10/13  09:33:48.411912	-1.165493E+0
2024/10/13  09:33:48.411932	-1.165493E+0
2024/10/13  09:33:48.411952	-1.080000E+0
2024/10/13  09:33:48.411972	-1.037254E+0
2024/10/13  09:33:48.411992	-1.037254E+0
2024/10/13  09:33:48.412012	-1.037254E+0
2024/10/13  09:33:48.412032	-1.080000E+0
2024/10/13  09:33:48.412052	-9.517615E-1
2024/10/13  09:33:48.412072	-9.517615E-1
2024/10/13  09:33:48.412092	-9.517615E-1
2024/10/13  09:33:48.412112	-9.517615E-1
2024/10/13  09:33:48.412132	-9.090152E-1
2024/10/13  09:33:48.412152	-8.235226E-1
2024/10/13  09:33:48.412172	-8.235226E-1
2024/10/13  09:33:48.412192	-8.235226E-1
2024/10/13  09:33:48.412212	-8.235226E-1
2024/10/13  09:33:48.412232	-8.235226E-1
2024/10/13  09:33:48.412252	-6.952837E-1
2024/10/13  09:33:48.412272	-6.952837E-1
2024/10/13  09:33:48.412292	-7.380300E-1
2024/10/13  09:33:48.412312	-7.380300E-1
2024/10/13  09:33:48.412332	-7.380300E-1
2024/10/13  09:33:48.412352	-5.670448E-1
2024/10/13  09:33:48.412372	-6.097911E-1
2024/10/13  09:33:48.412392	-6.097911E-1
2024/10/13  09:33:48.412412	-6.097911E-1
2024/10/13  09:33:48.412432	-6.097911E-1
2024/10/13  09:33:48.412452	-4.815522E-1
2024/10/13  09:33:48.412472	-4.388059E-1
2024/10/13  09:33:48.412492	-4.815522E-1
2024/10/13  09:33:48.412512	-4.388059E-1
2024/10/13  09:33:48.412532	-4.388059E-1
2024/10/13  09:33:48.412552	-3.533133E-1
2024/10/13  09:33:48.412572	-3.533133E-1
2024/10/13  09:33:48.412592	-3.533133E-1
2024/10/13  09:33:48.412612	-3.533133E-1
2024/10/13  09:33:48.412632	-3.105670E-1
2024/10/13  09:33:48.412652	-2.678207E-1
2024/10/13  09:33:48.412672	-2.250744E-1
2024/10/13  09:33:48.412692	-2.250744E-1
2024/10/13  09:33:48.412712	-2.250744E-1
2024/10/13  09:33:48.412732	-2.250744E-1
2024/10/13  09:33:48.412752	-9.683546E-2
2024/10/13  09:33:48.412772	-9.683546E-2
2024/10/13  09:33:48.412792	-1.395818E-1
2024/10/13  09:33:48.412812	-9.683546E-2
2024/10/13  09:33:48.412832	-9.683546E-2
2024/10/13  09:33:48.412852	3.140344E-2
2024/10/13  09:33:48.412872	3.140344E-2
2024/10/13  09:33:48.412892	3.140344E-2
2024/10/13  09:33:48.412912	3.140344E-2
2024/10/13  09:33:48.412932	3.140344E-2
2024/10/13  09:33:48.412952	1.168960E-1
2024/10/13  09:33:48.412972	1.596423E-1
2024/10/13  09:33:48.412992	1.596423E-1
2024/10/13  09:33:48.413012	1.596423E-1
2024/10/13  09:33:48.413032	1.168960E-1
2024/10/13  09:33:48.413052	2.878813E-1
2024/10/13  09:33:48.413072	2.878813E-1
2024/10/13  09:33:48.413092	2.451350E-1
2024/10/13  09:33:48.413112	2.878813E-1
2024/10/13  09:33:48.413132	2.878813E-1
2024/10/13  09:33:48.413152	3.733739E-1
2024/10/13  09:33:48.413172	3.733739E-1
2024/10/13  09:33:48.413192	3.733739E-1
2024/10/13  09:33:48.413212	4.161202E-1
2024/10/13  09:33:48.413232	3.733739E-1
2024/10/13  09:33:48.413252	5.443591E-1
2024/10/13  09:33:48.413272	5.443591E-1
2024/10/13  09:33:48.413292	5.443591E-1
2024/10/13  09:33:48.413312	5.443591E-1
2024/10/13  09:33:48.413332	5.443591E-1
2024/10/13  09:33:48.413352	6.298517E-1
2024/10/13  09:33:48.413372	6.298517E-1
2024/10/13  09:33:48.413392	6.298517E-1
2024/10/13  09:33:48.413412	6.298517E-1
2024/10/13  09:33:48.413432	6.298517E-1
2024/10/13  09:33:48.413452	7.580906E-1
2024/10/13  09:33:48.413472	7.580906E-1
2024/10/13  09:33:48.413492	8.008369E-1
2024/10/13  09:33:48.413512	7.153443E-1
2024/10/13  09:33:48.413532	7.580906E-1
2024/10/13  09:33:48.413552	8.863295E-1
2024/10/13  09:33:48.413572	8.863295E-1
2024/10/13  09:33:48.413592	8.863295E-1
2024/10/13  09:33:48.413612	8.863295E-1
2024/10/13  09:33:48.413632	8.863295E-1
2024/10/13  09:33:48.413652	9.718221E-1
2024/10/13  09:33:48.413672	9.718221E-1
2024/10/13  09:33:48.413692	9.718221E-1
2024/10/13  09:33:48.413712	9.718221E-1
2024/10/13  09:33:48.413732	1.014568E+0
2024/10/13  09:33:48.413752	1.100061E+0
2024/10/13  09:33:48.413772	1.100061E+0
2024/10/13  09:33:48.413792	1.100061E+0
2024/10/13  09:33:48.413812	1.100061E+0
2024/10/13  09:33:48.413832	1.100061E+0
2024/10/13  09:33:48.413852	1.228300E+0
2024/10/13  09:33:48.413872	1.228300E+0
2024/10/13  09:33:48.413892	1.228300E+0
2024/10/13  09:33:48.413912	1.228300E+0
2024/10/13  09:33:48.413932	1.228300E+0
2024/10/13  09:33:48.413952	1.313792E+0
2024/10/13  09:33:48.413972	1.313792E+0
2024/10/13  09:33:48.413992	1.313792E+0
2024/10/13  09:33:48.414012	1.313792E+0
2024/10/13  09:33:48.414032	1.271046E+0
2024/10/13  09:33:48.414052	1.399285E+0
2024/10/13  09:33:48.414072	1.399285E+0
2024/10/13  09:33:48.414092	1.399285E+0
2024/10/13  09:33:48.414112	1.399285E+0
2024/10/13  09:33:48.414132	1.399285E+0
2024/10/13  09:33:48.414152	1.484778E+0
2024/10/13  09:33:48.414172	1.442031E+0
2024/10/13  09:33:48.414192	1.442031E+0
2024/10/13  09:33:48.414212	1.484778E+0
2024/10/13  09:33:48.414232	1.484778E+0
2024/10/13  09:33:48.414252	1.570270E+0
2024/10/13  09:33:48.414272	1.570270E+0
2024/10/13  09:33:48.414292	1.570270E+0
2024/10/13  09:33:48.414312	1.570270E+0
2024/10/13  09:33:48.414332	1.570270E+0
2024/10/13  09:33:48.414352	1.655763E+0
2024/10/13  09:33:48.414372	1.655763E+0
2024/10/13  09:33:48.414392	1.655763E+0
2024/10/13  09:33:48.414412	1.655763E+0
2024/10/13  09:33:48.414432	1.613017E+0
2024/10/13  09:33:48.414452	1.698509E+0
2024/10/13  09:33:48.414472	1.741256E+0
2024/10/13  09:33:48.414492	1.741256E+0
2024/10/13  09:33:48.414512	1.741256E+0
2024/10/13  09:33:48.414532	1.741256E+0
2024/10/13  09:33:48.414552	1.784002E+0
2024/10/13  09:33:48.414572	1.784002E+0
2024/10/13  09:33:48.414592	1.784002E+0
2024/10/13  09:33:48.414612	1.784002E+0
2024/10/13  09:33:48.414632	1.784002E+0
2024/10/13  09:33:48.414652	1.869494E+0
2024/10/13  09:33:48.414672	1.826748E+0
2024/10/13  09:33:48.414692	1.826748E+0
2024/10/13  09:33:48.414712	1.826748E+0
2024/10/13  09:33:48.414732	1.826748E+0
2024/10/13  09:33:48.414752	1.869494E+0
2024/10/13  09:33:48.414772	1.912241E+0
2024/10/13  09:33:48.414792	1.869494E+0
2024/10/13  09:33:48.414812	1.912241E+0
2024/10/13  09:33:48.414832	1.869494E+0
2024/10/13  09:33:48.414852	1.912241E+0
2024/10/13  09:33:48.414872	1.954987E+0
2024/10/13  09:33:48.414892	1.954987E+0
2024/10/13  09:33:48.414912	1.954987E+0
2024/10/13  09:33:48.414932	1.954987E+0
2024/10/13  09:33:48.414952	1.954987E+0
2024/10/13  09:33:48.414972	1.954987E+0
2024/10/13  09:33:48.414992	1.954987E+0
2024/10/13  09:33:48.415012	1.954987E+0
2024/10/13  09:33:48.415032	1.954987E+0
2024/10/13  09:33:48.415052	1.997733E+0
2024/10/13  09:33:48.415072	1.997733E+0
2024/10/13  09:33:48.415092	1.954987E+0
2024/10/13  09:33:48.415112	1.997733E+0
2024/10/13  09:33:48.415132	1.997733E+0
2024/10/13  09:33:48.415152	1.997733E+0
2024/10/13  09:33:48.415172	1.997733E+0
2024/10/13  09:33:48.415192	1.997733E+0
2024/10/13  09:33:48.415212	1.997733E+0
2024/10/13  09:33:48.415232	1.997733E+0
2024/10/13  09:33:48.415252	1.997733E+0
2024/10/13  09:33:48.415272	1.997733E+0
2024/10/13  09:33:48.415292	1.997733E+0
2024/10/13  09:33:48.415312	2.040480E+0
2024/10/13  09:33:48.415332	1.997733E+0
2024/10/13  09:33:48.415352	1.997733E+0
2024/10/13  09:33:48.415372	2.040480E+0
2024/10/13  09:33:48.415392	2.040480E+0
2024/10/13  09:33:48.415412	2.040480E+0
2024/10/13  09:33:48.415432	1.997733E+0
2024/10/13  09:33:48.415452	1.997733E+0
2024/10/13  09:33:48.415472	1.997733E+0
2024/10/13  09:33:48.415492	1.997733E+0
2024/10/13  09:33:48.415512	1.997733E+0
2024/10/13  09:33:48.415532	1.997733E+0
2024/10/13  09:33:48.415552	1.997733E+0
2024/10/13  09:33:48.415572	1.997733E+0
2024/10/13  09:33:48.415592	1.997733E+0
2024/10/13  09:33:48.415612	1.997733E+0
2024/10/13  09:33:48.415632	1.997733E+0
2024/10/13  09:33:48.415652	1.954987E+0
2024/10/13  09:33:48.415672	1.997733E+0
2024/10/13  09:33:48.415692	1.997733E+0
2024/10/13  09:33:48.415712	1.954987E+0
2024/10/13  09:33:48.415732	1.997733E+0
2024/10/13  09:33:48.415752	1.954987E+0
2024/10/13  09:33:48.415772	1.954987E+0
2024/10/13  09:33:48.415792	1.954987E+0
2024/10/13  09:33:48.415812	1.954987E+0
2024/10/13  09:33:48.415832	1.954987E+0
2024/10/13  09:33:48.415852	1.954987E+0
2024/10/13  09:33:48.415872	1.912241E+0
2024/10/13  09:33:48.415892	1.912241E+0
2024/10/13  09:33:48.415912	1.954987E+0
2024/10/13  09:33:48.415932	1.912241E+0
2024/10/13  09:33:48.415952	1.912241E+0
2024/10/13  09:33:48.415972	1.869494E+0
2024/10/13  09:33:48.415992	1.912241E+0
2024/10/13  09:33:48.416012	1.912241E+0
2024/10/13  09:33:48.416032	1.912241E+0
2024/10/13  09:33:48.416052	1.826748E+0
2024/10/13  09:33:48.416072	1.826748E+0
2024/10/13  09:33:48.416092	1.826748E+0
2024/10/13  09:33:48.416112	1.826748E+0
2024/10/13  09:33:48.416132	1.869494E+0
2024/10/13  09:33:48.416152	1.784002E+0
2024/10/13  09:33:48.416172	1.784002E+0
2024/10/13  09:33:48.416192	1.784002E+0
2024/10/13  09:33:48.416212	1.784002E+0
2024/10/13  09:33:48.416232	1.741256E+0
2024/10/13  09:33:48.416252	1.741256E+0
2024/10/13  09:33:48.416272	1.741256E+0
2024/10/13  09:33:48.416292	1.741256E+0
2024/10/13  09:33:48.416312	1.741256E+0
2024/10/13  09:33:48.416332	1.741256E+0
2024/10/13  09:33:48.416352	1.655763E+0
2024/10/13  09:33:48.416372	1.655763E+0
2024/10/13  09:33:48.416392	1.655763E+0
2024/10/13  09:33:48.416412	1.613017E+0
2024/10/13  09:33:48.416432	1.655763E+0
2024/10/13  09:33:48.416452	1.570270E+0
2024/10/13  09:33:48.416472	1.570270E+0
2024/10/13  09:33:48.416492	1.570270E+0
2024/10/13  09:33:48.416512	1.570270E+0
2024/10/13  09:33:48.416532	1.570270E+0
2024/10/13  09:33:48.416552	1.484778E+0
2024/10/13  09:33:48.416572	1.442031E+0
2024/10/13  09:33:48.416592	1.484778E+0
2024/10/13  09:33:48.416612	1.484778E+0
2024/10/13  09:33:48.416632	1.484778E+0
2024/10/13  09:33:48.416652	1.399285E+0
2024/10/13  09:33:48.416672	1.399285E+0
2024/10/13  09:33:48.416692	1.399285E+0
2024/10/13  09:33:48.416712	1.399285E+0
2024/10/13  09:33:48.416732	1.399285E+0
2024/10/13  09:33:48.416752	1.313792E+0
2024/10/13  09:33:48.416772	1.271046E+0
2024/10/13  09:33:48.416792	1.313792E+0
2024/10/13  09:33:48.416812	1.313792E+0
2024/10/13  09:33:48.416832	1.313792E+0
2024/10/13  09:33:48.416852	1.185554E+0
2024/10/13  09:33:48.416872	1.228300E+0
2024/10/13  09:33:48.416892	1.185554E+0
2024/10/13  09:33:48.416912	1.185554E+0
2024/10/13  09:33:48.416932	1.228300E+0
2024/10/13  09:33:48.416952	1.100061E+0
2024/10/13  09:33:48.416972	1.100061E+0
2024/10/13  09:33:48.416992	1.100061E+0
2024/10/13  09:33:48.417012	1.100061E+0
2024/10/13  09:33:48.417032	1.100061E+0
2024/10/13  09:33:48.417052	9.718221E-1
2024/10/13  09:33:48.417072	1.014568E+0
2024/10/13  09:33:48.417092	9.718221E-1
2024/10/13  09:33:48.417112	1.014568E+0
2024/10/13  09:33:48.417132	9.718221E-1
2024/10/13  09:33:48.417152	8.435832E-1
2024/10/13  09:33:48.417172	8.863295E-1
2024/10/13  09:33:48.417192	8.863295E-1
2024/10/13  09:33:48.417212	8.863295E-1
2024/10/13  09:33:48.417232	8.863295E-1
2024/10/13  09:33:48.417252	7.580906E-1
2024/10/13  09:33:48.417272	7.580906E-1
2024/10/13  09:33:48.417292	7.580906E-1
2024/10/13  09:33:48.417312	7.580906E-1
2024/10/13  09:33:48.417332	7.580906E-1
2024/10/13  09:33:48.417352	6.298517E-1
2024/10/13  09:33:48.417372	6.298517E-1
2024/10/13  09:33:48.417392	6.298517E-1
2024/10/13  09:33:48.417412	6.298517E-1
2024/10/13  09:33:48.417432	6.298517E-1
2024/10/13  09:33:48.417452	5.016128E-1
2024/10/13  09:33:48.417472	5.016128E-1
2024/10/13  09:33:48.417492	5.443591E-1
2024/10/13  09:33:48.417512	5.016128E-1
2024/10/13  09:33:48.417532	5.443591E-1
2024/10/13  09:33:48.417552	3.733739E-1
2024/10/13  09:33:48.417572	3.733739E-1
2024/10/13  09:33:48.417592	3.733739E-1
2024/10/13  09:33:48.417612	4.161202E-1
2024/10/13  09:33:48.417632	3.733739E-1
2024/10/13  09:33:48.417652	2.878813E-1
2024/10/13  09:33:48.417672	2.878813E-1
2024/10/13  09:33:48.417692	2.451350E-1
2024/10/13  09:33:48.417712	2.451350E-1
2024/10/13  09:33:48.417732	2.451350E-1
2024/10/13  09:33:48.417752	1.168960E-1
2024/10/13  09:33:48.417772	1.168960E-1
2024/10/13  09:33:48.417792	1.168960E-1
2024/10/13  09:33:48.417812	1.168960E-1
2024/10/13  09:33:48.417832	1.168960E-1
2024/10/13  09:33:48.417852	3.140344E-2
2024/10/13  09:33:48.417872	3.140344E-2
2024/10/13  09:33:48.417892	3.140344E-2
2024/10/13  09:33:48.417912	-1.134286E-2
2024/10/13  09:33:48.417932	3.140344E-2
2024/10/13  09:33:48.417952	-9.683546E-2
2024/10/13  09:33:48.417972	-9.683546E-2
2024/10/13  09:33:48.417992	-9.683546E-2
2024/10/13  09:33:48.418012	-5.408916E-2
2024/10/13  09:33:48.418032	-9.683546E-2
2024/10/13  09:33:48.418052	-2.250744E-1
2024/10/13  09:33:48.418072	-2.250744E-1
2024/10/13  09:33:48.418092	-2.250744E-1
2024/10/13  09:33:48.418112	-2.250744E-1
2024/10/13  09:33:48.418132	-2.250744E-1
2024/10/13  09:33:48.418152	-3.533133E-1
2024/10/13  09:33:48.418172	-3.533133E-1
2024/10/13  09:33:48.418192	-3.533133E-1
2024/10/13  09:33:48.418212	-3.533133E-1
2024/10/13  09:33:48.418232	-3.533133E-1
2024/10/13  09:33:48.418252	-4.815522E-1
2024/10/13  09:33:48.418272	-4.815522E-1
2024/10/13  09:33:48.418292	-4.815522E-1
2024/10/13  09:33:48.418312	-4.815522E-1
2024/10/13  09:33:48.418332	-4.815522E-1
2024/10/13  09:33:48.418352	-5.670448E-1
2024/10/13  09:33:48.418372	-6.097911E-1
2024/10/13  09:33:48.418392	-6.097911E-1
2024/10/13  09:33:48.418412	-6.097911E-1
2024/10/13  09:33:48.418432	-6.097911E-1
2024/10/13  09:33:48.418452	-7.380300E-1
2024/10/13  09:33:48.418472	-7.380300E-1
2024/10/13  09:33:48.418492	-7.380300E-1
2024/10/13  09:33:48.418512	-7.380300E-1
2024/10/13  09:33:48.418532	-7.380300E-1
2024/10/13  09:33:48.418552	-8.235226E-1
2024/10/13  09:33:48.418572	-8.235226E-1
2024/10/13  09:33:48.418592	-8.235226E-1
2024/10/13  09:33:48.418612	-8.235226E-1
2024/10/13  09:33:48.418632	-8.235226E-1
2024/10/13  09:33:48.418652	-9.517615E-1
2024/10/13  09:33:48.418672	-9.090152E-1
2024/10/13  09:33:48.418692	-9.517615E-1
2024/10/13  09:33:48.418712	-9.517615E-1
2024/10/13  09:33:48.418732	-9.517615E-1
2024/10/13  09:33:48.418752	-1.080000E+0
2024/10/13  09:33:48.418772	-1.080000E+0
2024/10/13  09:33:48.418792	-1.037254E+0
2024/10/13  09:33:48.418812	-1.037254E+0
2024/10/13  09:33:48.418832	-1.080000E+0
2024/10/13  09:33:48.418852	-1.165493E+0
2024/10/13  09:33:48.418872	-1.165493E+0
2024/10/13  09:33:48.418892	-1.165493E+0
2024/10/13  09:33:48.418912	-1.165493E+0
2024/10/13  09:33:48.418932	-1.165493E+0
2024/10/13  09:33:48.418952	-1.250986E+0
2024/10/13  09:33:48.418972	-1.250986E+0
2024/10/13  09:33:48.418992	-1.250986E+0
2024/10/13  09:33:48.419012	-1.293732E+0
2024/10/13  09:33:48.419032	-1.250986E+0
2024/10/13  09:33:48.419052	-1.336478E+0
2024/10/13  09:33:48.419072	-1.336478E+0
2024/10/13  09:33:48.419092	-1.336478E+0
2024/10/13  09:33:48.419112	-1.336478E+0
2024/10/13  09:33:48.419132	-1.336478E+0
2024/10/13  09:33:48.419152	-1.464717E+0
2024/10/13  09:33:48.419172	-1.464717E+0
2024/10/13  09:33:48.419192	-1.421971E+0
2024/10/13  09:33:48.419212	-1.421971E+0
2024/10/13  09:33:48.419232	-1.464717E+0
2024/10/13  09:33:48.419252	-1.550210E+0
2024/10/13  09:33:48.419272	-1.507463E+0
2024/10/13  09:33:48.419292	-1.507463E+0
2024/10/13  09:33:48.419312	-1.507463E+0
2024/10/13  09:33:48.419332	-1.507463E+0
2024/10/13  09:33:48.419352	-1.592956E+0
2024/10/13  09:33:48.419372	-1.592956E+0
2024/10/13  09:33:48.419392	-1.592956E+0
2024/10/13  09:33:48.419412	-1.592956E+0
2024/10/13  09:33:48.419432	-1.592956E+0
2024/10/13  09:33:48.419452	-1.678449E+0
2024/10/13  09:33:48.419472	-1.678449E+0
2024/10/13  09:33:48.419492	-1.678449E+0
2024/10/13  09:33:48.419512	-1.678449E+0
2024/10/13  09:33:48.419532	-1.678449E+0
2024/10/13  09:33:48.419552	-1.763941E+0
2024/10/13  09:33:48.419572	-1.763941E+0
2024/10/13  09:33:48.419592	-1.721195E+0
2024/10/13  09:33:48.419612	-1.721195E+0
2024/10/13  09:33:48.419632	-1.721195E+0
2024/10/13  09:33:48.419652	-1.806688E+0
2024/10/13  09:33:48.419672	-1.806688E+0
2024/10/13  09:33:48.419692	-1.806688E+0
2024/10/13  09:33:48.419712	-1.806688E+0
2024/10/13  09:33:48.419732	-1.806688E+0
2024/10/13  09:33:48.419752	-1.849434E+0
2024/10/13  09:33:48.419772	-1.849434E+0
2024/10/13  09:33:48.419792	-1.849434E+0
2024/10/13  09:33:48.419812	-1.849434E+0
2024/10/13  09:33:48.419832	-1.849434E+0
2024/10/13  09:33:48.419852	-1.892180E+0
2024/10/13  09:33:48.419872	-1.849434E+0
2024/10/13  09:33:48.419892	-1.892180E+0
2024/10/13  09:33:48.419912	-1.849434E+0
2024/10/13  09:33:48.419932	-1.849434E+0
2024/10/13  09:33:48.419952	-1.934926E+0
2024/10/13  09:33:48.419972	-1.934926E+0
2024/10/13  09:33:48.419992	-1.892180E+0
2024/10/13  09:33:48.420012	-1.934926E+0
2024/10/13  09:33:48.420032	-1.934926E+0
2024/10/13  09:33:48.420052	-1.977673E+0
2024/10/13  09:33:48.420072	-1.934926E+0
2024/10/13  09:33:48.420092	-1.934926E+0
2024/10/13  09:33:48.420112	-1.977673E+0
2024/10/13  09:33:48.420132	-1.934926E+0
2024/10/13  09:33:48.420152	-1.977673E+0
2024/10/13  09:33:48.420172	-1.977673E+0
2024/10/13  09:33:48.420192	-1.977673E+0
2024/10/13  09:33:48.420212	-1.977673E+0
2024/10/13  09:33:48.420232	-1.977673E+0
2024/10/13  09:33:48.420252	-1.977673E+0
2024/10/13  09:33:48.420272	-2.020419E+0
2024/10/13  09:33:48.420292	-1.977673E+0
2024/10/13  09:33:48.420312	-1.977673E+0
2024/10/13  09:33:48.420332	-2.020419E+0
2024/10/13  09:33:48.420352	-1.977673E+0
2024/10/13  09:33:48.420372	-1.977673E+0
2024/10/13  09:33:48.420392	-1.977673E+0
2024/10/13  09:33:48.420412	-1.977673E+0
2024/10/13  09:33:48.420432	-1.977673E+0
2024/10/13  09:33:48.420452	-1.977673E+0
2024/10/13  09:33:48.420472	-1.977673E+0
2024/10/13  09:33:48.420492	-1.977673E+0
2024/10/13  09:33:48.420512	-1.977673E+0
2024/10/13  09:33:48.420532	-1.977673E+0
2024/10/13  09:33:48.420552	-1.977673E+0
2024/10/13  09:33:48.420572	-1.977673E+0
2024/10/13  09:33:48.420592	-1.977673E+0
2024/10/13  09:33:48.420612	-1.977673E+0
2024/10/13  09:33:48.420632	-1.977673E+0
2024/10/13  09:33:48.420652	-1.977673E+0
2024/10/13  09:33:48.420672	-1.934926E+0
2024/10/13  09:33:48.420692	-1.934926E+0
2024/10/13  09:33:48.420712	-1.934926E+0
2024/10/13  09:33:48.420732	-1.934926E+0
2024/10/13  09:33:48.420752	-1.934926E+0
2024/10/13  09:33:48.420772	-1.892180E+0
2024/10/13  09:33:48.420792	-1.934926E+0
2024/10/13  09:33:48.420812	-1.934926E+0
2024/10/13  09:33:48.420832	-1.934926E+0
2024/10/13  09:33:48.420852	-1.849434E+0
2024/10/13  09:33:48.420872	-1.934926E+0
2024/10/13  09:33:48.420892	-1.849434E+0
2024/10/13  09:33:48.420912	-1.849434E+0
2024/10/13  09:33:48.420932	-1.849434E+0
2024/10/13  09:33:48.420952	-1.806688E+0
2024/10/13  09:33:48.420972	-1.849434E+0
2024/10/13  09:33:48.420992	-1.849434E+0
2024/10/13  09:33:48.421012	-1.849434E+0
2024/10/13  09:33:48.421032	-1.849434E+0
2024/10/13  09:33:48.421052	-1.806688E+0
2024/10/13  09:33:48.421072	-1.806688E+0
2024/10/13  09:33:48.421092	-1.806688E+0
2024/10/13  09:33:48.421112	-1.763941E+0
2024/10/13  09:33:48.421132	-1.806688E+0
2024/10/13  09:33:48.421152	-1.721195E+0
2024/10/13  09:33:48.421172	-1.721195E+0
2024/10/13  09:33:48.421192	-1.763941E+0
2024/10/13  09:33:48.421212	-1.721195E+0
2024/10/13  09:33:48.421232	-1.763941E+0
2024/10/13  09:33:48.421252	-1.678449E+0
2024/10/13  09:33:48.421272	-1.678449E+0
2024/10/13  09:33:48.421292	-1.635702E+0
2024/10/13  09:33:48.421312	-1.635702E+0
2024/10/13  09:33:48.421332	-1.678449E+0
2024/10/13  09:33:48.421352	-1.592956E+0
2024/10/13  09:33:48.421372	-1.592956E+0
2024/10/13  09:33:48.421392	-1.592956E+0
2024/10/13  09:33:48.421412	-1.592956E+0
2024/10/13  09:33:48.421432	-1.592956E+0
2024/10/13  09:33:48.421452	-1.550210E+0
2024/10/13  09:33:48.421472	-1.507463E+0
2024/10/13  09:33:48.421492	-1.507463E+0
2024/10/13  09:33:48.421512	-1.507463E+0
2024/10/13  09:33:48.421532	-1.507463E+0
2024/10/13  09:33:48.421552	-1.421971E+0
2024/10/13  09:33:48.421572	-1.464717E+0
2024/10/13  09:33:48.421592	-1.421971E+0
2024/10/13  09:33:48.421612	-1.464717E+0
2024/10/13  09:33:48.421632	-1.464717E+0
2024/10/13  09:33:48.421652	-1.379225E+0
2024/10/13  09:33:48.421672	-1.336478E+0
2024/10/13  09:33:48.421692	-1.379225E+0
2024/10/13  09:33:48.421712	-1.336478E+0
2024/10/13  09:33:48.421732	-1.336478E+0
2024/10/13  09:33:48.421752	-1.250986E+0
2024/10/13  09:33:48.421772	-1.250986E+0
2024/10/13  09:33:48.421792	-1.250986E+0
2024/10/13  09:33:48.421812	-1.293732E+0
2024/10/13  09:33:48.421832	-1.250986E+0
2024/10/13  09:33:48.421852	-1.122747E+0
2024/10/13  09:33:48.421872	-1.165493E+0
2024/10/13  09:33:48.421892	-1.165493E+0
2024/10/13  09:33:48.421912	-1.122747E+0
2024/10/13  09:33:48.421932	-1.165493E+0
2024/10/13  09:33:48.421952	-1.037254E+0
2024/10/13  09:33:48.421972	-1.037254E+0
2024/10/13  09:33:48.421992	-1.080000E+0
2024/10/13  09:33:48.422012	-1.080000E+0
2024/10/13  09:33:48.422032	-1.080000E+0
2024/10/13  09:33:48.422052	-9.517615E-1
2024/10/13  09:33:48.422072	-9.090152E-1
2024/10/13  09:33:48.422092	-9.517615E-1
2024/10/13  09:33:48.422112	-9.517615E-1
2024/10/13  09:33:48.422132	-9.517615E-1
2024/10/13  09:33:48.422152	-8.235226E-1
2024/10/13  09:33:48.422172	-8.235226E-1
2024/10/13  09:33:48.422192	-8.235226E-1
2024/10/13  09:33:48.422212	-8.235226E-1
2024/10/13  09:33:48.422232	-8.235226E-1
2024/10/13  09:33:48.422252	-6.952837E-1
2024/10/13  09:33:48.422272	-7.380300E-1
2024/10/13  09:33:48.422292	-7.380300E-1
2024/10/13  09:33:48.422312	-7.380300E-1
2024/10/13  09:33:48.422332	-7.380300E-1
2024/10/13  09:33:48.422352	-6.097911E-1
2024/10/13  09:33:48.422372	-6.097911E-1
2024/10/13  09:33:48.422392	-6.097911E-1
2024/10/13  09:33:48.422412	-6.097911E-1
2024/10/13  09:33:48.422432	-6.097911E-1
2024/10/13  09:33:48.422452	-4.815522E-1
2024/10/13  09:33:48.422472	-4.815522E-1
2024/10/13  09:33:48.422492	-4.388059E-1
2024/10/13  09:33:48.422512	-4.815522E-1
2024/10/13  09:33:48.422532	-4.815522E-1
2024/10/13  09:33:48.422552	-3.533133E-1
2024/10/13  09:33:48.422572	-3.533133E-1
2024/10/13  09:33:48.422592	-3.533133E-1
2024/10/13  09:33:48.422612	-3.533133E-1
2024/10/13  09:33:48.422632	-3.533133E-1
2024/10/13  09:33:48.422652	-2.250744E-1
2024/10/13  09:33:48.422672	-2.250744E-1
2024/10/13  09:33:48.422692	-2.250744E-1
2024/10/13  09:33:48.422712	-2.250744E-1
2024/10/13  09:33:48.422732	-2.250744E-1
2024/10/13  09:33:48.422752	-9.683546E-2
2024/10/13  09:33:48.422772	-9.683546E-2
2024/10/13  09:33:48.422792	-9.683546E-2
2024/10/13  09:33:48.422812	-9.683546E-2
2024/10/13  09:33:48.422832	-9.683546E-2
2024/10/13  09:33:48.422852	3.140344E-2
2024/10/13  09:33:48.422872	-1.134286E-2
2024/10/13  09:33:48.422892	3.140344E-2
2024/10/13  09:33:48.422912	3.140344E-2
2024/10/13  09:33:48.422932	3.140344E-2
2024/10/13  09:33:48.422952	1.168960E-1
2024/10/13  09:33:48.422972	1.168960E-1
2024/10/13  09:33:48.422992	1.168960E-1
2024/10/13  09:33:48.423012	1.596423E-1
2024/10/13  09:33:48.423032	1.168960E-1
2024/10/13  09:33:48.423052	2.878813E-1
2024/10/13  09:33:48.423072	2.451350E-1
2024/10/13  09:33:48.423092	2.878813E-1
2024/10/13  09:33:48.423112	2.878813E-1
2024/10/13  09:33:48.423132	2.451350E-1
2024/10/13  09:33:48.423152	4.161202E-1
2024/10/13  09:33:48.423172	3.733739E-1
2024/10/13  09:33:48.423192	3.733739E-1
2024/10/13  09:33:48.423212	3.733739E-1
2024/10/13  09:33:48.423232	3.733739E-1
2024/10/13  09:33:48.423252	5.443591E-1
2024/10/13  09:33:48.423272	5.016128E-1
2024/10/13  09:33:48.423292	5.443591E-1
2024/10/13  09:33:48.423312	5.016128E-1
2024/10/13  09:33:48.423332	5.443591E-1
2024/10/13  09:33:48.423352	6.298517E-1
2024/10/13  09:33:48.423372	6.298517E-1
2024/10/13  09:33:48.423392	6.298517E-1
2024/10/13  09:33:48.423412	6.298517E-1
2024/10/13  09:33:48.423432	6.298517E-1
2024/10/13  09:33:48.423452	7.580906E-1
2024/10/13  09:33:48.423472	7.580906E-1
2024/10/13  09:33:48.423492	7.580906E-1
2024/10/13  09:33:48.423512	7.580906E-1
2024/10/13  09:33:48.423532	7.580906E-1
2024/10/13  09:33:48.423552	8.863295E-1
2024/10/13  09:33:48.423572	8.863295E-1
2024/10/13  09:33:48.423592	8.863295E-1
2024/10/13  09:33:48.423612	8.863295E-1
2024/10/13  09:33:48.423632	8.863295E-1
2024/10/13  09:33:48.423652	9.718221E-1
2024/10/13  09:33:48.423672	9.718221E-1
2024/10/13  09:33:48.423692	9.718221E-1
2024/10/13  09:33:48.423712	9.718221E-1
2024/10/13  09:33:48.423732	9.718221E-1
2024/10/13  09:33:48.423752	1.100061E+0
2024/10/13  09:33:48.423772	1.100061E+0
2024/10/13  09:33:48.423792	1.100061E+0
2024/10/13  09:33:48.423812	1.100061E+0
2024/10/13  09:33:48.423832	1.100061E+0
2024/10/13  09:33:48.423852	1.228300E+0
2024/10/13  09:33:48.423872	1.228300E+0
2024/10/13  09:33:48.423892	1.228300E+0
2024/10/13  09:33:48.423912	1.228300E+0
2024/10/13  09:33:48.423932	1.185554E+0
2024/10/13  09:33:48.423952	1.313792E+0
2024/10/13  09:33:48.423972	1.313792E+0
2024/10/13  09:33:48.423992	1.271046E+0
2024/10/13  09:33:48.424012	1.313792E+0
2024/10/13  09:33:48.424032	1.313792E+0
2024/10/13  09:33:48.424052	1.399285E+0
2024/10/13  09:33:48.424072	1.399285E+0
2024/10/13  09:33:48.424092	1.399285E+0
2024/10/13  09:33:48.424112	1.399285E+0
2024/10/13  09:33:48.424132	1.399285E+0
2024/10/13  09:33:48.424152	1.484778E+0
2024/10/13  09:33:48.424172	1.484778E+0
2024/10/13  09:33:48.424192	1.484778E+0
2024/10/13  09:33:48.424212	1.484778E+0
2024/10/13  09:33:48.424232	1.484778E+0
2024/10/13  09:33:48.424252	1.570270E+0
2024/10/13  09:33:48.424272	1.570270E+0
2024/10/13  09:33:48.424292	1.570270E+0
2024/10/13  09:33:48.424312	1.570270E+0
2024/10/13  09:33:48.424332	1.570270E+0
2024/10/13  09:33:48.424352	1.655763E+0
2024/10/13  09:33:48.424372	1.655763E+0
2024/10/13  09:33:48.424392	1.655763E+0
2024/10/13  09:33:48.424412	1.655763E+0
2024/10/13  09:33:48.424432	1.655763E+0
2024/10/13  09:33:48.424452	1.698509E+0
2024/10/13  09:33:48.424472	1.698509E+0
2024/10/13  09:33:48.424492	1.741256E+0
2024/10/13  09:33:48.424512	1.741256E+0
2024/10/13  09:33:48.424532	1.698509E+0
2024/10/13  09:33:48.424552	1.784002E+0
2024/10/13  09:33:48.424572	1.784002E+0
2024/10/13  09:33:48.424592	1.784002E+0
2024/10/13  09:33:48.424612	1.784002E+0
2024/10/13  09:33:48.424632	1.784002E+0
2024/10/13  09:33:48.424652	1.826748E+0
2024/10/13  09:33:48.424672	1.869494E+0
2024/10/13  09:33:48.424692	1.826748E+0
2024/10/13  09:33:48.424712	1.826748E+0
2024/10/13  09:33:48.424732	1.826748E+0
2024/10/13  09:33:48.424752	1.912241E+0
2024/10/13  09:33:48.424772	1.912241E+0
2024/10/13  09:33:48.424792	1.912241E+0
2024/10/13  09:33:48.424812	1.912241E+0
2024/10/13  09:33:48.424832	1.912241E+0
2024/10/13  09:33:48.424852	1.912241E+0
2024/10/13  09:33:48.424872	1.954987E+0
2024/10/13  09:33:48.424892	1.912241E+0
2024/10/13  09:33:48.424912	1.954987E+0
2024/10/13  09:33:48.424932	1.912241E+0
2024/10/13  09:33:48.424952	1.997733E+0
2024/10/13  09:33:48.424972	1.954987E+0
2024/10/13  09:33:48.424992	1.954987E+0
2024/10/13  09:33:48.425012	1.954987E+0
2024/10/13  09:33:48.425032	1.954987E+0
2024/10/13  09:33:48.425052	1.997733E+0
2024/10/13  09:33:48.425072	1.997733E+0
2024/10/13  09:33:48.425092	1.997733E+0
2024/10/13  09:33:48.425112	1.997733E+0
2024/10/13  09:33:48.425132	1.997733E+0
2024/10/13  09:33:48.425152	1.997733E+0
2024/10/13  09:33:48.425172	1.997733E+0
2024/10/13  09:33:48.425192	1.997733E+0
2024/10/13  09:33:48.425212	1.997733E+0
2024/10/13  09:33:48.425232	1.997733E+0
2024/10/13  09:33:48.425252	1.997733E+0
2024/10/13  09:33:48.425272	2.040480E+0
2024/10/13  09:33:48.425292	1.997733E+0
2024/10/13  09:33:48.425312	2.040480E+0
2024/10/13  09:33:48.425332	1.997733E+0
2024/10/13  09:33:48.425352	1.997733E+0
2024/10/13  09:33:48.425372	2.040480E+0
2024/10/13  09:33:48.425392	2.040480E+0
2024/10/13  09:33:48.425412	1.997733E+0
2024/10/13  09:33:48.425432	1.997733E+0
2024/10/13  09:33:48.425452	1.997733E+0
2024/10/13  09:33:48.425472	2.040480E+0
2024/10/13  09:33:48.425492	1.997733E+0
2024/10/13  09:33:48.425512	1.997733E+0
2024/10/13  09:33:48.425532	2.040480E+0
2024/10/13  09:33:48.425552	1.997733E+0
2024/10/13  09:33:48.425572	1.997733E+0
2024/10/13  09:33:48.425592	1.997733E+0
2024/10/13  09:33:48.425612	1.997733E+0
2024/10/13  09:33:48.425632	1.997733E+0
2024/10/13  09:33:48.425652	1.997733E+0
2024/10/13  09:33:48.425672	1.954987E+0
2024/10/13  09:33:48.425692	1.954987E+0
2024/10/13  09:33:48.425712	1.954987E+0
2024/10/13  09:33:48.425732	1.997733E+0
2024/10/13  09:33:48.425752	1.954987E+0
2024/10/13  09:33:48.425772	1.954987E+0
2024/10/13  09:33:48.425792	1.954987E+0
2024/10/13  09:33:48.425812	1.954987E+0
2024/10/13  09:33:48.425832	1.954987E+0
2024/10/13  09:33:48.425852	1.912241E+0
2024/10/13  09:33:48.425872	1.912241E+0
2024/10/13  09:33:48.425892	1.912241E+0
2024/10/13  09:33:48.425912	1.912241E+0
2024/10/13  09:33:48.425932	1.912241E+0
2024/10/13  09:33:48.425952	1.869494E+0
2024/10/13  09:33:48.425972	1.912241E+0
2024/10/13  09:33:48.425992	1.912241E+0
2024/10/13  09:33:48.426012	1.912241E+0
2024/10/13  09:33:48.426032	1.869494E+0
2024/10/13  09:33:48.426052	1.826748E+0
2024/10/13  09:33:48.426072	1.826748E+0
2024/10/13  09:33:48.426092	1.826748E+0
2024/10/13  09:33:48.426112	1.826748E+0
2024/10/13  09:33:48.426132	1.826748E+0
2024/10/13  09:33:48.426152	1.784002E+0
2024/10/13  09:33:48.426172	1.784002E+0
2024/10/13  09:33:48.426192	1.784002E+0
2024/10/13  09:33:48.426212	1.784002E+0
2024/10/13  09:33:48.426232	1.784002E+0
2024/10/13  09:33:48.426252	1.741256E+0
2024/10/13  09:33:48.426272	1.698509E+0
2024/10/13  09:33:48.426292	1.741256E+0
2024/10/13  09:33:48.426312	1.698509E+0
2024/10/13  09:33:48.426332	1.698509E+0
2024/10/13  09:33:48.426352	1.655763E+0
2024/10/13  09:33:48.426372	1.655763E+0
2024/10/13  09:33:48.426392	1.655763E+0
2024/10/13  09:33:48.426412	1.613017E+0
2024/10/13  09:33:48.426432	1.655763E+0
2024/10/13  09:33:48.426452	1.570270E+0
2024/10/13  09:33:48.426472	1.570270E+0
2024/10/13  09:33:48.426492	1.570270E+0
2024/10/13  09:33:48.426512	1.570270E+0
2024/10/13  09:33:48.426532	1.570270E+0
2024/10/13  09:33:48.426552	1.484778E+0
2024/10/13  09:33:48.426572	1.484778E+0
2024/10/13  09:33:48.426592	1.484778E+0
2024/10/13  09:33:48.426612	1.442031E+0
2024/10/13  09:33:48.426632	1.484778E+0
2024/10/13  09:33:48.426652	1.399285E+0
2024/10/13  09:33:48.426672	1.399285E+0
2024/10/13  09:33:48.426692	1.399285E+0
2024/10/13  09:33:48.426712	1.399285E+0
2024/10/13  09:33:48.426732	1.399285E+0
2024/10/13  09:33:48.426752	1.313792E+0
2024/10/13  09:33:48.426772	1.271046E+0
2024/10/13  09:33:48.426792	1.313792E+0
2024/10/13  09:33:48.426812	1.271046E+0
2024/10/13  09:33:48.426832	1.271046E+0
2024/10/13  09:33:48.426852	1.228300E+0
2024/10/13  09:33:48.426872	1.228300E+0
2024/10/13  09:33:48.426892	1.185554E+0
2024/10/13  09:33:48.426912	1.228300E+0
2024/10/13  09:33:48.426932	1.228300E+0
2024/10/13  09:33:48.426952	1.100061E+0
2024/10/13  09:33:48.426972	1.100061E+0
2024/10/13  09:33:48.426992	1.100061E+0
2024/10/13  09:33:48.427012	1.100061E+0
2024/10/13  09:33:48.427032	1.057315E+0
2024/10/13  09:33:48.427052	9.718221E-1
2024/10/13  09:33:48.427072	9.718221E-1
2024/10/13  09:33:48.427092	9.718221E-1
2024/10/13  09:33:48.427112	9.718221E-1
2024/10/13  09:33:48.427132	1.014568E+0
2024/10/13  09:33:48.427152	8.863295E-1
2024/10/13  09:33:48.427172	9.290758E-1
2024/10/13  09:33:48.427192	8.863295E-1
2024/10/13  09:33:48.427212	8.863295E-1
2024/10/13  09:33:48.427232	8.863295E-1
2024/10/13  09:33:48.427252	7.580906E-1
2024/10/13  09:33:48.427272	7.580906E-1
2024/10/13  09:33:48.427292	7.580906E-1
2024/10/13  09:33:48.427312	7.580906E-1
2024/10/13  09:33:48.427332	7.580906E-1
2024/10/13  09:33:48.427352	6.298517E-1
2024/10/13  09:33:48.427372	6.298517E-1
2024/10/13  09:33:48.427392	6.298517E-1
2024/10/13  09:33:48.427412	6.298517E-1
2024/10/13  09:33:48.427432	6.298517E-1
2024/10/13  09:33:48.427452	5.016128E-1
2024/10/13  09:33:48.427472	5.016128E-1
2024/10/13  09:33:48.427492	5.443591E-1
2024/10/13  09:33:48.427512	5.016128E-1
2024/10/13  09:33:48.427532	5.016128E-1
2024/10/13  09:33:48.427552	3.733739E-1
2024/10/13  09:33:48.427572	3.733739E-1
2024/10/13  09:33:48.427592	3.733739E-1
2024/10/13  09:33:48.427612	4.161202E-1
2024/10/13  09:33:48.427632	3.733739E-1
2024/10/13  09:33:48.427652	2.878813E-1
2024/10/13  09:33:48.427672	2.451350E-1
2024/10/13  09:33:48.427692	2.878813E-1
2024/10/13  09:33:48.427712	2.451350E-1
2024/10/13  09:33:48.427732	2.878813E-1
2024/10/13  09:33:48.427752	1.168960E-1
2024/10/13  09:33:48.427772	1.596423E-1
2024/10/13  09:33:48.427792	1.168960E-1
2024/10/13  09:33:48.427812	1.168960E-1
2024/10/13  09:33:48.427832	1.168960E-1
2024/10/13  09:33:48.427852	3.140344E-2
2024/10/13  09:33:48.427872	3.140344E-2
2024/10/13  09:33:48.427892	3.140344E-2
2024/10/13  09:33:48.427912	3.140344E-2
2024/10/13  09:33:48.427932	-1.134286E-2
2024/10/13  09:33:48.427952	-1.395818E-1
2024/10/13  09:33:48.427972	-1.395818E-1
2024/10/13  09:33:48.427992	-1.395818E-1
2024/10/13  09:33:48.428012	-9.683546E-2
2024/10/13  09:33:48.428032	-9.683546E-2
2024/10/13  09:33:48.428052	-2.250744E-1
2024/10/13  09:33:48.428072	-2.678207E-1
2024/10/13  09:33:48.428092	-2.250744E-1
2024/10/13  09:33:48.428112	-2.250744E-1
2024/10/13  09:33:48.428132	-2.250744E-1
2024/10/13  09:33:48.428152	-3.533133E-1
2024/10/13  09:33:48.428172	-3.533133E-1
2024/10/13  09:33:48.428192	-3.533133E-1
2024/10/13  09:33:48.428212	-3.960596E-1
2024/10/13  09:33:48.428232	-3.533133E-1
2024/10/13  09:33:48.428252	-4.815522E-1
2024/10/13  09:33:48.428272	-4.815522E-1
2024/10/13  09:33:48.428292	-4.815522E-1
2024/10/13  09:33:48.428312	-4.815522E-1
2024/10/13  09:33:48.428332	-4.815522E-1
2024/10/13  09:33:48.428352	-6.097911E-1
2024/10/13  09:33:48.428372	-6.097911E-1
2024/10/13  09:33:48.428392	-6.097911E-1
2024/10/13  09:33:48.428412	-5.670448E-1
2024/10/13  09:33:48.428432	-5.670448E-1
2024/10/13  09:33:48.428452	-7.380300E-1
2024/10/13  09:33:48.428472	-7.380300E-1
2024/10/13  09:33:48.428492	-7.380300E-1
2024/10/13  09:33:48.428512	-7.380300E-1
2024/10/13  09:33:48.428532	-7.380300E-1
2024/10/13  09:33:48.428552	-8.235226E-1
2024/10/13  09:33:48.428572	-8.235226E-1
2024/10/13  09:33:48.428592	-8.235226E-1
2024/10/13  09:33:48.428612	-8.235226E-1
2024/10/13  09:33:48.428632	-8.235226E-1
2024/10/13  09:33:48.428652	-9.090152E-1
2024/10/13  09:33:48.428672	-9.517615E-1
2024/10/13  09:33:48.428692	-9.517615E-1
2024/10/13  09:33:48.428712	-9.517615E-1
2024/10/13  09:33:48.428732	-9.517615E-1
2024/10/13  09:33:48.428752	-1.080000E+0
2024/10/13  09:33:48.428772	-1.080000E+0
2024/10/13  09:33:48.428792	-1.080000E+0
2024/10/13  09:33:48.428812	-1.037254E+0
2024/10/13  09:33:48.428832	-1.080000E+0
2024/10/13  09:33:48.428852	-1.165493E+0
2024/10/13  09:33:48.428872	-1.122747E+0
2024/10/13  09:33:48.428892	-1.165493E+0
2024/10/13  09:33:48.428912	-1.165493E+0
2024/10/13  09:33:48.428932	-1.165493E+0
2024/10/13  09:33:48.428952	-1.250986E+0
2024/10/13  09:33:48.428972	-1.250986E+0
2024/10/13  09:33:48.428992	-1.250986E+0
2024/10/13  09:33:48.429012	-1.293732E+0
2024/10/13  09:33:48.429032	-1.250986E+0
2024/10/13  09:33:48.429052	-1.336478E+0
2024/10/13  09:33:48.429072	-1.379225E+0
2024/10/13  09:33:48.429092	-1.336478E+0
2024/10/13  09:33:48.429112	-1.336478E+0
2024/10/13  09:33:48.429132	-1.379225E+0
2024/10/13  09:33:48.429152	-1.421971E+0
2024/10/13  09:33:48.429172	-1.464717E+0
2024/10/13  09:33:48.429192	-1.464717E+0
2024/10/13  09:33:48.429212	-1.421971E+0
2024/10/13  09:33:48.429232	-1.421971E+0
2024/10/13  09:33:48.429252	-1.507463E+0
2024/10/13  09:33:48.429272	-1.507463E+0
2024/10/13  09:33:48.429292	-1.507463E+0
2024/10/13  09:33:48.429312	-1.507463E+0
2024/10/13  09:33:48.429332	-1.507463E+0
2024/10/13  09:33:48.429352	-1.592956E+0
2024/10/13  09:33:48.429372	-1.635702E+0
2024/10/13  09:33:48.429392	-1.592956E+0
2024/10/13  09:33:48.429412	-1.635702E+0
2024/10/13  09:33:48.429432	-1.592956E+0
2024/10/13  09:33:48.429452	-1.635702E+0
2024/10/13  09:33:48.429472	-1.678449E+0
2024/10/13  09:33:48.429492	-1.678449E+0
2024/10/13  09:33:48.429512	-1.678449E+0
2024/10/13  09:33:48.429532	-1.678449E+0
2024/10/13  09:33:48.429552	-1.763941E+0
2024/10/13  09:33:48.429572	-1.721195E+0
2024/10/13  09:33:48.429592	-1.721195E+0
2024/10/13  09:33:48.429612	-1.721195E+0
2024/10/13  09:33:48.429632	-1.721195E+0
2024/10/13  09:33:48.429652	-1.763941E+0
2024/10/13  09:33:48.429672	-1.806688E+0
2024/10/13  09:33:48.429692	-1.806688E+0
2024/10/13  09:33:48.429712	-1.806688E+0
2024/10/13  09:33:48.429732	-1.763941E+0
2024/10/13  09:33:48.429752	-1.806688E+0
2024/10/13  09:33:48.429772	-1.849434E+0
2024/10/13  09:33:48.429792	-1.849434E+0
2024/10/13  09:33:48.429812	-1.806688E+0
2024/10/13  09:33:48.429832	-1.849434E+0
2024/10/13  09:33:48.429852	-1.892180E+0
2024/10/13  09:33:48.429872	-1.849434E+0
2024/10/13  09:33:48.429892	-1.892180E+0
2024/10/13  09:33:48.429912	-1.892180E+0
2024/10/13  09:33:48.429932	-1.849434E+0
2024/10/13  09:33:48.429952	-1.934926E+0
2024/10/13  09:33:48.429972	-1.934926E+0
2024/10/13  09:33:48.429992	-1.934926E+0
2024/10/13  09:33:48.430012	-1.934926E+0
2024/10/13  09:33:48.430032	-1.934926E+0
2024/10/13  09:33:48.430052	-1.977673E+0
2024/10/13  09:33:48.430072	-1.934926E+0
2024/10/13  09:33:48.430092	-1.934926E+0
2024/10/13  09:33:48.430112	-1.934926E+0
2024/10/13  09:33:48.430132	-1.977673E+0
2024/10/13  09:33:48.430152	-1.934926E+0
2024/10/13  09:33:48.430172	-1.977673E+0
2024/10/13  09:33:48.430192	-1.977673E+0
2024/10/13  09:33:48.430212	-1.977673E+0
2024/10/13  09:33:48.430232	-1.934926E+0
2024/10/13  09:33:48.430252	-1.977673E+0
2024/10/13  09:33:48.430272	-1.977673E+0
2024/10/13  09:33:48.430292	-1.977673E+0
2024/10/13  09:33:48.430312	-1.977673E+0
2024/10/13  09:33:48.430332	-1.977673E+0
2024/10/13  09:33:48.430352	-1.977673E+0
2024/10/13  09:33:48.430372	-2.020419E+0
2024/10/13  09:33:48.430392	-1.977673E+0
2024/10/13  09:33:48.430412	-1.977673E+0
2024/10/13  09:33:48.430432	-1.977673E+0
2024/10/13  09:33:48.430452	-1.977673E+0
2024/10/13  09:33:48.430472	-1.977673E+0
2024/10/13  09:33:48.430492	-1.977673E+0
2024/10/13  09:33:48.430512	-1.977673E+0
2024/10/13  09:33:48.430532	-2.020419E+0
2024/10/13  09:33:48.430552	-1.977673E+0
2024/10/13  09:33:48.430572	-1.977673E+0
2024/10/13  09:33:48.430592	-1.934926E+0
2024/10/13  09:33:48.430612	-1.977673E+0
2024/10/13  09:33:48.430632	-1.934926E+0
2024/10/13  09:33:48.430652	-1.977673E+0
2024/10/13  09:33:48.430672	-1.934926E+0
2024/10/13  09:33:48.430692	-1.977673E+0
2024/10/13  09:33:48.430712	-1.934926E+0
2024/10/13  09:33:48.430732	-1.934926E+0
2024/10/13  09:33:48.430752	-1.934926E+0
2024/10/13  09:33:48.430772	-1.934926E+0
2024/10/13  09:33:48.430792	-1.934926E+0
2024/10/13  09:33:48.430812	-1.934926E+0
2024/10/13  09:33:48.430832	-1.892180E+0
2024/10/13  09:33:48.430852	-1.892180E+0
2024/10/13  09:33:48.430872	-1.892180E+0
2024/10/13  09:33:48.430892	-1.849434E+0
2024/10/13  09:33:48.430912	-1.849434E+0
2024/10/13  09:33:48.430932	-1.849434E+0
2024/10/13  09:33:48.430952	-1.806688E+0
2024/10/13  09:33:48.430972	-1.806688E+0
2024/10/13  09:33:48.430992	-1.849434E+0
2024/10/13  09:33:48.431012	-1.806688E+0
2024/10/13  09:33:48.431032	-1.849434E+0
2024/10/13  09:33:48.431052	-1.763941E+0
2024/10/13  09:33:48.431072	-1.763941E+0
2024/10/13  09:33:48.431092	-1.763941E+0
2024/10/13  09:33:48.431112	-1.763941E+0
2024/10/13  09:33:48.431132	-1.763941E+0
2024/10/13  09:33:48.431152	-1.721195E+0
2024/10/13  09:33:48.431172	-1.721195E+0
2024/10/13  09:33:48.431192	-1.721195E+0
2024/10/13  09:33:48.431212	-1.721195E+0
2024/10/13  09:33:48.431232	-1.763941E+0
2024/10/13  09:33:48.431252	-1.678449E+0
2024/10/13  09:33:48.431272	-1.678449E+0
2024/10/13  09:33:48.431292	-1.678449E+0
2024/10/13  09:33:48.431312	-1.678449E+0
2024/10/13  09:33:48.431332	-1.635702E+0
2024/10/13  09:33:48.431352	-1.592956E+0
2024/10/13  09:33:48.431372	-1.592956E+0
2024/10/13  09:33:48.431392	-1.592956E+0
2024/10/13  09:33:48.431412	-1.592956E+0
2024/10/13  09:33:48.431432	-1.635702E+0
2024/10/13  09:33:48.431452	-1.550210E+0
2024/10/13  09:33:48.431472	-1.507463E+0
2024/10/13  09:33:48.431492	-1.507463E+0
2024/10/13  09:33:48.431512	-1.507463E+0
2024/10/13  09:33:48.431532	-1.507463E+0
2024/10/13  09:33:48.431552	-1.464717E+0
2024/10/13  09:33:48.431572	-1.421971E+0
2024/10/13  09:33:48.431592	-1.421971E+0
2024/10/13  09:33:48.431612	-1.421971E+0
2024/10/13  09:33:48.431632	-1.421971E+0
2024/10/13  09:33:48.431652	-1.336478E+0
2024/10/13  09:33:48.431672	-1.336478E+0
2024/10/13  09:33:48.431692	-1.336478E+0
2024/10/13  09:33:48.431712	-1.336478E+0
2024/10/13  09:33:48.431732	-1.336478E+0
2024/10/13  09:33:48.431752	-1.293732E+0
2024/10/13  09:33:48.431772	-1.250986E+0
2024/10/13  09:33:48.431792	-1.250986E+0
2024/10/13  09:33:48.431812	-1.250986E+0
2024/10/13  09:33:48.431832	-1.250986E+0
2024/10/13  09:33:48.431852	-1.122747E+0
2024/10/13  09:33:48.431872	-1.165493E+0
2024/10/13  09:33:48.431892	-1.122747E+0
2024/10/13  09:33:48.431912	-1.122747E+0
2024/10/13  09:33:48.431932	-1.165493E+0
2024/10/13  09:33:48.431952	-1.037254E+0
2024/10/13  09:33:48.431972	-1.037254E+0
2024/10/13  09:33:48.431992	-1.080000E+0
2024/10/13  09:33:48.432012	-1.080000E+0
2024/10/13  09:33:48.432032	-1.037254E+0
2024/10/13  09:33:48.432052	-9.517615E-1
2024/10/13  09:33:48.432072	-9.090152E-1
2024/10/13  09:33:48.432092	-9.517615E-1
2024/10/13  09:33:48.432112	-9.090152E-1
2024/10/13  09:33:48.432132	-9.090152E-1
2024/10/13  09:33:48.432152	-8.235226E-1
2024/10/13  09:33:48.432172	-8.235226E-1
2024/10/13  09:33:48.432192	-8.235226E-1
2024/10/13  09:33:48.432212	-8.235226E-1
2024/10/13  09:33:48.432232	-8.235226E-1
2024/10/13  09:33:48.432252	-7.380300E-1
2024/10/13  09:33:48.432272	-7.380300E-1
2024/10/13  09:33:48.432292	-7.380300E-1
2024/10/13  09:33:48.432312	-6.952837E-1
2024/10/13  09:33:48.432332	-6.952837E-1
2024/10/13  09:33:48.432352	-5.670448E-1
2024/10/13  09:33:48.432372	-6.097911E-1
2024/10/13  09:33:48.432392	-6.097911E-1
2024/10/13  09:33:48.432412	-6.097911E-1
2024/10/13  09:33:48.432432	-6.097911E-1
2024/10/13  09:33:48.432452	-4.815522E-1
2024/10/13  09:33:48.432472	-4.815522E-1
2024/10/13  09:33:48.432492	-4.815522E-1
2024/10/13  09:33:48.432512	-4.815522E-1
2024/10/13  09:33:48.432532	-4.815522E-1
2024/10/13  09:33:48.432552	-3.960596E-1
2024/10/13  09:33:48.432572	-3.105670E-1
2024/10/13  09:33:48.432592	-3.533133E-1
2024/10/13  09:33:48.432612	-3.533133E-1
2024/10/13  09:33:48.432632	-3.533133E-1
2024/10/13  09:33:48.432652	-2.250744E-1
2024/10/13  09:33:48.432672	-2.250744E-1
2024/10/13  09:33:48.432692	-2.250744E-1
2024/10/13  09:33:48.432712	-2.250744E-1
2024/10/13  09:33:48.432732	-2.250744E-1
2024/10/13  09:33:48.432752	-9.683546E-2
2024/10/13  09:33:48.432772	-9.683546E-2
2024/10/13  09:33:48.432792	-9.683546E-2
2024/10/13  09:33:48.432812	-1.395818E-1
2024/10/13  09:33:48.432832	-9.683546E-2
2024/10/13  09:33:48.432852	3.140344E-2
2024/10/13  09:33:48.432872	3.140344E-2
2024/10/13  09:33:48.432892	3.140344E-2
2024/10/13  09:33:48.432912	3.140344E-2
2024/10/13  09:33:48.432932	3.140344E-2
2024/10/13  09:33:48.432952	1.168960E-1
2024/10/13  09:33:48.432972	1.168960E-1
2024/10/13  09:33:48.432992	1.596423E-1
2024/10/13  09:33:48.433012	1.168960E-1
2024/10/13  09:33:48.433032	1.168960E-1
2024/10/13  09:33:48.433052	2.878813E-1
2024/10/13  09:33:48.433072	2.451350E-1
2024/10/13  09:33:48.433092	2.878813E-1
2024/10/13  09:33:48.433112	2.878813E-1
2024/10/13  09:33:48.433132	2.878813E-1
2024/10/13  09:33:48.433152	3.733739E-1
2024/10/13  09:33:48.433172	3.733739E-1
2024/10/13  09:33:48.433192	3.733739E-1
2024/10/13  09:33:48.433212	3.733739E-1
2024/10/13  09:33:48.433232	3.733739E-1
2024/10/13  09:33:48.433252	5.443591E-1
2024/10/13  09:33:48.433272	5.016128E-1
2024/10/13  09:33:48.433292	5.016128E-1
2024/10/13  09:33:48.433312	5.016128E-1
2024/10/13  09:33:48.433332	5.016128E-1
2024/10/13  09:33:48.433352	6.298517E-1
2024/10/13  09:33:48.433372	6.298517E-1
2024/10/13  09:33:48.433392	6.298517E-1
2024/10/13  09:33:48.433412	6.725980E-1
2024/10/13  09:33:48.433432	6.298517E-1
2024/10/13  09:33:48.433452	7.580906E-1
2024/10/13  09:33:48.433472	7.580906E-1
2024/10/13  09:33:48.433492	7.580906E-1
2024/10/13  09:33:48.433512	7.580906E-1
2024/10/13  09:33:48.433532	7.580906E-1
2024/10/13  09:33:48.433552	8.863295E-1
2024/10/13  09:33:48.433572	8.863295E-1
2024/10/13  09:33:48.433592	8.863295E-1
2024/10/13  09:33:48.433612	8.863295E-1
2024/10/13  09:33:48.433632	8.863295E-1
2024/10/13  09:33:48.433652	1.014568E+0
2024/10/13  09:33:48.433672	9.718221E-1
2024/10/13  09:33:48.433692	9.718221E-1
2024/10/13  09:33:48.433712	9.718221E-1
2024/10/13  09:33:48.433732	9.718221E-1
2024/10/13  09:33:48.433752	1.100061E+0
2024/10/13  09:33:48.433772	1.100061E+0
2024/10/13  09:33:48.433792	1.100061E+0
2024/10/13  09:33:48.433812	1.100061E+0
2024/10/13  09:33:48.433832	1.100061E+0
2024/10/13  09:33:48.433852	1.228300E+0
2024/10/13  09:33:48.433872	1.185554E+0
2024/10/13  09:33:48.433892	1.185554E+0
2024/10/13  09:33:48.433912	1.185554E+0
2024/10/13  09:33:48.433932	1.185554E+0
2024/10/13  09:33:48.433952	1.313792E+0
2024/10/13  09:33:48.433972	1.313792E+0
2024/10/13  09:33:48.433992	1.313792E+0
2024/10/13  09:33:48.434012	1.313792E+0
2024/10/13  09:33:48.434032	1.313792E+0
2024/10/13  09:33:48.434052	1.399285E+0
2024/10/13  09:33:48.434072	1.356539E+0
2024/10/13  09:33:48.434092	1.356539E+0
2024/10/13  09:33:48.434112	1.399285E+0
2024/10/13  09:33:48.434132	1.399285E+0
2024/10/13  09:33:48.434152	1.484778E+0
2024/10/13  09:33:48.434172	1.484778E+0
2024/10/13  09:33:48.434192	1.484778E+0
2024/10/13  09:33:48.434212	1.442031E+0
2024/10/13  09:33:48.434232	1.484778E+0
2024/10/13  09:33:48.434252	1.570270E+0
2024/10/13  09:33:48.434272	1.570270E+0
2024/10/13  09:33:48.434292	1.527524E+0
2024/10/13  09:33:48.434312	1.570270E+0
2024/10/13  09:33:48.434332	1.570270E+0
2024/10/13  09:33:48.434352	1.655763E+0
2024/10/13  09:33:48.434372	1.655763E+0
2024/10/13  09:33:48.434392	1.655763E+0
2024/10/13  09:33:48.434412	1.613017E+0
2024/10/13  09:33:48.434432	1.613017E+0
2024/10/13  09:33:48.434452	1.741256E+0
2024/10/13  09:33:48.434472	1.698509E+0
2024/10/13  09:33:48.434492	1.698509E+0
2024/10/13  09:33:48.434512	1.698509E+0
2024/10/13  09:33:48.434532	1.741256E+0
2024/10/13  09:33:48.434552	1.741256E+0
2024/10/13  09:33:48.434572	1.784002E+0
2024/10/13  09:33:48.434592	1.784002E+0
2024/10/13  09:33:48.434612	1.741256E+0
2024/10/13  09:33:48.434632	1.784002E+0
2024/10/13  09:33:48.434652	1.826748E+0
2024/10/13  09:33:48.434672	1.869494E+0
2024/10/13  09:33:48.434692	1.826748E+0
2024/10/13  09:33:48.434712	1.826748E+0
2024/10/13  09:33:48.434732	1.826748E+0
2024/10/13  09:33:48.434752	1.912241E+0
2024/10/13  09:33:48.434772	1.912241E+0
2024/10/13  09:33:48.434792	1.912241E+0
2024/10/13  09:33:48.434812	1.912241E+0
2024/10/13  09:33:48.434832	1.869494E+0
2024/10/13  09:33:48.434852	1.954987E+0
2024/10/13  09:33:48.434872	1.912241E+0
2024/10/13  09:33:48.434892	1.954987E+0
2024/10/13  09:33:48.434912	1.912241E+0
2024/10/13  09:33:48.434932	1.912241E+0
2024/10/13  09:33:48.434952	1.954987E+0
2024/10/13  09:33:48.434972	1.954987E+0
2024/10/13  09:33:48.434992	1.954987E+0
2024/10/13  09:33:48.435012	1.954987E+0
2024/10/13  09:33:48.435032	1.954987E+0
2024/10/13  09:33:48.435052	1.997733E+0
2024/10/13  09:33:48.435072	1.954987E+0
2024/10/13  09:33:48.435092	1.997733E+0
2024/10/13  09:33:48.435112	1.997733E+0
2024/10/13  09:33:48.435132	1.997733E+0
2024/10/13  09:33:48.435152	1.997733E+0
2024/10/13  09:33:48.435172	1.997733E+0
2024/10/13  09:33:48.435192	1.997733E+0
2024/10/13  09:33:48.435212	1.997733E+0
2024/10/13  09:33:48.435232	1.997733E+0
2024/10/13  09:33:48.435252	1.997733E+0
2024/10/13  09:33:48.435272	2.040480E+0
2024/10/13  09:33:48.435292	2.040480E+0
2024/10/13  09:33:48.435312	1.997733E+0
2024/10/13  09:33:48.435332	1.997733E+0
2024/10/13  09:33:48.435352	1.997733E+0
2024/10/13  09:33:48.435372	1.997733E+0
2024/10/13  09:33:48.435392	1.997733E+0
2024/10/13  09:33:48.435412	1.997733E+0
2024/10/13  09:33:48.435432	2.040480E+0
2024/10/13  09:33:48.435452	1.997733E+0
2024/10/13  09:33:48.435472	1.997733E+0
2024/10/13  09:33:48.435492	1.997733E+0
2024/10/13  09:33:48.435512	1.997733E+0
2024/10/13  09:33:48.435532	1.997733E+0
2024/10/13  09:33:48.435552	1.997733E+0
2024/10/13  09:33:48.435572	1.997733E+0
2024/10/13  09:33:48.435592	1.997733E+0
2024/10/13  09:33:48.435612	1.997733E+0
2024/10/13  09:33:48.435632	1.997733E+0
2024/10/13  09:33:48.435652	1.997733E+0
2024/10/13  09:33:48.435672	1.997733E+0
2024/10/13  09:33:48.435692	1.997733E+0
2024/10/13  09:33:48.435712	1.997733E+0
2024/10/13  09:33:48.435732	1.997733E+0
2024/10/13  09:33:48.435752	1.954987E+0
2024/10/13  09:33:48.435772	1.997733E+0
2024/10/13  09:33:48.435792	1.954987E+0
2024/10/13  09:33:48.435812	1.954987E+0
2024/10/13  09:33:48.435832	1.954987E+0
2024/10/13  09:33:48.435852	1.912241E+0
2024/10/13  09:33:48.435872	1.912241E+0
2024/10/13  09:33:48.435892	1.912241E+0
2024/10/13  09:33:48.435912	1.912241E+0
2024/10/13  09:33:48.435932	1.954987E+0
2024/10/13  09:33:48.435952	1.912241E+0
2024/10/13  09:33:48.435972	1.912241E+0
2024/10/13  09:33:48.435992	1.912241E+0
2024/10/13  09:33:48.436012	1.912241E+0
2024/10/13  09:33:48.436032	1.912241E+0
2024/10/13  09:33:48.436052	1.826748E+0
2024/10/13  09:33:48.436072	1.826748E+0
2024/10/13  09:33:48.436092	1.826748E+0
2024/10/13  09:33:48.436112	1.826748E+0
2024/10/13  09:33:48.436132	1.826748E+0
2024/10/13  09:33:48.436152	1.784002E+0
2024/10/13  09:33:48.436172	1.784002E+0
2024/10/13  09:33:48.436192	1.784002E+0
2024/10/13  09:33:48.436212	1.784002E+0
2024/10/13  09:33:48.436232	1.784002E+0
2024/10/13  09:33:48.436252	1.698509E+0
2024/10/13  09:33:48.436272	1.698509E+0
2024/10/13  09:33:48.436292	1.698509E+0
2024/10/13  09:33:48.436312	1.741256E+0
2024/10/13  09:33:48.436332	1.698509E+0
2024/10/13  09:33:48.436352	1.655763E+0
2024/10/13  09:33:48.436372	1.655763E+0
2024/10/13  09:33:48.436392	1.655763E+0
2024/10/13  09:33:48.436412	1.655763E+0
2024/10/13  09:33:48.436432	1.613017E+0
2024/10/13  09:33:48.436452	1.570270E+0
2024/10/13  09:33:48.436472	1.570270E+0
2024/10/13  09:33:48.436492	1.570270E+0
2024/10/13  09:33:48.436512	1.570270E+0
2024/10/13  09:33:48.436532	1.570270E+0
2024/10/13  09:33:48.436552	1.484778E+0
2024/10/13  09:33:48.436572	1.484778E+0
2024/10/13  09:33:48.436592	1.484778E+0
2024/10/13  09:33:48.436612	1.442031E+0
2024/10/13  09:33:48.436632	1.484778E+0
2024/10/13  09:33:48.436652	1.399285E+0
2024/10/13  09:33:48.436672	1.399285E+0
2024/10/13  09:33:48.436692	1.399285E+0
2024/10/13  09:33:48.436712	1.399285E+0
2024/10/13  09:33:48.436732	1.399285E+0
2024/10/13  09:33:48.436752	1.313792E+0
2024/10/13  09:33:48.436772	1.313792E+0
2024/10/13  09:33:48.436792	1.271046E+0
2024/10/13  09:33:48.436812	1.313792E+0
2024/10/13  09:33:48.436832	1.313792E+0
2024/10/13  09:33:48.436852	1.228300E+0
2024/10/13  09:33:48.436872	1.185554E+0
2024/10/13  09:33:48.436892	1.185554E+0
2024/10/13  09:33:48.436912	1.228300E+0
2024/10/13  09:33:48.436932	1.228300E+0
2024/10/13  09:33:48.436952	1.100061E+0
2024/10/13  09:33:48.436972	1.057315E+0
2024/10/13  09:33:48.436992	1.100061E+0
2024/10/13  09:33:48.437012	1.100061E+0
2024/10/13  09:33:48.437032	1.100061E+0
2024/10/13  09:33:48.437052	9.718221E-1
2024/10/13  09:33:48.437072	9.718221E-1
2024/10/13  09:33:48.437092	9.718221E-1
2024/10/13  09:33:48.437112	1.014568E+0
2024/10/13  09:33:48.437132	9.718221E-1
2024/10/13  09:33:48.437152	8.863295E-1
2024/10/13  09:33:48.437172	8.863295E-1
2024/10/13  09:33:48.437192	8.863295E-1
2024/10/13  09:33:48.437212	8.863295E-1
2024/10/13  09:33:48.437232	8.863295E-1
2024/10/13  09:33:48.437252	7.580906E-1
2024/10/13  09:33:48.437272	7.580906E-1
2024/10/13  09:33:48.437292	7.580906E-1
2024/10/13  09:33:48.437312	7.580906E-1
2024/10/13  09:33:48.437332	7.580906E-1
2024/10/13  09:33:48.437352	6.298517E-1
2024/10/13  09:33:48.437372	6.298517E-1
2024/10/13  09:33:48.437392	5.871054E-1
2024/10/13  09:33:48.437412	6.298517E-1
2024/10/13  09:33:48.437432	6.298517E-1
2024/10/13  09:33:48.437452	5.443591E-1
2024/10/13  09:33:48.437472	5.016128E-1
2024/10/13  09:33:48.437492	5.443591E-1
2024/10/13  09:33:48.437512	5.016128E-1
2024/10/13  09:33:48.437532	5.016128E-1
2024/10/13  09:33:48.437552	3.733739E-1
2024/10/13  09:33:48.437572	3.733739E-1
2024/10/13  09:33:48.437592	3.733739E-1
2024/10/13  09:33:48.437612	3.733739E-1
2024/10/13  09:33:48.437632	3.733739E-1
2024/10/13  09:33:48.437652	2.878813E-1
2024/10/13  09:33:48.437672	2.878813E-1
2024/10/13  09:33:48.437692	2.451350E-1
2024/10/13  09:33:48.437712	2.878813E-1
2024/10/13  09:33:48.437732	2.878813E-1
2024/10/13  09:33:48.437752	1.168960E-1
2024/10/13  09:33:48.437772	1.596423E-1
2024/10/13  09:33:48.437792	1.168960E-1
2024/10/13  09:33:48.437812	1.596423E-1
2024/10/13  09:33:48.437832	1.168960E-1
2024/10/13  09:33:48.437852	-1.134286E-2
2024/10/13  09:33:48.437872	3.140344E-2
2024/10/13  09:33:48.437892	3.140344E-2
2024/10/13  09:33:48.437912	3.140344E-2
2024/10/13  09:33:48.437932	3.140344E-2
2024/10/13  09:33:48.437952	-9.683546E-2
2024/10/13  09:33:48.437972	-9.683546E-2
2024/10/13  09:33:48.437992	-9.683546E-2
2024/10/13  09:33:48.438012	-9.683546E-2
2024/10/13  09:33:48.438032	-9.683546E-2
2024/10/13  09:33:48.438052	-2.250744E-1
2024/10/13  09:33:48.438072	-2.250744E-1
2024/10/13  09:33:48.438092	-2.250744E-1
2024/10/13  09:33:48.438112	-2.250744E-1
2024/10/13  09:33:48.438132	-2.678207E-1
2024/10/13  09:33:48.438152	-3.533133E-1
2024/10/13  09:33:48.438172	-3.533133E-1
2024/10/13  09:33:48.438192	-3.533133E-1
2024/10/13  09:33:48.438212	-3.533133E-1
2024/10/13  09:33:48.438232	-3.533133E-1
2024/10/13  09:33:48.438252	-4.815522E-1
2024/10/13  09:33:48.438272	-4.815522E-1
2024/10/13  09:33:48.438292	-4.815522E-1
2024/10/13  09:33:48.438312	-4.815522E-1
2024/10/13  09:33:48.438332	-4.815522E-1
2024/10/13  09:33:48.438352	-6.097911E-1
2024/10/13  09:33:48.438372	-6.097911E-1
2024/10/13  09:33:48.438392	-6.097911E-1
2024/10/13  09:33:48.438412	-6.097911E-1
2024/10/13  09:33:48.438432	-6.097911E-1
2024/10/13  09:33:48.438452	-6.952837E-1
2024/10/13  09:33:48.438472	-7.380300E-1
2024/10/13  09:33:48.438492	-7.380300E-1
2024/10/13  09:33:48.438512	-7.380300E-1
2024/10/13  09:33:48.438532	-6.952837E-1
2024/10/13  09:33:48.438552	-8.235226E-1
2024/10/13  09:33:48.438572	-8.235226E-1
2024/10/13  09:33:48.438592	-8.235226E-1
2024/10/13  09:33:48.438612	-8.235226E-1
2024/10/13  09:33:48.438632	-8.235226E-1
2024/10/13  09:33:48.438652	-9.090152E-1
2024/10/13  09:33:48.438672	-9.517615E-1
2024/10/13  09:33:48.438692	-9.517615E-1
2024/10/13  09:33:48.438712	-9.090152E-1
2024/10/13  09:33:48.438732	-9.517615E-1
2024/10/13  09:33:48.438752	-1.080000E+0
2024/10/13  09:33:48.438772	-1.037254E+0
2024/10/13  09:33:48.438792	-1.037254E+0
2024/10/13  09:33:48.438812	-1.037254E+0
2024/10/13  09:33:48.438832	-1.080000E+0
2024/10/13  09:33:48.438852	-1.165493E+0
2024/10/13  09:33:48.438872	-1.122747E+0
2024/10/13  09:33:48.438892	-1.165493E+0
2024/10/13  09:33:48.438912	-1.165493E+0
2024/10/13  09:33:48.438932	-1.165493E+0
2024/10/13  09:33:48.438952	-1.250986E+0
2024/10/13  09:33:48.438972	-1.250986E+0
2024/10/13  09:33:48.438992	-1.250986E+0
2024/10/13  09:33:48.439012	-1.250986E+0
2024/10/13  09:33:48.439032	-1.250986E+0
2024/10/13  09:33:48.439052	-1.336478E+0
2024/10/13  09:33:48.439072	-1.336478E+0
2024/10/13  09:33:48.439092	-1.336478E+0
2024/10/13  09:33:48.439112	-1.336478E+0
2024/10/13  09:33:48.439132	-1.336478E+0
2024/10/13  09:33:48.439152	-1.421971E+0
2024/10/13  09:33:48.439172	-1.464717E+0
2024/10/13  09:33:48.439192	-1.421971E+0
2024/10/13  09:33:48.439212	-1.464717E+0
2024/10/13  09:33:48.439232	-1.421971E+0
2024/10/13  09:33:48.439252	-1.507463E+0
2024/10/13  09:33:48.439272	-1.507463E+0
2024/10/13  09:33:48.439292	-1.507463E+0
2024/10/13  09:33:48.439312	-1.507463E+0
2024/10/13  09:33:48.439332	-1.507463E+0
2024/10/13  09:33:48.439352	-1.592956E+0
2024/10/13  09:33:48.439372	-1.592956E+0
2024/10/13  09:33:48.439392	-1.635702E+0
2024/10/13  09:33:48.439412	-1.592956E+0
2024/10/13  09:33:48.439432	-1.592956E+0
2024/10/13  09:33:48.439452	-1.635702E+0
2024/10/13  09:33:48.439472	-1.678449E+0
2024/10/13  09:33:48.439492	-1.678449E+0
2024/10/13  09:33:48.439512	-1.678449E+0
2024/10/13  09:33:48.439532	-1.678449E+0
2024/10/13  09:33:48.439552	-1.721195E+0
2024/10/13  09:33:48.439572	-1.721195E+0
2024/10/13  09:33:48.439592	-1.763941E+0
2024/10/13  09:33:48.439612	-1.721195E+0
2024/10/13  09:33:48.439632	-1.721195E+0
2024/10/13  09:33:48.439652	-1.763941E+0
2024/10/13  09:33:48.439672	-1.806688E+0
2024/10/13  09:33:48.439692	-1.763941E+0
2024/10/13  09:33:48.439712	-1.806688E+0
2024/10/13  09:33:48.439732	-1.763941E+0
2024/10/13  09:33:48.439752	-1.849434E+0
2024/10/13  09:33:48.439772	-1.806688E+0
2024/10/13  09:33:48.439792	-1.806688E+0
2024/10/13  09:33:48.439812	-1.849434E+0
2024/10/13  09:33:48.439832	-1.849434E+0
2024/10/13  09:33:48.439852	-1.849434E+0
2024/10/13  09:33:48.439872	-1.892180E+0
2024/10/13  09:33:48.439892	-1.849434E+0
2024/10/13  09:33:48.439912	-1.849434E+0
2024/10/13  09:33:48.439932	-1.849434E+0
2024/10/13  09:33:48.439952	-1.934926E+0
2024/10/13  09:33:48.439972	-1.934926E+0
2024/10/13  09:33:48.439992	-1.934926E+0
2024/10/13  09:33:48.440012	-1.934926E+0
2024/10/13  09:33:48.440032	-1.934926E+0
2024/10/13  09:33:48.440052	-1.934926E+0
2024/10/13  09:33:48.440072	-1.934926E+0
2024/10/13  09:33:48.440092	-1.977673E+0
2024/10/13  09:33:48.440112	-1.934926E+0
2024/10/13  09:33:48.440132	-1.934926E+0
2024/10/13  09:33:48.440152	-1.934926E+0
2024/10/13  09:33:48.440172	-1.934926E+0
2024/10/13  09:33:48.440192	-1.977673E+0
2024/10/13  09:33:48.440212	-1.934926E+0
2024/10/13  09:33:48.440232	-1.977673E+0
2024/10/13  09:33:48.440252	-1.977673E+0
2024/10/13  09:33:48.440272	-1.977673E+0
2024/10/13  09:33:48.440292	-1.977673E+0
2024/10/13  09:33:48.440312	-1.977673E+0
2024/10/13  09:33:48.440332	-1.977673E+0
2024/10/13  09:33:48.440352	-1.977673E+0
2024/10/13  09:33:48.440372	-1.977673E+0
2024/10/13  09:33:48.440392	-1.977673E+0
2024/10/13  09:33:48.440412	-1.977673E+0
2024/10/13  09:33:48.440432	-1.977673E+0
2024/10/13  09:33:48.440452	-1.977673E+0
2024/10/13  09:33:48.440472	-1.977673E+0
2024/10/13  09:33:48.440492	-1.977673E+0
2024/10/13  09:33:48.440512	-1.977673E+0
2024/10/13  09:33:48.440532	-1.977673E+0
2024/10/13  09:33:48.440552	-1.934926E+0
2024/10/13  09:33:48.440572	-1.977673E+0
2024/10/13  09:33:48.440592	-1.977673E+0
2024/10/13  09:33:48.440612	-1.977673E+0
2024/10/13  09:33:48.440632	-1.977673E+0
2024/10/13  09:33:48.440652	-1.934926E+0
2024/10/13  09:33:48.440672	-1.977673E+0
2024/10/13  09:33:48.440692	-1.977673E+0
2024/10/13  09:33:48.440712	-1.934926E+0
2024/10/13  09:33:48.440732	-1.934926E+0
2024/10/13  09:33:48.440752	-1.934926E+0
2024/10/13  09:33:48.440772	-1.934926E+0
2024/10/13  09:33:48.440792	-1.934926E+0
2024/10/13  09:33:48.440812	-1.934926E+0
2024/10/13  09:33:48.440832	-1.934926E+0
2024/10/13  09:33:48.440852	-1.849434E+0
2024/10/13  09:33:48.440872	-1.892180E+0
2024/10/13  09:33:48.440892	-1.849434E+0
2024/10/13  09:33:48.440912	-1.849434E+0
2024/10/13  09:33:48.440932	-1.849434E+0
2024/10/13  09:33:48.440952	-1.806688E+0
2024/10/13  09:33:48.440972	-1.849434E+0
2024/10/13  09:33:48.440992	-1.806688E+0
2024/10/13  09:33:48.441012	-1.849434E+0
2024/10/13  09:33:48.441032	-1.849434E+0
2024/10/13  09:33:48.441052	-1.763941E+0
2024/10/13  09:33:48.441072	-1.763941E+0
2024/10/13  09:33:48.441092	-1.806688E+0
2024/10/13  09:33:48.441112	-1.806688E+0
2024/10/13  09:33:48.441132	-1.806688E+0
2024/10/13  09:33:48.441152	-1.721195E+0
2024/10/13  09:33:48.441172	-1.721195E+0
2024/10/13  09:33:48.441192	-1.721195E+0
2024/10/13  09:33:48.441212	-1.721195E+0
2024/10/13  09:33:48.441232	-1.721195E+0
2024/10/13  09:33:48.441252	-1.678449E+0
2024/10/13  09:33:48.441272	-1.678449E+0
2024/10/13  09:33:48.441292	-1.635702E+0
2024/10/13  09:33:48.441312	-1.678449E+0
2024/10/13  09:33:48.441332	-1.678449E+0
2024/10/13  09:33:48.441352	-1.592956E+0
2024/10/13  09:33:48.441372	-1.592956E+0
2024/10/13  09:33:48.441392	-1.592956E+0
2024/10/13  09:33:48.441412	-1.592956E+0
2024/10/13  09:33:48.441432	-1.592956E+0
2024/10/13  09:33:48.441452	-1.507463E+0
2024/10/13  09:33:48.441472	-1.507463E+0
2024/10/13  09:33:48.441492	-1.507463E+0
2024/10/13  09:33:48.441512	-1.507463E+0
2024/10/13  09:33:48.441532	-1.507463E+0
2024/10/13  09:33:48.441552	-1.421971E+0
2024/10/13  09:33:48.441572	-1.464717E+0
2024/10/13  09:33:48.441592	-1.421971E+0
2024/10/13  09:33:48.441612	-1.464717E+0
2024/10/13  09:33:48.441632	-1.464717E+0
2024/10/13  09:33:48.441652	-1.336478E+0
2024/10/13  09:33:48.441672	-1.336478E+0
2024/10/13  09:33:48.441692	-1.336478E+0
2024/10/13  09:33:48.441712	-1.336478E+0
2024/10/13  09:33:48.441732	-1.336478E+0
2024/10/13  09:33:48.441752	-1.250986E+0
2024/10/13  09:33:48.441772	-1.293732E+0
2024/10/13  09:33:48.441792	-1.250986E+0
2024/10/13  09:33:48.441812	-1.250986E+0
2024/10/13  09:33:48.441832	-1.250986E+0
2024/10/13  09:33:48.441852	-1.165493E+0
2024/10/13  09:33:48.441872	-1.122747E+0
2024/10/13  09:33:48.441892	-1.165493E+0
2024/10/13  09:33:48.441912	-1.165493E+0
2024/10/13  09:33:48.441932	-1.122747E+0
2024/10/13  09:33:48.441952	-1.037254E+0
2024/10/13  09:33:48.441972	-1.037254E+0
2024/10/13  09:33:48.441992	-1.037254E+0
2024/10/13  09:33:48.442012	-1.080000E+0
2024/10/13  09:33:48.442032	-1.037254E+0
2024/10/13  09:33:48.442052	-9.090152E-1
2024/10/13  09:33:48.442072	-9.517615E-1
2024/10/13  09:33:48.442092	-9.517615E-1
2024/10/13  09:33:48.442112	-9.517615E-1
2024/10/13  09:33:48.442132	-9.517615E-1
2024/10/13  09:33:48.442152	-8.235226E-1
2024/10/13  09:33:48.442172	-8.235226E-1
2024/10/13  09:33:48.442192	-8.235226E-1
2024/10/13  09:33:48.442212	-8.235226E-1
2024/10/13  09:33:48.442232	-8.235226E-1
2024/10/13  09:33:48.442252	-6.952837E-1
2024/10/13  09:33:48.442272	-7.380300E-1
2024/10/13  09:33:48.442292	-6.952837E-1
2024/10/13  09:33:48.442312	-7.380300E-1
2024/10/13  09:33:48.442332	-7.380300E-1
2024/10/13  09:33:48.442352	-6.097911E-1
2024/10/13  09:33:48.442372	-6.097911E-1
2024/10/13  09:33:48.442392	-6.097911E-1
2024/10/13  09:33:48.442412	-5.670448E-1
2024/10/13  09:33:48.442432	-5.670448E-1
2024/10/13  09:33:48.442452	-4.815522E-1
2024/10/13  09:33:48.442472	-4.815522E-1
2024/10/13  09:33:48.442492	-4.388059E-1
2024/10/13  09:33:48.442512	-4.388059E-1
2024/10/13  09:33:48.442532	-4.815522E-1
2024/10/13  09:33:48.442552	-3.533133E-1
2024/10/13  09:33:48.442572	-3.533133E-1
2024/10/13  09:33:48.442592	-3.533133E-1
2024/10/13  09:33:48.442612	-3.533133E-1
2024/10/13  09:33:48.442632	-3.533133E-1
2024/10/13  09:33:48.442652	-2.250744E-1
2024/10/13  09:33:48.442672	-2.250744E-1
2024/10/13  09:33:48.442692	-1.823281E-1
2024/10/13  09:33:48.442712	-2.250744E-1
2024/10/13  09:33:48.442732	-2.250744E-1
2024/10/13  09:33:48.442752	-9.683546E-2
2024/10/13  09:33:48.442772	-9.683546E-2
2024/10/13  09:33:48.442792	-9.683546E-2
2024/10/13  09:33:48.442812	-9.683546E-2
2024/10/13  09:33:48.442832	-9.683546E-2
2024/10/13  09:33:48.442852	3.140344E-2
2024/10/13  09:33:48.442872	3.140344E-2
2024/10/13  09:33:48.442892	3.140344E-2
2024/10/13  09:33:48.442912	3.140344E-2
2024/10/13  09:33:48.442932	3.140344E-2
2024/10/13  09:33:48.442952	1.168960E-1
2024/10/13  09:33:48.442972	1.596423E-1
2024/10/13  09:33:48.442992	1.168960E-1
2024/10/13  09:33:48.443012	1.168960E-1
2024/10/13  09:33:48.443032	1.596423E-1
2024/10/13  09:33:48.443052	2.878813E-1
2024/10/13  09:33:48.443072	2.878813E-1
2024/10/13  09:33:48.443092	2.878813E-1
2024/10/13  09:33:48.443112	2.878813E-1
2024/10/13  09:33:48.443132	2.878813E-1
2024/10/13  09:33:48.443152	4.161202E-1
2024/10/13  09:33:48.443172	3.733739E-1
2024/10/13  09:33:48.443192	3.733739E-1
2024/10/13  09:33:48.443212	4.161202E-1
2024/10/13  09:33:48.443232	3.733739E-1
2024/10/13  09:33:48.443252	5.443591E-1
2024/10/13  09:33:48.443272	5.016128E-1
2024/10/13  09:33:48.443292	5.016128E-1
2024/10/13  09:33:48.443312	5.443591E-1
2024/10/13  09:33:48.443332	5.443591E-1
2024/10/13  09:33:48.443352	6.298517E-1
2024/10/13  09:33:48.443372	6.298517E-1
2024/10/13  09:33:48.443392	6.298517E-1
2024/10/13  09:33:48.443412	6.298517E-1
2024/10/13  09:33:48.443432	6.298517E-1
2024/10/13  09:33:48.443452	7.580906E-1
2024/10/13  09:33:48.443472	7.580906E-1
2024/10/13  09:33:48.443492	7.580906E-1
2024/10/13  09:33:48.443512	7.580906E-1
2024/10/13  09:33:48.443532	7.580906E-1
2024/10/13  09:33:48.443552	8.863295E-1
2024/10/13  09:33:48.443572	8.863295E-1
2024/10/13  09:33:48.443592	8.863295E-1
2024/10/13  09:33:48.443612	8.863295E-1
2024/10/13  09:33:48.443632	8.863295E-1
2024/10/13  09:33:48.443652	1.014568E+0
2024/10/13  09:33:48.443672	1.014568E+0
2024/10/13  09:33:48.443692	1.014568E+0
2024/10/13  09:33:48.443712	9.718221E-1
2024/10/13  09:33:48.443732	9.718221E-1
2024/10/13  09:33:48.443752	1.100061E+0
2024/10/13  09:33:48.443772	1.100061E+0
2024/10/13  09:33:48.443792	1.100061E+0
2024/10/13  09:33:48.443812	1.100061E+0
2024/10/13  09:33:48.443832	1.100061E+0
2024/10/13  09:33:48.443852	1.228300E+0
2024/10/13  09:33:48.443872	1.185554E+0
2024/10/13  09:33:48.443892	1.228300E+0
2024/10/13  09:33:48.443912	1.185554E+0
2024/10/13  09:33:48.443932	1.185554E+0
2024/10/13  09:33:48.443952	1.313792E+0
2024/10/13  09:33:48.443972	1.313792E+0
2024/10/13  09:33:48.443992	1.271046E+0
2024/10/13  09:33:48.444012	1.313792E+0
2024/10/13  09:33:48.444032	1.313792E+0
2024/10/13  09:33:48.444052	1.399285E+0
2024/10/13  09:33:48.444072	1.399285E+0
2024/10/13  09:33:48.444092	1.399285E+0
2024/10/13  09:33:48.444112	1.399285E+0
2024/10/13  09:33:48.444132	1.399285E+0
2024/10/13  09:33:48.444152	1.484778E+0
2024/10/13  09:33:48.444172	1.484778E+0
2024/10/13  09:33:48.444192	1.484778E+0
2024/10/13  09:33:48.444212	1.484778E+0
2024/10/13  09:33:48.444232	1.484778E+0
2024/10/13  09:33:48.444252	1.570270E+0
2024/10/13  09:33:48.444272	1.570270E+0
2024/10/13  09:33:48.444292	1.570270E+0
2024/10/13  09:33:48.444312	1.570270E+0
2024/10/13  09:33:48.444332	1.570270E+0
2024/10/13  09:33:48.444352	1.655763E+0
2024/10/13  09:33:48.444372	1.655763E+0
2024/10/13  09:33:48.444392	1.613017E+0
2024/10/13  09:33:48.444412	1.655763E+0
2024/10/13  09:33:48.444432	1.613017E+0
2024/10/13  09:33:48.444452	1.741256E+0
2024/10/13  09:33:48.444472	1.698509E+0
2024/10/13  09:33:48.444492	1.698509E+0
2024/10/13  09:33:48.444512	1.741256E+0
2024/10/13  09:33:48.444532	1.741256E+0
2024/10/13  09:33:48.444552	1.784002E+0
2024/10/13  09:33:48.444572	1.784002E+0
2024/10/13  09:33:48.444592	1.784002E+0
2024/10/13  09:33:48.444612	1.784002E+0
2024/10/13  09:33:48.444632	1.784002E+0
2024/10/13  09:33:48.444652	1.826748E+0
2024/10/13  09:33:48.444672	1.869494E+0
2024/10/13  09:33:48.444692	1.869494E+0
2024/10/13  09:33:48.444712	1.826748E+0
2024/10/13  09:33:48.444732	1.826748E+0
2024/10/13  09:33:48.444752	1.869494E+0
2024/10/13  09:33:48.444772	1.869494E+0
2024/10/13  09:33:48.444792	1.869494E+0
2024/10/13  09:33:48.444812	1.869494E+0
2024/10/13  09:33:48.444832	1.912241E+0
2024/10/13  09:33:48.444852	1.954987E+0
2024/10/13  09:33:48.444872	1.912241E+0
2024/10/13  09:33:48.444892	1.912241E+0
2024/10/13  09:33:48.444912	1.954987E+0
2024/10/13  09:33:48.444932	1.912241E+0
2024/10/13  09:33:48.444952	1.954987E+0
2024/10/13  09:33:48.444972	1.997733E+0
2024/10/13  09:33:48.444992	1.954987E+0
2024/10/13  09:33:48.445012	1.954987E+0
2024/10/13  09:33:48.445032	1.954987E+0
2024/10/13  09:33:48.445052	1.997733E+0
2024/10/13  09:33:48.445072	1.997733E+0
2024/10/13  09:33:48.445092	1.997733E+0
2024/10/13  09:33:48.445112	1.997733E+0
2024/10/13  09:33:48.445132	1.954987E+0
2024/10/13  09:33:48.445152	2.040480E+0
2024/10/13  09:33:48.445172	1.997733E+0
2024/10/13  09:33:48.445192	1.997733E+0
2024/10/13  09:33:48.445212	1.997733E+0
2024/10/13  09:33:48.445232	1.997733E+0
2024/10/13  09:33:48.445252	1.997733E+0
2024/10/13  09:33:48.445272	1.997733E+0
2024/10/13  09:33:48.445292	1.997733E+0
2024/10/13  09:33:48.445312	1.997733E+0
2024/10/13  09:33:48.445332	1.997733E+0
2024/10/13  09:33:48.445352	1.997733E+0
2024/10/13  09:33:48.445372	1.997733E+0
2024/10/13  09:33:48.445392	1.997733E+0
2024/10/13  09:33:48.445412	1.997733E+0
2024/10/13  09:33:48.445432	1.997733E+0
2024/10/13  09:33:48.445452	1.997733E+0
2024/10/13  09:33:48.445472	1.997733E+0
2024/10/13  09:33:48.445492	2.040480E+0
2024/10/13  09:33:48.445512	1.997733E+0
2024/10/13  09:33:48.445532	1.997733E+0
2024/10/13  09:33:48.445552	1.997733E+0
2024/10/13  09:33:48.445572	1.997733E+0
2024/10/13  09:33:48.445592	1.997733E+0
2024/10/13  09:33:48.445612	1.997733E+0
2024/10/13  09:33:48.445632	1.997733E+0
2024/10/13  09:33:48.445652	1.997733E+0
2024/10/13  09:33:48.445672	1.997733E+0
2024/10/13  09:33:48.445692	1.997733E+0
2024/10/13  09:33:48.445712	1.997733E+0
2024/10/13  09:33:48.445732	1.954987E+0
2024/10/13  09:33:48.445752	1.954987E+0
2024/10/13  09:33:48.445772	1.954987E+0
2024/10/13  09:33:48.445792	1.954987E+0
2024/10/13  09:33:48.445812	1.954987E+0
2024/10/13  09:33:48.445832	1.954987E+0
2024/10/13  09:33:48.445852	1.912241E+0
2024/10/13  09:33:48.445872	1.912241E+0
2024/10/13  09:33:48.445892	1.912241E+0
2024/10/13  09:33:48.445912	1.912241E+0
2024/10/13  09:33:48.445932	1.912241E+0
2024/10/13  09:33:48.445952	1.869494E+0
2024/10/13  09:33:48.445972	1.912241E+0
2024/10/13  09:33:48.445992	1.869494E+0
2024/10/13  09:33:48.446012	1.869494E+0
2024/10/13  09:33:48.446032	1.869494E+0
2024/10/13  09:33:48.446052	1.826748E+0
2024/10/13  09:33:48.446072	1.826748E+0
2024/10/13  09:33:48.446092	1.869494E+0
2024/10/13  09:33:48.446112	1.826748E+0
2024/10/13  09:33:48.446132	1.826748E+0
2024/10/13  09:33:48.446152	1.784002E+0
2024/10/13  09:33:48.446172	1.784002E+0
2024/10/13  09:33:48.446192	1.784002E+0
2024/10/13  09:33:48.446212	1.741256E+0
2024/10/13  09:33:48.446232	1.784002E+0
2024/10/13  09:33:48.446252	1.741256E+0
2024/10/13  09:33:48.446272	1.741256E+0
2024/10/13  09:33:48.446292	1.741256E+0
2024/10/13  09:33:48.446312	1.698509E+0
2024/10/13  09:33:48.446332	1.741256E+0
2024/10/13  09:33:48.446352	1.655763E+0
2024/10/13  09:33:48.446372	1.655763E+0
2024/10/13  09:33:48.446392	1.655763E+0
2024/10/13  09:33:48.446412	1.655763E+0
2024/10/13  09:33:48.446432	1.655763E+0
2024/10/13  09:33:48.446452	1.570270E+0
2024/10/13  09:33:48.446472	1.570270E+0
2024/10/13  09:33:48.446492	1.570270E+0
2024/10/13  09:33:48.446512	1.570270E+0
2024/10/13  09:33:48.446532	1.570270E+0
2024/10/13  09:33:48.446552	1.442031E+0
2024/10/13  09:33:48.446572	1.484778E+0
2024/10/13  09:33:48.446592	1.442031E+0
2024/10/13  09:33:48.446612	1.484778E+0
2024/10/13  09:33:48.446632	1.484778E+0
2024/10/13  09:33:48.446652	1.356539E+0
2024/10/13  09:33:48.446672	1.399285E+0
2024/10/13  09:33:48.446692	1.399285E+0
2024/10/13  09:33:48.446712	1.399285E+0
2024/10/13  09:33:48.446732	1.399285E+0
2024/10/13  09:33:48.446752	1.313792E+0
2024/10/13  09:33:48.446772	1.313792E+0
2024/10/13  09:33:48.446792	1.271046E+0
2024/10/13  09:33:48.446812	1.313792E+0
2024/10/13  09:33:48.446832	1.313792E+0
2024/10/13  09:33:48.446852	1.228300E+0
2024/10/13  09:33:48.446872	1.185554E+0
2024/10/13  09:33:48.446892	1.185554E+0
2024/10/13  09:33:48.446912	1.185554E+0
2024/10/13  09:33:48.446932	1.228300E+0
2024/10/13  09:33:48.446952	1.100061E+0
2024/10/13  09:33:48.446972	1.100061E+0
2024/10/13  09:33:48.446992	1.100061E+0
2024/10/13  09:33:48.447012	1.100061E+0
2024/10/13  09:33:48.447032	1.057315E+0
2024/10/13  09:33:48.447052	9.718221E-1
2024/10/13  09:33:48.447072	9.718221E-1
2024/10/13  09:33:48.447092	9.718221E-1
2024/10/13  09:33:48.447112	9.718221E-1
2024/10/13  09:33:48.447132	9.718221E-1
2024/10/13  09:33:48.447152	8.863295E-1
2024/10/13  09:33:48.447172	8.863295E-1
2024/10/13  09:33:48.447192	8.863295E-1
2024/10/13  09:33:48.447212	8.863295E-1
2024/10/13  09:33:48.447232	8.863295E-1
2024/10/13  09:33:48.447252	7.153443E-1
2024/10/13  09:33:48.447272	7.580906E-1
2024/10/13  09:33:48.447292	7.580906E-1
2024/10/13  09:33:48.447312	7.153443E-1
2024/10/13  09:33:48.447332	7.580906E-1
2024/10/13  09:33:48.447352	6.298517E-1
2024/10/13  09:33:48.447372	6.298517E-1
2024/10/13  09:33:48.447392	6.298517E-1
2024/10/13  09:33:48.447412	6.298517E-1
2024/10/13  09:33:48.447432	6.298517E-1
2024/10/13  09:33:48.447452	5.443591E-1
2024/10/13  09:33:48.447472	5.443591E-1
2024/10/13  09:33:48.447492	5.016128E-1
2024/10/13  09:33:48.447512	5.016128E-1
2024/10/13  09:33:48.447532	5.016128E-1
2024/10/13  09:33:48.447552	3.733739E-1
2024/10/13  09:33:48.447572	4.161202E-1
2024/10/13  09:33:48.447592	4.161202E-1
2024/10/13  09:33:48.447612	4.161202E-1
2024/10/13  09:33:48.447632	4.161202E-1
2024/10/13  09:33:48.447652	2.878813E-1
2024/10/13  09:33:48.447672	2.451350E-1
2024/10/13  09:33:48.447692	2.878813E-1
2024/10/13  09:33:48.447712	2.878813E-1
2024/10/13  09:33:48.447732	2.878813E-1
2024/10/13  09:33:48.447752	1.168960E-1
2024/10/13  09:33:48.447772	1.596423E-1
2024/10/13  09:33:48.447792	1.168960E-1
2024/10/13  09:33:48.447812	1.168960E-1
2024/10/13  09:33:48.447832	1.168960E-1
2024/10/13  09:33:48.447852	-1.134286E-2
2024/10/13  09:33:48.447872	-1.134286E-2
2024/10/13  09:33:48.447892	3.140344E-2
2024/10/13  09:33:48.447912	3.140344E-2
2024/10/13  09:33:48.447932	3.140344E-2
2024/10/13  09:33:48.447952	-9.683546E-2
2024/10/13  09:33:48.447972	-9.683546E-2
2024/10/13  09:33:48.447992	-9.683546E-2
2024/10/13  09:33:48.448012	-1.395818E-1
2024/10/13  09:33:48.448032	-9.683546E-2
2024/10/13  09:33:48.448052	-2.250744E-1
2024/10/13  09:33:48.448072	-2.250744E-1
2024/10/13  09:33:48.448092	-2.250744E-1
2024/10/13  09:33:48.448112	-2.250744E-1
2024/10/13  09:33:48.448132	-2.250744E-1
2024/10/13  09:33:48.448152	-3.533133E-1
2024/10/13  09:33:48.448172	-3.533133E-1
2024/10/13  09:33:48.448192	-3.533133E-1
2024/10/13  09:33:48.448212	-3.533133E-1
2024/10/13  09:33:48.448232	-3.533133E-1
2024/10/13  09:33:48.448252	-4.815522E-1
2024/10/13  09:33:48.448272	-4.815522E-1
2024/10/13  09:33:48.448292	-4.815522E-1
2024/10/13  09:33:48.448312	-4.815522E-1
2024/10/13  09:33:48.448332	-4.815522E-1
2024/10/13  09:33:48.448352	-6.097911E-1
2024/10/13  09:33:48.448372	-6.097911E-1
2024/10/13  09:33:48.448392	-6.097911E-1
2024/10/13  09:33:48.448412	-6.097911E-1
2024/10/13  09:33:48.448432	-6.097911E-1
2024/10/13  09:33:48.448452	-7.380300E-1
2024/10/13  09:33:48.448472	-6.952837E-1
2024/10/13  09:33:48.448492	-7.380300E-1
2024/10/13  09:33:48.448512	-7.380300E-1
2024/10/13  09:33:48.448532	-6.952837E-1
2024/10/13  09:33:48.448552	-8.235226E-1
2024/10/13  09:33:48.448572	-8.235226E-1
2024/10/13  09:33:48.448592	-8.235226E-1
2024/10/13  09:33:48.448612	-8.235226E-1
2024/10/13  09:33:48.448632	-8.235226E-1
2024/10/13  09:33:48.448652	-9.517615E-1
2024/10/13  09:33:48.448672	-9.517615E-1
2024/10/13  09:33:48.448692	-9.090152E-1
2024/10/13  09:33:48.448712	-9.517615E-1
2024/10/13  09:33:48.448732	-9.517615E-1
2024/10/13  09:33:48.448752	-1.080000E+0
2024/10/13  09:33:48.448772	-1.080000E+0
2024/10/13  09:33:48.448792	-1.037254E+0
2024/10/13  09:33:48.448812	-1.080000E+0
2024/10/13  09:33:48.448832	-1.080000E+0
2024/10/13  09:33:48.448852	-1.165493E+0
2024/10/13  09:33:48.448872	-1.165493E+0
2024/10/13  09:33:48.448892	-1.165493E+0
2024/10/13  09:33:48.448912	-1.165493E+0
2024/10/13  09:33:48.448932	-1.122747E+0
2024/10/13  09:33:48.448952	-1.293732E+0
2024/10/13  09:33:48.448972	-1.250986E+0
2024/10/13  09:33:48.448992	-1.250986E+0
2024/10/13  09:33:48.449012	-1.250986E+0
2024/10/13  09:33:48.449032	-1.250986E+0
2024/10/13  09:33:48.449052	-1.379225E+0
2024/10/13  09:33:48.449072	-1.379225E+0
2024/10/13  09:33:48.449092	-1.379225E+0
2024/10/13  09:33:48.449112	-1.336478E+0
2024/10/13  09:33:48.449132	-1.336478E+0
2024/10/13  09:33:48.449152	-1.421971E+0
2024/10/13  09:33:48.449172	-1.464717E+0
2024/10/13  09:33:48.449192	-1.464717E+0
2024/10/13  09:33:48.449212	-1.421971E+0
2024/10/13  09:33:48.449232	-1.464717E+0
2024/10/13  09:33:48.449252	-1.507463E+0
2024/10/13  09:33:48.449272	-1.507463E+0
2024/10/13  09:33:48.449292	-1.507463E+0
2024/10/13  09:33:48.449312	-1.507463E+0
2024/10/13  09:33:48.449332	-1.507463E+0
2024/10/13  09:33:48.449352	-1.592956E+0
2024/10/13  09:33:48.449372	-1.592956E+0
2024/10/13  09:33:48.449392	-1.592956E+0
2024/10/13  09:33:48.449412	-1.592956E+0
2024/10/13  09:33:48.449432	-1.592956E+0
2024/10/13  09:33:48.449452	-1.678449E+0
2024/10/13  09:33:48.449472	-1.678449E+0
2024/10/13  09:33:48.449492	-1.678449E+0
2024/10/13  09:33:48.449512	-1.635702E+0
2024/10/13  09:33:48.449532	-1.678449E+0
2024/10/13  09:33:48.449552	-1.721195E+0
2024/10/13  09:33:48.449572	-1.721195E+0
2024/10/13  09:33:48.449592	-1.678449E+0
2024/10/13  09:33:48.449612	-1.721195E+0
2024/10/13  09:33:48.449632	-1.721195E+0
2024/10/13  09:33:48.449652	-1.763941E+0
2024/10/13  09:33:48.449672	-1.806688E+0
2024/10/13  09:33:48.449692	-1.806688E+0
2024/10/13  09:33:48.449712	-1.806688E+0
2024/10/13  09:33:48.449732	-1.806688E+0
2024/10/13  09:33:48.449752	-1.849434E+0
2024/10/13  09:33:48.449772	-1.849434E+0
2024/10/13  09:33:48.449792	-1.849434E+0
2024/10/13  09:33:48.449812	-1.849434E+0
2024/10/13  09:33:48.449832	-1.849434E+0
2024/10/13  09:33:48.449852	-1.892180E+0
2024/10/13  09:33:48.449872	-1.892180E+0
2024/10/13  09:33:48.449892	-1.892180E+0
2024/10/13  09:33:48.449912	-1.849434E+0
2024/10/13  09:33:48.449932	-1.934926E+0
2024/10/13  09:33:48.449952	-1.934926E+0
2024/10/13  09:33:48.449972	-1.892180E+0
2024/10/13  09:33:48.449992	-1.934926E+0
2024/10/13  09:33:48.450012	-1.934926E+0
2024/10/13  09:33:48.450032	-1.934926E+0
2024/10/13  09:33:48.450052	-1.977673E+0
2024/10/13  09:33:48.450072	-1.934926E+0
2024/10/13  09:33:48.450092	-1.934926E+0
2024/10/13  09:33:48.450112	-1.934926E+0
2024/10/13  09:33:48.450132	-1.934926E+0
2024/10/13  09:33:48.450152	-1.934926E+0
2024/10/13  09:33:48.450172	-1.977673E+0
2024/10/13  09:33:48.450192	-1.977673E+0
2024/10/13  09:33:48.450212	-1.977673E+0
2024/10/13  09:33:48.450232	-1.977673E+0
2024/10/13  09:33:48.450252	-1.977673E+0
2024/10/13  09:33:48.450272	-1.977673E+0
2024/10/13  09:33:48.450292	-1.977673E+0
2024/10/13  09:33:48.450312	-1.977673E+0
2024/10/13  09:33:48.450332	-1.977673E+0
2024/10/13  09:33:48.450352	-1.977673E+0
2024/10/13  09:33:48.450372	-1.977673E+0
2024/10/13  09:33:48.450392	-1.977673E+0
2024/10/13  09:33:48.450412	-2.020419E+0
2024/10/13  09:33:48.450432	-1.977673E+0
2024/10/13  09:33:48.450452	-1.977673E+0
2024/10/13  09:33:48.450472	-1.977673E+0
2024/10/13  09:33:48.450492	-1.977673E+0
2024/10/13  09:33:48.450512	-1.977673E+0
2024/10/13  09:33:48.450532	-1.977673E+0
2024/10/13  09:33:48.450552	-1.977673E+0
2024/10/13  09:33:48.450572	-1.977673E+0
2024/10/13  09:33:48.450592	-1.977673E+0
2024/10/13  09:33:48.450612	-1.977673E+0
2024/10/13  09:33:48.450632	-1.977673E+0
2024/10/13  09:33:48.450652	-1.934926E+0
2024/10/13  09:33:48.450672	-1.934926E+0
2024/10/13  09:33:48.450692	-1.934926E+0
2024/10/13  09:33:48.450712	-1.934926E+0
2024/10/13  09:33:48.450732	-1.977673E+0
2024/10/13  09:33:48.450752	-1.934926E+0
2024/10/13  09:33:48.450772	-1.934926E+0
2024/10/13  09:33:48.450792	-1.849434E+0
2024/10/13  09:33:48.450812	-1.934926E+0
2024/10/13  09:33:48.450832	-1.934926E+0
2024/10/13  09:33:48.450852	-1.892180E+0
2024/10/13  09:33:48.450872	-1.849434E+0
2024/10/13  09:33:48.450892	-1.849434E+0
2024/10/13  09:33:48.450912	-1.849434E+0
2024/10/13  09:33:48.450932	-1.849434E+0
2024/10/13  09:33:48.450952	-1.849434E+0
2024/10/13  09:33:48.450972	-1.806688E+0
2024/10/13  09:33:48.450992	-1.806688E+0
2024/10/13  09:33:48.451012	-1.806688E+0
2024/10/13  09:33:48.451032	-1.849434E+0
2024/10/13  09:33:48.451052	-1.763941E+0
2024/10/13  09:33:48.451072	-1.806688E+0
2024/10/13  09:33:48.451092	-1.806688E+0
2024/10/13  09:33:48.451112	-1.763941E+0
2024/10/13  09:33:48.451132	-1.806688E+0
2024/10/13  09:33:48.451152	-1.721195E+0
2024/10/13  09:33:48.451172	-1.721195E+0
2024/10/13  09:33:48.451192	-1.721195E+0
2024/10/13  09:33:48.451212	-1.721195E+0
2024/10/13  09:33:48.451232	-1.678449E+0
2024/10/13  09:33:48.451252	-1.678449E+0
2024/10/13  09:33:48.451272	-1.678449E+0
2024/10/13  09:33:48.451292	-1.678449E+0
2024/10/13  09:33:48.451312	-1.635702E+0
2024/10/13  09:33:48.451332	-1.678449E+0
2024/10/13  09:33:48.451352	-1.592956E+0
2024/10/13  09:33:48.451372	-1.592956E+0
2024/10/13  09:33:48.451392	-1.592956E+0
2024/10/13  09:33:48.451412	-1.592956E+0
2024/10/13  09:33:48.451432	-1.592956E+0
2024/10/13  09:33:48.451452	-1.507463E+0
2024/10/13  09:33:48.451472	-1.507463E+0
2024/10/13  09:33:48.451492	-1.507463E+0
2024/10/13  09:33:48.451512	-1.507463E+0
2024/10/13  09:33:48.451532	-1.507463E+0
2024/10/13  09:33:48.451552	-1.464717E+0
2024/10/13  09:33:48.451572	-1.421971E+0
2024/10/13  09:33:48.451592	-1.464717E+0
2024/10/13  09:33:48.451612	-1.464717E+0
2024/10/13  09:33:48.451632	-1.421971E+0
2024/10/13  09:33:48.451652	-1.336478E+0
2024/10/13  09:33:48.451672	-1.336478E+0
2024/10/13  09:33:48.451692	-1.336478E+0
2024/10/13  09:33:48.451712	-1.336478E+0
2024/10/13  09:33:48.451732	-1.336478E+0
2024/10/13  09:33:48.451752	-1.250986E+0
2024/10/13  09:33:48.451772	-1.250986E+0
2024/10/13  09:33:48.451792	-1.250986E+0
2024/10/13  09:33:48.451812	-1.250986E+0
2024/10/13  09:33:48.451832	-1.250986E+0
2024/10/13  09:33:48.451852	-1.165493E+0
2024/10/13  09:33:48.451872	-1.122747E+0
2024/10/13  09:33:48.451892	-1.165493E+0
2024/10/13  09:33:48.451912	-1.165493E+0
2024/10/13  09:33:48.451932	-1.165493E+0
2024/10/13  09:33:48.451952	-1.037254E+0
2024/10/13  09:33:48.451972	-1.080000E+0
2024/10/13  09:33:48.451992	-1.080000E+0
2024/10/13  09:33:48.452012	-1.080000E+0
2024/10/13  09:33:48.452032	-1.037254E+0
2024/10/13  09:33:48.452052	-9.090152E-1
2024/10/13  09:33:48.452072	-9.517615E-1
2024/10/13  09:33:48.452092	-9.517615E-1
2024/10/13  09:33:48.452112	-9.090152E-1
2024/10/13  09:33:48.452132	-9.517615E-1
2024/10/13  09:33:48.452152	-8.235226E-1
2024/10/13  09:33:48.452172	-8.235226E-1
2024/10/13  09:33:48.452192	-8.235226E-1
2024/10/13  09:33:48.452212	-8.235226E-1
2024/10/13  09:33:48.452232	-8.235226E-1
2024/10/13  09:33:48.452252	-6.952837E-1
2024/10/13  09:33:48.452272	-6.952837E-1
2024/10/13  09:33:48.452292	-7.380300E-1
2024/10/13  09:33:48.452312	-7.380300E-1
2024/10/13  09:33:48.452332	-7.380300E-1
2024/10/13  09:33:48.452352	-6.097911E-1
2024/10/13  09:33:48.452372	-6.097911E-1
2024/10/13  09:33:48.452392	-6.097911E-1
2024/10/13  09:33:48.452412	-6.097911E-1
2024/10/13  09:33:48.452432	-6.097911E-1
2024/10/13  09:33:48.452452	-4.815522E-1
2024/10/13  09:33:48.452472	-4.815522E-1
2024/10/13  09:33:48.452492	-4.388059E-1
2024/10/13  09:33:48.452512	-4.388059E-1
2024/10/13  09:33:48.452532	-4.815522E-1
2024/10/13  09:33:48.452552	-3.533133E-1
2024/10/13  09:33:48.452572	-3.533133E-1
2024/10/13  09:33:48.452592	-3.533133E-1
2024/10/13  09:33:48.452612	-3.533133E-1
2024/10/13  09:33:48.452632	-3.533133E-1
2024/10/13  09:33:48.452652	-2.250744E-1
2024/10/13  09:33:48.452672	-2.250744E-1
2024/10/13  09:33:48.452692	-2.250744E-1
2024/10/13  09:33:48.452712	-2.250744E-1
2024/10/13  09:33:48.452732	-2.250744E-1
2024/10/13  09:33:48.452752	-9.683546E-2
2024/10/13  09:33:48.452772	-9.683546E-2
2024/10/13  09:33:48.452792	-9.683546E-2
2024/10/13  09:33:48.452812	-9.683546E-2
2024/10/13  09:33:48.452832	-9.683546E-2
2024/10/13  09:33:48.452852	3.140344E-2
2024/10/13  09:33:48.452872	3.140344E-2
2024/10/13  09:33:48.452892	3.140344E-2
2024/10/13  09:33:48.452912	3.140344E-2
2024/10/13  09:33:48.452932	3.140344E-2
2024/10/13  09:33:48.452952	1.168960E-1
2024/10/13  09:33:48.452972	1.596423E-1
2024/10/13  09:33:48.452992	1.596423E-1
2024/10/13  09:33:48.453012	1.168960E-1
2024/10/13  09:33:48.453032	1.168960E-1
2024/10/13  09:33:48.453052	2.451350E-1
2024/10/13  09:33:48.453072	2.878813E-1
2024/10/13  09:33:48.453092	2.878813E-1
2024/10/13  09:33:48.453112	2.878813E-1
2024/10/13  09:33:48.453132	2.451350E-1
2024/10/13  09:33:48.453152	4.161202E-1
2024/10/13  09:33:48.453172	3.733739E-1
2024/10/13  09:33:48.453192	3.733739E-1
2024/10/13  09:33:48.453212	3.733739E-1
2024/10/13  09:33:48.453232	4.161202E-1
2024/10/13  09:33:48.453252	5.443591E-1
2024/10/13  09:33:48.453272	5.443591E-1
2024/10/13  09:33:48.453292	5.443591E-1
2024/10/13  09:33:48.453312	5.016128E-1
2024/10/13  09:33:48.453332	5.016128E-1
2024/10/13  09:33:48.453352	6.298517E-1
2024/10/13  09:33:48.453372	6.298517E-1
2024/10/13  09:33:48.453392	6.298517E-1
2024/10/13  09:33:48.453412	6.298517E-1
2024/10/13  09:33:48.453432	6.298517E-1
2024/10/13  09:33:48.453452	7.580906E-1
2024/10/13  09:33:48.453472	7.580906E-1
2024/10/13  09:33:48.453492	7.580906E-1
2024/10/13  09:33:48.453512	7.580906E-1
2024/10/13  09:33:48.453532	7.580906E-1
2024/10/13  09:33:48.453552	8.863295E-1
2024/10/13  09:33:48.453572	8.863295E-1
2024/10/13  09:33:48.453592	8.863295E-1
2024/10/13  09:33:48.453612	8.863295E-1
2024/10/13  09:33:48.453632	8.863295E-1
2024/10/13  09:33:48.453652	1.014568E+0
2024/10/13  09:33:48.453672	1.014568E+0
2024/10/13  09:33:48.453692	9.718221E-1
2024/10/13  09:33:48.453712	9.718221E-1
2024/10/13  09:33:48.453732	9.718221E-1
2024/10/13  09:33:48.453752	1.100061E+0
2024/10/13  09:33:48.453772	1.100061E+0
2024/10/13  09:33:48.453792	1.100061E+0
2024/10/13  09:33:48.453812	1.100061E+0
2024/10/13  09:33:48.453832	1.100061E+0
2024/10/13  09:33:48.453852	1.228300E+0
2024/10/13  09:33:48.453872	1.185554E+0
2024/10/13  09:33:48.453892	1.228300E+0
2024/10/13  09:33:48.453912	1.185554E+0
2024/10/13  09:33:48.453932	1.228300E+0
2024/10/13  09:33:48.453952	1.313792E+0
2024/10/13  09:33:48.453972	1.313792E+0
2024/10/13  09:33:48.453992	1.313792E+0
2024/10/13  09:33:48.454012	1.313792E+0
2024/10/13  09:33:48.454032	1.313792E+0
2024/10/13  09:33:48.454052	1.399285E+0
2024/10/13  09:33:48.454072	1.399285E+0
2024/10/13  09:33:48.454092	1.399285E+0
2024/10/13  09:33:48.454112	1.399285E+0
2024/10/13  09:33:48.454132	1.399285E+0
2024/10/13  09:33:48.454152	1.484778E+0
2024/10/13  09:33:48.454172	1.484778E+0
2024/10/13  09:33:48.454192	1.484778E+0
2024/10/13  09:33:48.454212	1.484778E+0
2024/10/13  09:33:48.454232	1.484778E+0
2024/10/13  09:33:48.454252	1.570270E+0
2024/10/13  09:33:48.454272	1.570270E+0
2024/10/13  09:33:48.454292	1.570270E+0
2024/10/13  09:33:48.454312	1.570270E+0
2024/10/13  09:33:48.454332	1.570270E+0
2024/10/13  09:33:48.454352	1.655763E+0
2024/10/13  09:33:48.454372	1.655763E+0
2024/10/13  09:33:48.454392	1.655763E+0
2024/10/13  09:33:48.454412	1.655763E+0
2024/10/13  09:33:48.454432	1.655763E+0
2024/10/13  09:33:48.454452	1.698509E+0
2024/10/13  09:33:48.454472	1.698509E+0
2024/10/13  09:33:48.454492	1.741256E+0
2024/10/13  09:33:48.454512	1.698509E+0
2024/10/13  09:33:48.454532	1.741256E+0
2024/10/13  09:33:48.454552	1.741256E+0
2024/10/13  09:33:48.454572	1.784002E+0
2024/10/13  09:33:48.454592	1.784002E+0
2024/10/13  09:33:48.454612	1.784002E+0
2024/10/13  09:33:48.454632	1.784002E+0
2024/10/13  09:33:48.454652	1.826748E+0
2024/10/13  09:33:48.454672	1.826748E+0
2024/10/13  09:33:48.454692	1.826748E+0
2024/10/13  09:33:48.454712	1.869494E+0
2024/10/13  09:33:48.454732	1.826748E+0
2024/10/13  09:33:48.454752	1.912241E+0
2024/10/13  09:33:48.454772	1.912241E+0
2024/10/13  09:33:48.454792	1.912241E+0
2024/10/13  09:33:48.454812	1.869494E+0
2024/10/13  09:33:48.454832	1.869494E+0
2024/10/13  09:33:48.454852	1.912241E+0
2024/10/13  09:33:48.454872	1.912241E+0
2024/10/13  09:33:48.454892	1.912241E+0
2024/10/13  09:33:48.454912	1.912241E+0
2024/10/13  09:33:48.454932	1.954987E+0
2024/10/13  09:33:48.454952	1.954987E+0
2024/10/13  09:33:48.454972	1.997733E+0
2024/10/13  09:33:48.454992	1.997733E+0
2024/10/13  09:33:48.455012	1.954987E+0
2024/10/13  09:33:48.455032	1.954987E+0
2024/10/13  09:33:48.455052	1.997733E+0
2024/10/13  09:33:48.455072	1.997733E+0
2024/10/13  09:33:48.455092	1.997733E+0
2024/10/13  09:33:48.455112	1.997733E+0
2024/10/13  09:33:48.455132	1.997733E+0
2024/10/13  09:33:48.455152	1.997733E+0
2024/10/13  09:33:48.455172	1.997733E+0
2024/10/13  09:33:48.455192	1.997733E+0
2024/10/13  09:33:48.455212	1.997733E+0
2024/10/13  09:33:48.455232	1.997733E+0
2024/10/13  09:33:48.455252	1.997733E+0
2024/10/13  09:33:48.455272	1.997733E+0
2024/10/13  09:33:48.455292	1.997733E+0
2024/10/13  09:33:48.455312	1.997733E+0
2024/10/13  09:33:48.455332	1.997733E+0
2024/10/13  09:33:48.455352	2.040480E+0
2024/10/13  09:33:48.455372	2.040480E+0
2024/10/13  09:33:48.455392	2.040480E+0
2024/10/13  09:33:48.455412	2.040480E+0
2024/10/13  09:33:48.455432	2.040480E+0
2024/10/13  09:33:48.455452	1.997733E+0
2024/10/13  09:33:48.455472	1.997733E+0
2024/10/13  09:33:48.455492	2.040480E+0
2024/10/13  09:33:48.455512	1.997733E+0
2024/10/13  09:33:48.455532	1.997733E+0
2024/10/13  09:33:48.455552	1.997733E+0
2024/10/13  09:33:48.455572	1.997733E+0
2024/10/13  09:33:48.455592	1.997733E+0
2024/10/13  09:33:48.455612	1.997733E+0
2024/10/13  09:33:48.455632	1.997733E+0
2024/10/13  09:33:48.455652	1.997733E+0
2024/10/13  09:33:48.455672	1.997733E+0
2024/10/13  09:33:48.455692	1.997733E+0
2024/10/13  09:33:48.455712	1.997733E+0
2024/10/13  09:33:48.455732	1.997733E+0
2024/10/13  09:33:48.455752	1.954987E+0
2024/10/13  09:33:48.455772	1.954987E+0
2024/10/13  09:33:48.455792	1.954987E+0
2024/10/13  09:33:48.455812	1.954987E+0
2024/10/13  09:33:48.455832	1.954987E+0
2024/10/13  09:33:48.455852	1.912241E+0
2024/10/13  09:33:48.455872	1.912241E+0
2024/10/13  09:33:48.455892	1.912241E+0
2024/10/13  09:33:48.455912	1.912241E+0
2024/10/13  09:33:48.455932	1.954987E+0
2024/10/13  09:33:48.455952	1.912241E+0
2024/10/13  09:33:48.455972	1.912241E+0
2024/10/13  09:33:48.455992	1.912241E+0
2024/10/13  09:33:48.456012	1.912241E+0
2024/10/13  09:33:48.456032	1.912241E+0
2024/10/13  09:33:48.456052	1.826748E+0
2024/10/13  09:33:48.456072	1.826748E+0
2024/10/13  09:33:48.456092	1.826748E+0
2024/10/13  09:33:48.456112	1.826748E+0
2024/10/13  09:33:48.456132	1.826748E+0
2024/10/13  09:33:48.456152	1.784002E+0
2024/10/13  09:33:48.456172	1.741256E+0
2024/10/13  09:33:48.456192	1.784002E+0
2024/10/13  09:33:48.456212	1.784002E+0
2024/10/13  09:33:48.456232	1.741256E+0
2024/10/13  09:33:48.456252	1.741256E+0
2024/10/13  09:33:48.456272	1.698509E+0
2024/10/13  09:33:48.456292	1.741256E+0
2024/10/13  09:33:48.456312	1.741256E+0
2024/10/13  09:33:48.456332	1.741256E+0
2024/10/13  09:33:48.456352	1.655763E+0
2024/10/13  09:33:48.456372	1.613017E+0
2024/10/13  09:33:48.456392	1.655763E+0
2024/10/13  09:33:48.456412	1.655763E+0
2024/10/13  09:33:48.456432	1.613017E+0
2024/10/13  09:33:48.456452	1.570270E+0
2024/10/13  09:33:48.456472	1.570270E+0
2024/10/13  09:33:48.456492	1.570270E+0
2024/10/13  09:33:48.456512	1.570270E+0
2024/10/13  09:33:48.456532	1.570270E+0
2024/10/13  09:33:48.456552	1.484778E+0
2024/10/13  09:33:48.456572	1.484778E+0
2024/10/13  09:33:48.456592	1.442031E+0
2024/10/13  09:33:48.456612	1.484778E+0
2024/10/13  09:33:48.456632	1.484778E+0
2024/10/13  09:33:48.456652	1.399285E+0
2024/10/13  09:33:48.456672	1.399285E+0
2024/10/13  09:33:48.456692	1.399285E+0
2024/10/13  09:33:48.456712	1.399285E+0
2024/10/13  09:33:48.456732	1.399285E+0
2024/10/13  09:33:48.456752	1.271046E+0
2024/10/13  09:33:48.456772	1.313792E+0
2024/10/13  09:33:48.456792	1.271046E+0
2024/10/13  09:33:48.456812	1.271046E+0
2024/10/13  09:33:48.456832	1.271046E+0
2024/10/13  09:33:48.456852	1.228300E+0
2024/10/13  09:33:48.456872	1.185554E+0
2024/10/13  09:33:48.456892	1.228300E+0
2024/10/13  09:33:48.456912	1.228300E+0
2024/10/13  09:33:48.456932	1.228300E+0
2024/10/13  09:33:48.456952	1.100061E+0
2024/10/13  09:33:48.456972	1.100061E+0
2024/10/13  09:33:48.456992	1.100061E+0
2024/10/13  09:33:48.457012	1.100061E+0
2024/10/13  09:33:48.457032	1.100061E+0
2024/10/13  09:33:48.457052	9.718221E-1
2024/10/13  09:33:48.457072	1.014568E+0
2024/10/13  09:33:48.457092	9.718221E-1
2024/10/13  09:33:48.457112	9.718221E-1
2024/10/13  09:33:48.457132	9.718221E-1
2024/10/13  09:33:48.457152	8.863295E-1
2024/10/13  09:33:48.457172	8.863295E-1
2024/10/13  09:33:48.457192	8.863295E-1
2024/10/13  09:33:48.457212	8.863295E-1
2024/10/13  09:33:48.457232	8.435832E-1
2024/10/13  09:33:48.457252	7.580906E-1
2024/10/13  09:33:48.457272	7.580906E-1
2024/10/13  09:33:48.457292	7.580906E-1
2024/10/13  09:33:48.457312	7.580906E-1
2024/10/13  09:33:48.457332	7.580906E-1
2024/10/13  09:33:48.457352	6.298517E-1
2024/10/13  09:33:48.457372	6.298517E-1
2024/10/13  09:33:48.457392	6.298517E-1
2024/10/13  09:33:48.457412	6.298517E-1
2024/10/13  09:33:48.457432	6.298517E-1
2024/10/13  09:33:48.457452	5.016128E-1
2024/10/13  09:33:48.457472	5.016128E-1
2024/10/13  09:33:48.457492	5.016128E-1
2024/10/13  09:33:48.457512	5.443591E-1
2024/10/13  09:33:48.457532	5.016128E-1
2024/10/13  09:33:48.457552	3.733739E-1
2024/10/13  09:33:48.457572	3.733739E-1
2024/10/13  09:33:48.457592	3.733739E-1
2024/10/13  09:33:48.457612	4.161202E-1
2024/10/13  09:33:48.457632	3.733739E-1
2024/10/13  09:33:48.457652	2.878813E-1
2024/10/13  09:33:48.457672	2.878813E-1
2024/10/13  09:33:48.457692	2.878813E-1
2024/10/13  09:33:48.457712	2.878813E-1
2024/10/13  09:33:48.457732	2.451350E-1
2024/10/13  09:33:48.457752	1.596423E-1
2024/10/13  09:33:48.457772	1.168960E-1
2024/10/13  09:33:48.457792	1.168960E-1
2024/10/13  09:33:48.457812	1.596423E-1
2024/10/13  09:33:48.457832	1.168960E-1
2024/10/13  09:33:48.457852	3.140344E-2
2024/10/13  09:33:48.457872	3.140344E-2
2024/10/13  09:33:48.457892	3.140344E-2
2024/10/13  09:33:48.457912	-1.134286E-2
2024/10/13  09:33:48.457932	3.140344E-2
2024/10/13  09:33:48.457952	-9.683546E-2
2024/10/13  09:33:48.457972	-9.683546E-2
2024/10/13  09:33:48.457992	-9.683546E-2
2024/10/13  09:33:48.458012	-9.683546E-2
2024/10/13  09:33:48.458032	-9.683546E-2
2024/10/13  09:33:48.458052	-2.250744E-1
2024/10/13  09:33:48.458072	-2.250744E-1
2024/10/13  09:33:48.458092	-2.250744E-1
2024/10/13  09:33:48.458112	-2.250744E-1
2024/10/13  09:33:48.458132	-2.250744E-1
2024/10/13  09:33:48.458152	-3.533133E-1
2024/10/13  09:33:48.458172	-3.533133E-1
2024/10/13  09:33:48.458192	-3.533133E-1
2024/10/13  09:33:48.458212	-3.533133E-1
2024/10/13  09:33:48.458232	-3.533133E-1
2024/10/13  09:33:48.458252	-4.815522E-1
2024/10/13  09:33:48.458272	-4.815522E-1
2024/10/13  09:33:48.458292	-4.815522E-1
2024/10/13  09:33:48.458312	-4.815522E-1
2024/10/13  09:33:48.458332	-4.815522E-1
2024/10/13  09:33:48.458352	-6.097911E-1
2024/10/13  09:33:48.458372	-6.097911E-1
2024/10/13  09:33:48.458392	-6.097911E-1
2024/10/13  09:33:48.458412	-6.097911E-1
2024/10/13  09:33:48.458432	-6.097911E-1
2024/10/13  09:33:48.458452	-7.380300E-1
2024/10/13  09:33:48.458472	-7.380300E-1
2024/10/13  09:33:48.458492	-7.380300E-1
2024/10/13  09:33:48.458512	-7.380300E-1
2024/10/13  09:33:48.458532	-7.380300E-1
2024/10/13  09:33:48.458552	-8.235226E-1
2024/10/13  09:33:48.458572	-8.235226E-1
2024/10/13  09:33:48.458592	-8.235226E-1
2024/10/13  09:33:48.458612	-8.235226E-1
2024/10/13  09:33:48.458632	-8.235226E-1
2024/10/13  09:33:48.458652	-9.517615E-1
2024/10/13  09:33:48.458672	-9.517615E-1
2024/10/13  09:33:48.458692	-9.517615E-1
2024/10/13  09:33:48.458712	-9.517615E-1
2024/10/13  09:33:48.458732	-9.517615E-1
2024/10/13  09:33:48.458752	-1.080000E+0
2024/10/13  09:33:48.458772	-1.037254E+0
2024/10/13  09:33:48.458792	-1.080000E+0
2024/10/13  09:33:48.458812	-1.080000E+0
2024/10/13  09:33:48.458832	-1.037254E+0
2024/10/13  09:33:48.458852	-1.165493E+0
2024/10/13  09:33:48.458872	-1.165493E+0
2024/10/13  09:33:48.458892	-1.122747E+0
2024/10/13  09:33:48.458912	-1.165493E+0
2024/10/13  09:33:48.458932	-1.165493E+0
2024/10/13  09:33:48.458952	-1.250986E+0
2024/10/13  09:33:48.458972	-1.250986E+0
2024/10/13  09:33:48.458992	-1.250986E+0
2024/10/13  09:33:48.459012	-1.250986E+0
2024/10/13  09:33:48.459032	-1.250986E+0
2024/10/13  09:33:48.459052	-1.336478E+0
2024/10/13  09:33:48.459072	-1.336478E+0
2024/10/13  09:33:48.459092	-1.336478E+0
2024/10/13  09:33:48.459112	-1.336478E+0
2024/10/13  09:33:48.459132	-1.336478E+0
2024/10/13  09:33:48.459152	-1.421971E+0
2024/10/13  09:33:48.459172	-1.421971E+0
2024/10/13  09:33:48.459192	-1.464717E+0
2024/10/13  09:33:48.459212	-1.464717E+0
2024/10/13  09:33:48.459232	-1.464717E+0
2024/10/13  09:33:48.459252	-1.507463E+0
2024/10/13  09:33:48.459272	-1.507463E+0
2024/10/13  09:33:48.459292	-1.507463E+0
2024/10/13  09:33:48.459312	-1.507463E+0
2024/10/13  09:33:48.459332	-1.507463E+0
2024/10/13  09:33:48.459352	-1.592956E+0
2024/10/13  09:33:48.459372	-1.592956E+0
2024/10/13  09:33:48.459392	-1.592956E+0
2024/10/13  09:33:48.459412	-1.592956E+0
2024/10/13  09:33:48.459432	-1.592956E+0
2024/10/13  09:33:48.459452	-1.678449E+0
2024/10/13  09:33:48.459472	-1.678449E+0
2024/10/13  09:33:48.459492	-1.678449E+0
2024/10/13  09:33:48.459512	-1.635702E+0
2024/10/13  09:33:48.459532	-1.678449E+0
2024/10/13  09:33:48.459552	-1.721195E+0
2024/10/13  09:33:48.459572	-1.721195E+0
2024/10/13  09:33:48.459592	-1.763941E+0
2024/10/13  09:33:48.459612	-1.721195E+0
2024/10/13  09:33:48.459632	-1.721195E+0
2024/10/13  09:33:48.459652	-1.763941E+0
2024/10/13  09:33:48.459672	-1.806688E+0
2024/10/13  09:33:48.459692	-1.763941E+0
2024/10/13  09:33:48.459712	-1.806688E+0
2024/10/13  09:33:48.459732	-1.763941E+0
2024/10/13  09:33:48.459752	-1.849434E+0
2024/10/13  09:33:48.459772	-1.806688E+0
2024/10/13  09:33:48.459792	-1.849434E+0
2024/10/13  09:33:48.459812	-1.806688E+0
2024/10/13  09:33:48.459832	-1.849434E+0
2024/10/13  09:33:48.459852	-1.892180E+0
2024/10/13  09:33:48.459872	-1.892180E+0
2024/10/13  09:33:48.459892	-1.849434E+0
2024/10/13  09:33:48.459912	-1.849434E+0
2024/10/13  09:33:48.459932	-1.892180E+0
2024/10/13  09:33:48.459952	-1.934926E+0
2024/10/13  09:33:48.459972	-1.934926E+0
2024/10/13  09:33:48.459992	-1.934926E+0
2024/10/13  09:33:48.460012	-1.934926E+0
2024/10/13  09:33:48.460032	-1.934926E+0
2024/10/13  09:33:48.460052	-1.934926E+0
2024/10/13  09:33:48.460072	-1.934926E+0
2024/10/13  09:33:48.460092	-1.934926E+0
2024/10/13  09:33:48.460112	-1.977673E+0
2024/10/13  09:33:48.460132	-1.934926E+0
2024/10/13  09:33:48.460152	-1.977673E+0
2024/10/13  09:33:48.460172	-1.977673E+0
2024/10/13  09:33:48.460192	-1.977673E+0
2024/10/13  09:33:48.460212	-1.977673E+0
2024/10/13  09:33:48.460232	-1.977673E+0
2024/10/13  09:33:48.460252	-1.977673E+0
2024/10/13  09:33:48.460272	-1.977673E+0
2024/10/13  09:33:48.460292	-1.977673E+0
2024/10/13  09:33:48.460312	-1.977673E+0
2024/10/13  09:33:48.460332	-1.977673E+0
2024/10/13  09:33:48.460352	-1.977673E+0
2024/10/13  09:33:48.460372	-1.977673E+0
2024/10/13  09:33:48.460392	-1.977673E+0
2024/10/13  09:33:48.460412	-1.977673E+0
2024/10/13  09:33:48.460432	-1.977673E+0
2024/10/13  09:33:48.460452	-1.977673E+0
2024/10/13  09:33:48.460472	-1.977673E+0
2024/10/13  09:33:48.460492	-1.977673E+0
2024/10/13  09:33:48.460512	-1.977673E+0
2024/10/13  09:33:48.460532	-1.977673E+0
2024/10/13  09:33:48.460552	-1.934926E+0
2024/10/13  09:33:48.460572	-1.977673E+0
2024/10/13  09:33:48.460592	-1.977673E+0
2024/10/13  09:33:48.460612	-1.934926E+0
2024/10/13  09:33:48.460632	-1.977673E+0
2024/10/13  09:33:48.460652	-1.934926E+0
2024/10/13  09:33:48.460672	-1.934926E+0
2024/10/13  09:33:48.460692	-1.934926E+0
2024/10/13  09:33:48.460712	-1.934926E+0
2024/10/13  09:33:48.460732	-1.934926E+0
2024/10/13  09:33:48.460752	-1.892180E+0
2024/10/13  09:33:48.460772	-1.934926E+0
2024/10/13  09:33:48.460792	-1.934926E+0
2024/10/13  09:33:48.460812	-1.934926E+0
2024/10/13  09:33:48.460832	-1.934926E+0
