waveform	Ch0	
t0	2024/10/13  09:20:06.338298	
delta t	2.000000E-5	

time[0]	Ch0
2024/10/13  09:20:06.338298	3.733739E-1
2024/10/13  09:20:06.338318	3.733739E-1
2024/10/13  09:20:06.338338	3.733739E-1
2024/10/13  09:20:06.338358	3.733739E-1
2024/10/13  09:20:06.338378	3.733739E-1
2024/10/13  09:20:06.338398	3.733739E-1
2024/10/13  09:20:06.338418	3.733739E-1
2024/10/13  09:20:06.338438	4.161202E-1
2024/10/13  09:20:06.338458	3.733739E-1
2024/10/13  09:20:06.338478	3.733739E-1
2024/10/13  09:20:06.338498	3.733739E-1
2024/10/13  09:20:06.338518	3.733739E-1
2024/10/13  09:20:06.338538	3.733739E-1
2024/10/13  09:20:06.338558	3.733739E-1
2024/10/13  09:20:06.338578	3.733739E-1
2024/10/13  09:20:06.338598	3.733739E-1
2024/10/13  09:20:06.338618	3.733739E-1
2024/10/13  09:20:06.338638	3.733739E-1
2024/10/13  09:20:06.338658	4.161202E-1
2024/10/13  09:20:06.338678	3.733739E-1
2024/10/13  09:20:06.338698	3.733739E-1
2024/10/13  09:20:06.338718	1.442031E+0
2024/10/13  09:20:06.338738	1.484778E+0
2024/10/13  09:20:06.338758	1.442031E+0
2024/10/13  09:20:06.338778	1.442031E+0
2024/10/13  09:20:06.338798	1.442031E+0
2024/10/13  09:20:06.338818	1.442031E+0
2024/10/13  09:20:06.338838	1.442031E+0
2024/10/13  09:20:06.338858	1.484778E+0
2024/10/13  09:20:06.338878	1.484778E+0
2024/10/13  09:20:06.338898	1.484778E+0
2024/10/13  09:20:06.338918	1.484778E+0
2024/10/13  09:20:06.338938	1.484778E+0
2024/10/13  09:20:06.338958	1.484778E+0
2024/10/13  09:20:06.338978	1.442031E+0
2024/10/13  09:20:06.338998	1.442031E+0
2024/10/13  09:20:06.339018	1.484778E+0
2024/10/13  09:20:06.339038	1.442031E+0
2024/10/13  09:20:06.339058	1.484778E+0
2024/10/13  09:20:06.339078	1.484778E+0
2024/10/13  09:20:06.339098	1.442031E+0
2024/10/13  09:20:06.339118	1.442031E+0
2024/10/13  09:20:06.339138	1.484778E+0
2024/10/13  09:20:06.339158	1.484778E+0
2024/10/13  09:20:06.339178	1.484778E+0
2024/10/13  09:20:06.339198	1.484778E+0
2024/10/13  09:20:06.339218	1.442031E+0
2024/10/13  09:20:06.339238	1.484778E+0
2024/10/13  09:20:06.339258	1.442031E+0
2024/10/13  09:20:06.339278	1.484778E+0
2024/10/13  09:20:06.339298	1.442031E+0
2024/10/13  09:20:06.339318	1.442031E+0
2024/10/13  09:20:06.339338	1.484778E+0
2024/10/13  09:20:06.339358	1.442031E+0
2024/10/13  09:20:06.339378	1.442031E+0
2024/10/13  09:20:06.339398	1.442031E+0
2024/10/13  09:20:06.339418	1.442031E+0
2024/10/13  09:20:06.339438	1.484778E+0
2024/10/13  09:20:06.339458	1.484778E+0
2024/10/13  09:20:06.339478	1.484778E+0
2024/10/13  09:20:06.339498	1.442031E+0
2024/10/13  09:20:06.339518	1.442031E+0
2024/10/13  09:20:06.339538	1.484778E+0
2024/10/13  09:20:06.339558	1.442031E+0
2024/10/13  09:20:06.339578	1.442031E+0
2024/10/13  09:20:06.339598	1.442031E+0
2024/10/13  09:20:06.339618	1.484778E+0
2024/10/13  09:20:06.339638	1.484778E+0
2024/10/13  09:20:06.339658	1.442031E+0
2024/10/13  09:20:06.339678	1.484778E+0
2024/10/13  09:20:06.339698	1.484778E+0
2024/10/13  09:20:06.339718	1.997733E+0
2024/10/13  09:20:06.339738	1.997733E+0
2024/10/13  09:20:06.339758	1.997733E+0
2024/10/13  09:20:06.339778	1.997733E+0
2024/10/13  09:20:06.339798	1.997733E+0
2024/10/13  09:20:06.339818	1.997733E+0
2024/10/13  09:20:06.339838	1.997733E+0
2024/10/13  09:20:06.339858	1.997733E+0
2024/10/13  09:20:06.339878	1.997733E+0
2024/10/13  09:20:06.339898	1.997733E+0
2024/10/13  09:20:06.339918	1.997733E+0
2024/10/13  09:20:06.339938	1.997733E+0
2024/10/13  09:20:06.339958	1.997733E+0
2024/10/13  09:20:06.339978	1.997733E+0
2024/10/13  09:20:06.339998	1.997733E+0
2024/10/13  09:20:06.340018	1.997733E+0
2024/10/13  09:20:06.340038	1.997733E+0
2024/10/13  09:20:06.340058	1.997733E+0
2024/10/13  09:20:06.340078	1.997733E+0
2024/10/13  09:20:06.340098	1.997733E+0
2024/10/13  09:20:06.340118	1.997733E+0
2024/10/13  09:20:06.340138	1.997733E+0
2024/10/13  09:20:06.340158	1.997733E+0
2024/10/13  09:20:06.340178	1.997733E+0
2024/10/13  09:20:06.340198	1.997733E+0
2024/10/13  09:20:06.340218	1.997733E+0
2024/10/13  09:20:06.340238	1.997733E+0
2024/10/13  09:20:06.340258	1.997733E+0
2024/10/13  09:20:06.340278	1.997733E+0
2024/10/13  09:20:06.340298	1.997733E+0
2024/10/13  09:20:06.340318	1.997733E+0
2024/10/13  09:20:06.340338	1.997733E+0
2024/10/13  09:20:06.340358	1.997733E+0
2024/10/13  09:20:06.340378	1.997733E+0
2024/10/13  09:20:06.340398	1.997733E+0
2024/10/13  09:20:06.340418	1.997733E+0
2024/10/13  09:20:06.340438	1.997733E+0
2024/10/13  09:20:06.340458	1.954987E+0
2024/10/13  09:20:06.340478	1.997733E+0
2024/10/13  09:20:06.340498	1.997733E+0
2024/10/13  09:20:06.340518	1.997733E+0
2024/10/13  09:20:06.340538	1.997733E+0
2024/10/13  09:20:06.340558	1.997733E+0
2024/10/13  09:20:06.340578	1.954987E+0
2024/10/13  09:20:06.340598	1.997733E+0
2024/10/13  09:20:06.340618	1.997733E+0
2024/10/13  09:20:06.340638	1.997733E+0
2024/10/13  09:20:06.340658	1.997733E+0
2024/10/13  09:20:06.340678	1.997733E+0
2024/10/13  09:20:06.340698	1.997733E+0
2024/10/13  09:20:06.340718	1.741256E+0
2024/10/13  09:20:06.340738	1.741256E+0
2024/10/13  09:20:06.340758	1.784002E+0
2024/10/13  09:20:06.340778	1.741256E+0
2024/10/13  09:20:06.340798	1.741256E+0
2024/10/13  09:20:06.340818	1.741256E+0
2024/10/13  09:20:06.340838	1.741256E+0
2024/10/13  09:20:06.340858	1.784002E+0
2024/10/13  09:20:06.340878	1.741256E+0
2024/10/13  09:20:06.340898	1.784002E+0
2024/10/13  09:20:06.340918	1.784002E+0
2024/10/13  09:20:06.340938	1.784002E+0
2024/10/13  09:20:06.340958	1.741256E+0
2024/10/13  09:20:06.340978	1.741256E+0
2024/10/13  09:20:06.340998	1.741256E+0
2024/10/13  09:20:06.341018	1.741256E+0
2024/10/13  09:20:06.341038	1.741256E+0
2024/10/13  09:20:06.341058	1.784002E+0
2024/10/13  09:20:06.341078	1.741256E+0
2024/10/13  09:20:06.341098	1.741256E+0
2024/10/13  09:20:06.341118	1.741256E+0
2024/10/13  09:20:06.341138	1.741256E+0
2024/10/13  09:20:06.341158	1.741256E+0
2024/10/13  09:20:06.341178	1.784002E+0
2024/10/13  09:20:06.341198	1.784002E+0
2024/10/13  09:20:06.341218	1.741256E+0
2024/10/13  09:20:06.341238	1.784002E+0
2024/10/13  09:20:06.341258	1.784002E+0
2024/10/13  09:20:06.341278	1.784002E+0
2024/10/13  09:20:06.341298	1.741256E+0
2024/10/13  09:20:06.341318	1.741256E+0
2024/10/13  09:20:06.341338	1.784002E+0
2024/10/13  09:20:06.341358	1.741256E+0
2024/10/13  09:20:06.341378	1.741256E+0
2024/10/13  09:20:06.341398	1.741256E+0
2024/10/13  09:20:06.341418	1.741256E+0
2024/10/13  09:20:06.341438	1.741256E+0
2024/10/13  09:20:06.341458	1.741256E+0
2024/10/13  09:20:06.341478	1.741256E+0
2024/10/13  09:20:06.341498	1.741256E+0
2024/10/13  09:20:06.341518	1.784002E+0
2024/10/13  09:20:06.341538	1.784002E+0
2024/10/13  09:20:06.341558	1.784002E+0
2024/10/13  09:20:06.341578	1.741256E+0
2024/10/13  09:20:06.341598	1.784002E+0
2024/10/13  09:20:06.341618	1.784002E+0
2024/10/13  09:20:06.341638	1.784002E+0
2024/10/13  09:20:06.341658	1.784002E+0
2024/10/13  09:20:06.341678	1.784002E+0
2024/10/13  09:20:06.341698	1.741256E+0
2024/10/13  09:20:06.341718	8.863295E-1
2024/10/13  09:20:06.341738	8.863295E-1
2024/10/13  09:20:06.341758	8.863295E-1
2024/10/13  09:20:06.341778	8.863295E-1
2024/10/13  09:20:06.341798	8.435832E-1
2024/10/13  09:20:06.341818	8.863295E-1
2024/10/13  09:20:06.341838	8.863295E-1
2024/10/13  09:20:06.341858	8.863295E-1
2024/10/13  09:20:06.341878	8.863295E-1
2024/10/13  09:20:06.341898	8.435832E-1
2024/10/13  09:20:06.341918	8.863295E-1
2024/10/13  09:20:06.341938	8.863295E-1
2024/10/13  09:20:06.341958	8.863295E-1
2024/10/13  09:20:06.341978	8.435832E-1
2024/10/13  09:20:06.341998	8.435832E-1
2024/10/13  09:20:06.342018	8.435832E-1
2024/10/13  09:20:06.342038	8.863295E-1
2024/10/13  09:20:06.342058	8.863295E-1
2024/10/13  09:20:06.342078	8.863295E-1
2024/10/13  09:20:06.342098	8.435832E-1
2024/10/13  09:20:06.342118	8.863295E-1
2024/10/13  09:20:06.342138	8.435832E-1
2024/10/13  09:20:06.342158	8.863295E-1
2024/10/13  09:20:06.342178	8.863295E-1
2024/10/13  09:20:06.342198	8.863295E-1
2024/10/13  09:20:06.342218	8.435832E-1
2024/10/13  09:20:06.342238	8.435832E-1
2024/10/13  09:20:06.342258	8.863295E-1
2024/10/13  09:20:06.342278	8.863295E-1
2024/10/13  09:20:06.342298	8.435832E-1
2024/10/13  09:20:06.342318	8.863295E-1
2024/10/13  09:20:06.342338	8.863295E-1
2024/10/13  09:20:06.342358	8.435832E-1
2024/10/13  09:20:06.342378	8.863295E-1
2024/10/13  09:20:06.342398	8.863295E-1
2024/10/13  09:20:06.342418	8.435832E-1
2024/10/13  09:20:06.342438	8.435832E-1
2024/10/13  09:20:06.342458	8.863295E-1
2024/10/13  09:20:06.342478	8.435832E-1
2024/10/13  09:20:06.342498	8.863295E-1
2024/10/13  09:20:06.342518	8.435832E-1
2024/10/13  09:20:06.342538	8.863295E-1
2024/10/13  09:20:06.342558	8.863295E-1
2024/10/13  09:20:06.342578	8.863295E-1
2024/10/13  09:20:06.342598	8.863295E-1
2024/10/13  09:20:06.342618	8.863295E-1
2024/10/13  09:20:06.342638	8.435832E-1
2024/10/13  09:20:06.342658	8.863295E-1
2024/10/13  09:20:06.342678	8.863295E-1
2024/10/13  09:20:06.342698	8.863295E-1
2024/10/13  09:20:06.342718	-3.533133E-1
2024/10/13  09:20:06.342738	-3.960596E-1
2024/10/13  09:20:06.342758	-3.960596E-1
2024/10/13  09:20:06.342778	-3.533133E-1
2024/10/13  09:20:06.342798	-3.533133E-1
2024/10/13  09:20:06.342818	-3.533133E-1
2024/10/13  09:20:06.342838	-3.960596E-1
2024/10/13  09:20:06.342858	-3.533133E-1
2024/10/13  09:20:06.342878	-3.533133E-1
2024/10/13  09:20:06.342898	-3.960596E-1
2024/10/13  09:20:06.342918	-3.960596E-1
2024/10/13  09:20:06.342938	-3.533133E-1
2024/10/13  09:20:06.342958	-3.533133E-1
2024/10/13  09:20:06.342978	-3.960596E-1
2024/10/13  09:20:06.342998	-3.533133E-1
2024/10/13  09:20:06.343018	-3.960596E-1
2024/10/13  09:20:06.343038	-3.533133E-1
2024/10/13  09:20:06.343058	-3.533133E-1
2024/10/13  09:20:06.343078	-3.960596E-1
2024/10/13  09:20:06.343098	-3.960596E-1
2024/10/13  09:20:06.343118	-3.960596E-1
2024/10/13  09:20:06.343138	-3.533133E-1
2024/10/13  09:20:06.343158	-3.960596E-1
2024/10/13  09:20:06.343178	-3.533133E-1
2024/10/13  09:20:06.343198	-3.960596E-1
2024/10/13  09:20:06.343218	-3.533133E-1
2024/10/13  09:20:06.343238	-3.533133E-1
2024/10/13  09:20:06.343258	-3.960596E-1
2024/10/13  09:20:06.343278	-3.960596E-1
2024/10/13  09:20:06.343298	-3.533133E-1
2024/10/13  09:20:06.343318	-3.533133E-1
2024/10/13  09:20:06.343338	-3.533133E-1
2024/10/13  09:20:06.343358	-3.960596E-1
2024/10/13  09:20:06.343378	-3.960596E-1
2024/10/13  09:20:06.343398	-3.533133E-1
2024/10/13  09:20:06.343418	-3.533133E-1
2024/10/13  09:20:06.343438	-3.533133E-1
2024/10/13  09:20:06.343458	-3.533133E-1
2024/10/13  09:20:06.343478	-3.533133E-1
2024/10/13  09:20:06.343498	-3.960596E-1
2024/10/13  09:20:06.343518	-3.960596E-1
2024/10/13  09:20:06.343538	-3.533133E-1
2024/10/13  09:20:06.343558	-3.960596E-1
2024/10/13  09:20:06.343578	-3.960596E-1
2024/10/13  09:20:06.343598	-3.533133E-1
2024/10/13  09:20:06.343618	-3.960596E-1
2024/10/13  09:20:06.343638	-3.533133E-1
2024/10/13  09:20:06.343658	-3.533133E-1
2024/10/13  09:20:06.343678	-3.960596E-1
2024/10/13  09:20:06.343698	-3.960596E-1
2024/10/13  09:20:06.343718	-1.464717E+0
2024/10/13  09:20:06.343738	-1.421971E+0
2024/10/13  09:20:06.343758	-1.464717E+0
2024/10/13  09:20:06.343778	-1.464717E+0
2024/10/13  09:20:06.343798	-1.464717E+0
2024/10/13  09:20:06.343818	-1.464717E+0
2024/10/13  09:20:06.343838	-1.421971E+0
2024/10/13  09:20:06.343858	-1.464717E+0
2024/10/13  09:20:06.343878	-1.464717E+0
2024/10/13  09:20:06.343898	-1.464717E+0
2024/10/13  09:20:06.343918	-1.464717E+0
2024/10/13  09:20:06.343938	-1.464717E+0
2024/10/13  09:20:06.343958	-1.464717E+0
2024/10/13  09:20:06.343978	-1.464717E+0
2024/10/13  09:20:06.343998	-1.464717E+0
2024/10/13  09:20:06.344018	-1.464717E+0
2024/10/13  09:20:06.344038	-1.464717E+0
2024/10/13  09:20:06.344058	-1.421971E+0
2024/10/13  09:20:06.344078	-1.464717E+0
2024/10/13  09:20:06.344098	-1.464717E+0
2024/10/13  09:20:06.344118	-1.464717E+0
2024/10/13  09:20:06.344138	-1.464717E+0
2024/10/13  09:20:06.344158	-1.464717E+0
2024/10/13  09:20:06.344178	-1.464717E+0
2024/10/13  09:20:06.344198	-1.464717E+0
2024/10/13  09:20:06.344218	-1.464717E+0
2024/10/13  09:20:06.344238	-1.464717E+0
2024/10/13  09:20:06.344258	-1.464717E+0
2024/10/13  09:20:06.344278	-1.464717E+0
2024/10/13  09:20:06.344298	-1.464717E+0
2024/10/13  09:20:06.344318	-1.464717E+0
2024/10/13  09:20:06.344338	-1.464717E+0
2024/10/13  09:20:06.344358	-1.464717E+0
2024/10/13  09:20:06.344378	-1.464717E+0
2024/10/13  09:20:06.344398	-1.464717E+0
2024/10/13  09:20:06.344418	-1.464717E+0
2024/10/13  09:20:06.344438	-1.464717E+0
2024/10/13  09:20:06.344458	-1.464717E+0
2024/10/13  09:20:06.344478	-1.464717E+0
2024/10/13  09:20:06.344498	-1.464717E+0
2024/10/13  09:20:06.344518	-1.464717E+0
2024/10/13  09:20:06.344538	-1.464717E+0
2024/10/13  09:20:06.344558	-1.464717E+0
2024/10/13  09:20:06.344578	-1.464717E+0
2024/10/13  09:20:06.344598	-1.464717E+0
2024/10/13  09:20:06.344618	-1.421971E+0
2024/10/13  09:20:06.344638	-1.421971E+0
2024/10/13  09:20:06.344658	-1.464717E+0
2024/10/13  09:20:06.344678	-1.464717E+0
2024/10/13  09:20:06.344698	-1.464717E+0
2024/10/13  09:20:06.344718	-1.977673E+0
2024/10/13  09:20:06.344738	-1.977673E+0
2024/10/13  09:20:06.344758	-1.977673E+0
2024/10/13  09:20:06.344778	-1.977673E+0
2024/10/13  09:20:06.344798	-1.977673E+0
2024/10/13  09:20:06.344818	-1.977673E+0
2024/10/13  09:20:06.344838	-1.977673E+0
2024/10/13  09:20:06.344858	-1.977673E+0
2024/10/13  09:20:06.344878	-1.977673E+0
2024/10/13  09:20:06.344898	-1.977673E+0
2024/10/13  09:20:06.344918	-1.977673E+0
2024/10/13  09:20:06.344938	-1.977673E+0
2024/10/13  09:20:06.344958	-1.977673E+0
2024/10/13  09:20:06.344978	-1.977673E+0
2024/10/13  09:20:06.344998	-1.977673E+0
2024/10/13  09:20:06.345018	-1.977673E+0
2024/10/13  09:20:06.345038	-1.977673E+0
2024/10/13  09:20:06.345058	-1.977673E+0
2024/10/13  09:20:06.345078	-1.977673E+0
2024/10/13  09:20:06.345098	-1.977673E+0
2024/10/13  09:20:06.345118	-1.977673E+0
2024/10/13  09:20:06.345138	-1.977673E+0
2024/10/13  09:20:06.345158	-2.020419E+0
2024/10/13  09:20:06.345178	-1.977673E+0
2024/10/13  09:20:06.345198	-1.977673E+0
2024/10/13  09:20:06.345218	-1.977673E+0
2024/10/13  09:20:06.345238	-1.977673E+0
2024/10/13  09:20:06.345258	-1.977673E+0
2024/10/13  09:20:06.345278	-1.977673E+0
2024/10/13  09:20:06.345298	-1.977673E+0
2024/10/13  09:20:06.345318	-1.977673E+0
2024/10/13  09:20:06.345338	-2.020419E+0
2024/10/13  09:20:06.345358	-1.977673E+0
2024/10/13  09:20:06.345378	-1.977673E+0
2024/10/13  09:20:06.345398	-1.977673E+0
2024/10/13  09:20:06.345418	-1.977673E+0
2024/10/13  09:20:06.345438	-1.977673E+0
2024/10/13  09:20:06.345458	-1.977673E+0
2024/10/13  09:20:06.345478	-1.977673E+0
2024/10/13  09:20:06.345498	-1.977673E+0
2024/10/13  09:20:06.345518	-1.977673E+0
2024/10/13  09:20:06.345538	-1.977673E+0
2024/10/13  09:20:06.345558	-1.977673E+0
2024/10/13  09:20:06.345578	-1.977673E+0
2024/10/13  09:20:06.345598	-1.977673E+0
2024/10/13  09:20:06.345618	-1.977673E+0
2024/10/13  09:20:06.345638	-1.977673E+0
2024/10/13  09:20:06.345658	-1.977673E+0
2024/10/13  09:20:06.345678	-1.977673E+0
2024/10/13  09:20:06.345698	-1.977673E+0
2024/10/13  09:20:06.345718	-1.763941E+0
2024/10/13  09:20:06.345738	-1.763941E+0
2024/10/13  09:20:06.345758	-1.763941E+0
2024/10/13  09:20:06.345778	-1.763941E+0
2024/10/13  09:20:06.345798	-1.721195E+0
2024/10/13  09:20:06.345818	-1.763941E+0
2024/10/13  09:20:06.345838	-1.763941E+0
2024/10/13  09:20:06.345858	-1.763941E+0
2024/10/13  09:20:06.345878	-1.721195E+0
2024/10/13  09:20:06.345898	-1.763941E+0
2024/10/13  09:20:06.345918	-1.721195E+0
2024/10/13  09:20:06.345938	-1.763941E+0
2024/10/13  09:20:06.345958	-1.763941E+0
2024/10/13  09:20:06.345978	-1.763941E+0
2024/10/13  09:20:06.345998	-1.763941E+0
2024/10/13  09:20:06.346018	-1.763941E+0
2024/10/13  09:20:06.346038	-1.763941E+0
2024/10/13  09:20:06.346058	-1.721195E+0
2024/10/13  09:20:06.346078	-1.763941E+0
2024/10/13  09:20:06.346098	-1.721195E+0
2024/10/13  09:20:06.346118	-1.763941E+0
2024/10/13  09:20:06.346138	-1.721195E+0
2024/10/13  09:20:06.346158	-1.763941E+0
2024/10/13  09:20:06.346178	-1.763941E+0
2024/10/13  09:20:06.346198	-1.763941E+0
2024/10/13  09:20:06.346218	-1.763941E+0
2024/10/13  09:20:06.346238	-1.763941E+0
2024/10/13  09:20:06.346258	-1.763941E+0
2024/10/13  09:20:06.346278	-1.763941E+0
2024/10/13  09:20:06.346298	-1.763941E+0
2024/10/13  09:20:06.346318	-1.763941E+0
2024/10/13  09:20:06.346338	-1.763941E+0
2024/10/13  09:20:06.346358	-1.763941E+0
2024/10/13  09:20:06.346378	-1.763941E+0
2024/10/13  09:20:06.346398	-1.763941E+0
2024/10/13  09:20:06.346418	-1.763941E+0
2024/10/13  09:20:06.346438	-1.763941E+0
2024/10/13  09:20:06.346458	-1.763941E+0
2024/10/13  09:20:06.346478	-1.763941E+0
2024/10/13  09:20:06.346498	-1.721195E+0
2024/10/13  09:20:06.346518	-1.763941E+0
2024/10/13  09:20:06.346538	-1.763941E+0
2024/10/13  09:20:06.346558	-1.721195E+0
2024/10/13  09:20:06.346578	-1.763941E+0
2024/10/13  09:20:06.346598	-1.763941E+0
2024/10/13  09:20:06.346618	-1.763941E+0
2024/10/13  09:20:06.346638	-1.763941E+0
2024/10/13  09:20:06.346658	-1.763941E+0
2024/10/13  09:20:06.346678	-1.763941E+0
2024/10/13  09:20:06.346698	-1.763941E+0
2024/10/13  09:20:06.346718	-8.235226E-1
2024/10/13  09:20:06.346738	-8.662689E-1
2024/10/13  09:20:06.346758	-8.662689E-1
2024/10/13  09:20:06.346778	-8.235226E-1
2024/10/13  09:20:06.346798	-8.662689E-1
2024/10/13  09:20:06.346818	-8.235226E-1
2024/10/13  09:20:06.346838	-8.235226E-1
2024/10/13  09:20:06.346858	-8.235226E-1
2024/10/13  09:20:06.346878	-8.235226E-1
2024/10/13  09:20:06.346898	-8.235226E-1
2024/10/13  09:20:06.346918	-8.235226E-1
2024/10/13  09:20:06.346938	-8.235226E-1
2024/10/13  09:20:06.346958	-8.235226E-1
2024/10/13  09:20:06.346978	-8.235226E-1
2024/10/13  09:20:06.346998	-8.235226E-1
2024/10/13  09:20:06.347018	-8.235226E-1
2024/10/13  09:20:06.347038	-8.235226E-1
2024/10/13  09:20:06.347058	-8.235226E-1
2024/10/13  09:20:06.347078	-8.235226E-1
2024/10/13  09:20:06.347098	-8.235226E-1
2024/10/13  09:20:06.347118	-8.662689E-1
2024/10/13  09:20:06.347138	-8.235226E-1
2024/10/13  09:20:06.347158	-8.662689E-1
2024/10/13  09:20:06.347178	-8.235226E-1
2024/10/13  09:20:06.347198	-8.235226E-1
2024/10/13  09:20:06.347218	-8.235226E-1
2024/10/13  09:20:06.347238	-8.235226E-1
2024/10/13  09:20:06.347258	-8.235226E-1
2024/10/13  09:20:06.347278	-8.235226E-1
2024/10/13  09:20:06.347298	-8.235226E-1
2024/10/13  09:20:06.347318	-8.662689E-1
2024/10/13  09:20:06.347338	-8.235226E-1
2024/10/13  09:20:06.347358	-8.235226E-1
2024/10/13  09:20:06.347378	-8.235226E-1
2024/10/13  09:20:06.347398	-8.235226E-1
2024/10/13  09:20:06.347418	-8.235226E-1
2024/10/13  09:20:06.347438	-8.235226E-1
2024/10/13  09:20:06.347458	-8.662689E-1
2024/10/13  09:20:06.347478	-8.662689E-1
2024/10/13  09:20:06.347498	-8.235226E-1
2024/10/13  09:20:06.347518	-8.235226E-1
2024/10/13  09:20:06.347538	-8.235226E-1
2024/10/13  09:20:06.347558	-8.235226E-1
2024/10/13  09:20:06.347578	-8.235226E-1
2024/10/13  09:20:06.347598	-8.235226E-1
2024/10/13  09:20:06.347618	-8.235226E-1
2024/10/13  09:20:06.347638	-8.235226E-1
2024/10/13  09:20:06.347658	-8.235226E-1
2024/10/13  09:20:06.347678	-8.235226E-1
2024/10/13  09:20:06.347698	-8.662689E-1
2024/10/13  09:20:06.347718	3.733739E-1
2024/10/13  09:20:06.347738	3.733739E-1
2024/10/13  09:20:06.347758	3.733739E-1
2024/10/13  09:20:06.347778	3.733739E-1
2024/10/13  09:20:06.347798	3.733739E-1
2024/10/13  09:20:06.347818	3.733739E-1
2024/10/13  09:20:06.347838	4.161202E-1
2024/10/13  09:20:06.347858	3.733739E-1
2024/10/13  09:20:06.347878	4.161202E-1
2024/10/13  09:20:06.347898	3.733739E-1
2024/10/13  09:20:06.347918	3.733739E-1
2024/10/13  09:20:06.347938	3.733739E-1
2024/10/13  09:20:06.347958	3.733739E-1
2024/10/13  09:20:06.347978	3.733739E-1
2024/10/13  09:20:06.347998	3.733739E-1
2024/10/13  09:20:06.348018	3.733739E-1
2024/10/13  09:20:06.348038	3.733739E-1
2024/10/13  09:20:06.348058	3.733739E-1
2024/10/13  09:20:06.348078	3.733739E-1
2024/10/13  09:20:06.348098	3.733739E-1
2024/10/13  09:20:06.348118	3.733739E-1
2024/10/13  09:20:06.348138	3.733739E-1
2024/10/13  09:20:06.348158	3.733739E-1
2024/10/13  09:20:06.348178	3.733739E-1
2024/10/13  09:20:06.348198	3.733739E-1
2024/10/13  09:20:06.348218	3.733739E-1
2024/10/13  09:20:06.348238	3.733739E-1
2024/10/13  09:20:06.348258	3.733739E-1
2024/10/13  09:20:06.348278	4.161202E-1
2024/10/13  09:20:06.348298	3.733739E-1
2024/10/13  09:20:06.348318	3.733739E-1
2024/10/13  09:20:06.348338	4.161202E-1
2024/10/13  09:20:06.348358	3.733739E-1
2024/10/13  09:20:06.348378	3.733739E-1
2024/10/13  09:20:06.348398	3.733739E-1
2024/10/13  09:20:06.348418	3.733739E-1
2024/10/13  09:20:06.348438	3.733739E-1
2024/10/13  09:20:06.348458	3.733739E-1
2024/10/13  09:20:06.348478	3.733739E-1
2024/10/13  09:20:06.348498	3.733739E-1
2024/10/13  09:20:06.348518	3.733739E-1
2024/10/13  09:20:06.348538	3.733739E-1
2024/10/13  09:20:06.348558	3.733739E-1
2024/10/13  09:20:06.348578	3.733739E-1
2024/10/13  09:20:06.348598	3.733739E-1
2024/10/13  09:20:06.348618	3.733739E-1
2024/10/13  09:20:06.348638	3.733739E-1
2024/10/13  09:20:06.348658	3.733739E-1
2024/10/13  09:20:06.348678	3.733739E-1
2024/10/13  09:20:06.348698	3.733739E-1
2024/10/13  09:20:06.348718	1.442031E+0
2024/10/13  09:20:06.348738	1.484778E+0
2024/10/13  09:20:06.348758	1.484778E+0
2024/10/13  09:20:06.348778	1.484778E+0
2024/10/13  09:20:06.348798	1.442031E+0
2024/10/13  09:20:06.348818	1.484778E+0
2024/10/13  09:20:06.348838	1.442031E+0
2024/10/13  09:20:06.348858	1.484778E+0
2024/10/13  09:20:06.348878	1.484778E+0
2024/10/13  09:20:06.348898	1.442031E+0
2024/10/13  09:20:06.348918	1.484778E+0
2024/10/13  09:20:06.348938	1.442031E+0
2024/10/13  09:20:06.348958	1.442031E+0
2024/10/13  09:20:06.348978	1.484778E+0
2024/10/13  09:20:06.348998	1.484778E+0
2024/10/13  09:20:06.349018	1.484778E+0
2024/10/13  09:20:06.349038	1.484778E+0
2024/10/13  09:20:06.349058	1.442031E+0
2024/10/13  09:20:06.349078	1.484778E+0
2024/10/13  09:20:06.349098	1.442031E+0
2024/10/13  09:20:06.349118	1.442031E+0
2024/10/13  09:20:06.349138	1.442031E+0
2024/10/13  09:20:06.349158	1.484778E+0
2024/10/13  09:20:06.349178	1.442031E+0
2024/10/13  09:20:06.349198	1.484778E+0
2024/10/13  09:20:06.349218	1.484778E+0
2024/10/13  09:20:06.349238	1.484778E+0
2024/10/13  09:20:06.349258	1.442031E+0
2024/10/13  09:20:06.349278	1.484778E+0
2024/10/13  09:20:06.349298	1.484778E+0
2024/10/13  09:20:06.349318	1.442031E+0
2024/10/13  09:20:06.349338	1.484778E+0
2024/10/13  09:20:06.349358	1.442031E+0
2024/10/13  09:20:06.349378	1.442031E+0
2024/10/13  09:20:06.349398	1.484778E+0
2024/10/13  09:20:06.349418	1.484778E+0
2024/10/13  09:20:06.349438	1.484778E+0
2024/10/13  09:20:06.349458	1.484778E+0
2024/10/13  09:20:06.349478	1.484778E+0
2024/10/13  09:20:06.349498	1.442031E+0
2024/10/13  09:20:06.349518	1.484778E+0
2024/10/13  09:20:06.349538	1.442031E+0
2024/10/13  09:20:06.349558	1.442031E+0
2024/10/13  09:20:06.349578	1.484778E+0
2024/10/13  09:20:06.349598	1.484778E+0
2024/10/13  09:20:06.349618	1.484778E+0
2024/10/13  09:20:06.349638	1.484778E+0
2024/10/13  09:20:06.349658	1.442031E+0
2024/10/13  09:20:06.349678	1.484778E+0
2024/10/13  09:20:06.349698	1.442031E+0
2024/10/13  09:20:06.349718	1.997733E+0
2024/10/13  09:20:06.349738	1.997733E+0
2024/10/13  09:20:06.349758	1.997733E+0
2024/10/13  09:20:06.349778	1.997733E+0
2024/10/13  09:20:06.349798	1.997733E+0
2024/10/13  09:20:06.349818	1.997733E+0
2024/10/13  09:20:06.349838	1.997733E+0
2024/10/13  09:20:06.349858	1.997733E+0
2024/10/13  09:20:06.349878	1.997733E+0
2024/10/13  09:20:06.349898	1.997733E+0
2024/10/13  09:20:06.349918	1.997733E+0
2024/10/13  09:20:06.349938	1.954987E+0
2024/10/13  09:20:06.349958	1.997733E+0
2024/10/13  09:20:06.349978	1.997733E+0
2024/10/13  09:20:06.349998	1.997733E+0
2024/10/13  09:20:06.350018	1.997733E+0
2024/10/13  09:20:06.350038	1.997733E+0
2024/10/13  09:20:06.350058	1.997733E+0
2024/10/13  09:20:06.350078	1.997733E+0
2024/10/13  09:20:06.350098	1.997733E+0
2024/10/13  09:20:06.350118	1.997733E+0
2024/10/13  09:20:06.350138	1.997733E+0
2024/10/13  09:20:06.350158	1.997733E+0
2024/10/13  09:20:06.350178	1.997733E+0
2024/10/13  09:20:06.350198	1.997733E+0
2024/10/13  09:20:06.350218	1.997733E+0
2024/10/13  09:20:06.350238	1.997733E+0
2024/10/13  09:20:06.350258	1.997733E+0
2024/10/13  09:20:06.350278	1.997733E+0
2024/10/13  09:20:06.350298	1.997733E+0
2024/10/13  09:20:06.350318	1.997733E+0
2024/10/13  09:20:06.350338	1.997733E+0
2024/10/13  09:20:06.350358	1.997733E+0
2024/10/13  09:20:06.350378	1.997733E+0
2024/10/13  09:20:06.350398	1.997733E+0
2024/10/13  09:20:06.350418	1.997733E+0
2024/10/13  09:20:06.350438	1.997733E+0
2024/10/13  09:20:06.350458	1.997733E+0
2024/10/13  09:20:06.350478	1.997733E+0
2024/10/13  09:20:06.350498	1.997733E+0
2024/10/13  09:20:06.350518	1.997733E+0
2024/10/13  09:20:06.350538	1.997733E+0
2024/10/13  09:20:06.350558	1.997733E+0
2024/10/13  09:20:06.350578	1.997733E+0
2024/10/13  09:20:06.350598	1.997733E+0
2024/10/13  09:20:06.350618	1.997733E+0
2024/10/13  09:20:06.350638	1.997733E+0
2024/10/13  09:20:06.350658	1.997733E+0
2024/10/13  09:20:06.350678	1.997733E+0
2024/10/13  09:20:06.350698	1.997733E+0
2024/10/13  09:20:06.350718	1.741256E+0
2024/10/13  09:20:06.350738	1.784002E+0
2024/10/13  09:20:06.350758	1.784002E+0
2024/10/13  09:20:06.350778	1.741256E+0
2024/10/13  09:20:06.350798	1.741256E+0
2024/10/13  09:20:06.350818	1.784002E+0
2024/10/13  09:20:06.350838	1.784002E+0
2024/10/13  09:20:06.350858	1.741256E+0
2024/10/13  09:20:06.350878	1.784002E+0
2024/10/13  09:20:06.350898	1.741256E+0
2024/10/13  09:20:06.350918	1.741256E+0
2024/10/13  09:20:06.350938	1.741256E+0
2024/10/13  09:20:06.350958	1.784002E+0
2024/10/13  09:20:06.350978	1.741256E+0
2024/10/13  09:20:06.350998	1.784002E+0
2024/10/13  09:20:06.351018	1.784002E+0
2024/10/13  09:20:06.351038	1.784002E+0
2024/10/13  09:20:06.351058	1.784002E+0
2024/10/13  09:20:06.351078	1.741256E+0
2024/10/13  09:20:06.351098	1.784002E+0
2024/10/13  09:20:06.351118	1.741256E+0
2024/10/13  09:20:06.351138	1.784002E+0
2024/10/13  09:20:06.351158	1.784002E+0
2024/10/13  09:20:06.351178	1.741256E+0
2024/10/13  09:20:06.351198	1.741256E+0
2024/10/13  09:20:06.351218	1.784002E+0
2024/10/13  09:20:06.351238	1.784002E+0
2024/10/13  09:20:06.351258	1.784002E+0
2024/10/13  09:20:06.351278	1.741256E+0
2024/10/13  09:20:06.351298	1.784002E+0
2024/10/13  09:20:06.351318	1.784002E+0
2024/10/13  09:20:06.351338	1.741256E+0
2024/10/13  09:20:06.351358	1.741256E+0
2024/10/13  09:20:06.351378	1.741256E+0
2024/10/13  09:20:06.351398	1.741256E+0
2024/10/13  09:20:06.351418	1.784002E+0
2024/10/13  09:20:06.351438	1.784002E+0
2024/10/13  09:20:06.351458	1.741256E+0
2024/10/13  09:20:06.351478	1.741256E+0
2024/10/13  09:20:06.351498	1.741256E+0
2024/10/13  09:20:06.351518	1.741256E+0
2024/10/13  09:20:06.351538	1.741256E+0
2024/10/13  09:20:06.351558	1.741256E+0
2024/10/13  09:20:06.351578	1.741256E+0
2024/10/13  09:20:06.351598	1.784002E+0
2024/10/13  09:20:06.351618	1.741256E+0
2024/10/13  09:20:06.351638	1.741256E+0
2024/10/13  09:20:06.351658	1.784002E+0
2024/10/13  09:20:06.351678	1.741256E+0
2024/10/13  09:20:06.351698	1.741256E+0
2024/10/13  09:20:06.351718	8.863295E-1
2024/10/13  09:20:06.351738	8.863295E-1
2024/10/13  09:20:06.351758	8.863295E-1
2024/10/13  09:20:06.351778	8.863295E-1
2024/10/13  09:20:06.351798	8.435832E-1
2024/10/13  09:20:06.351818	8.863295E-1
2024/10/13  09:20:06.351838	8.863295E-1
2024/10/13  09:20:06.351858	8.863295E-1
2024/10/13  09:20:06.351878	8.435832E-1
2024/10/13  09:20:06.351898	8.435832E-1
2024/10/13  09:20:06.351918	8.863295E-1
2024/10/13  09:20:06.351938	8.863295E-1
2024/10/13  09:20:06.351958	8.435832E-1
2024/10/13  09:20:06.351978	8.435832E-1
2024/10/13  09:20:06.351998	8.435832E-1
2024/10/13  09:20:06.352018	8.863295E-1
2024/10/13  09:20:06.352038	8.863295E-1
2024/10/13  09:20:06.352058	8.863295E-1
2024/10/13  09:20:06.352078	8.863295E-1
2024/10/13  09:20:06.352098	8.863295E-1
2024/10/13  09:20:06.352118	8.863295E-1
2024/10/13  09:20:06.352138	8.435832E-1
2024/10/13  09:20:06.352158	8.863295E-1
2024/10/13  09:20:06.352178	8.435832E-1
2024/10/13  09:20:06.352198	8.435832E-1
2024/10/13  09:20:06.352218	8.863295E-1
2024/10/13  09:20:06.352238	8.863295E-1
2024/10/13  09:20:06.352258	8.435832E-1
2024/10/13  09:20:06.352278	8.008369E-1
2024/10/13  09:20:06.352298	8.435832E-1
2024/10/13  09:20:06.352318	8.863295E-1
2024/10/13  09:20:06.352338	8.863295E-1
2024/10/13  09:20:06.352358	8.863295E-1
2024/10/13  09:20:06.352378	8.863295E-1
2024/10/13  09:20:06.352398	8.435832E-1
2024/10/13  09:20:06.352418	8.863295E-1
2024/10/13  09:20:06.352438	8.863295E-1
2024/10/13  09:20:06.352458	8.435832E-1
2024/10/13  09:20:06.352478	8.863295E-1
2024/10/13  09:20:06.352498	8.435832E-1
2024/10/13  09:20:06.352518	8.863295E-1
2024/10/13  09:20:06.352538	8.863295E-1
2024/10/13  09:20:06.352558	8.863295E-1
2024/10/13  09:20:06.352578	8.435832E-1
2024/10/13  09:20:06.352598	8.435832E-1
2024/10/13  09:20:06.352618	8.435832E-1
2024/10/13  09:20:06.352638	8.863295E-1
2024/10/13  09:20:06.352658	8.863295E-1
2024/10/13  09:20:06.352678	8.863295E-1
2024/10/13  09:20:06.352698	8.863295E-1
2024/10/13  09:20:06.352718	-3.533133E-1
2024/10/13  09:20:06.352738	-3.533133E-1
2024/10/13  09:20:06.352758	-3.533133E-1
2024/10/13  09:20:06.352778	-3.960596E-1
2024/10/13  09:20:06.352798	-3.960596E-1
2024/10/13  09:20:06.352818	-3.960596E-1
2024/10/13  09:20:06.352838	-3.960596E-1
2024/10/13  09:20:06.352858	-3.533133E-1
2024/10/13  09:20:06.352878	-3.960596E-1
2024/10/13  09:20:06.352898	-3.960596E-1
2024/10/13  09:20:06.352918	-3.533133E-1
2024/10/13  09:20:06.352938	-3.533133E-1
2024/10/13  09:20:06.352958	-3.533133E-1
2024/10/13  09:20:06.352978	-3.960596E-1
2024/10/13  09:20:06.352998	-3.960596E-1
2024/10/13  09:20:06.353018	-3.960596E-1
2024/10/13  09:20:06.353038	-3.960596E-1
2024/10/13  09:20:06.353058	-3.960596E-1
2024/10/13  09:20:06.353078	-3.533133E-1
2024/10/13  09:20:06.353098	-3.533133E-1
2024/10/13  09:20:06.353118	-3.533133E-1
2024/10/13  09:20:06.353138	-3.960596E-1
2024/10/13  09:20:06.353158	-3.533133E-1
2024/10/13  09:20:06.353178	-3.533133E-1
2024/10/13  09:20:06.353198	-3.533133E-1
2024/10/13  09:20:06.353218	-3.960596E-1
2024/10/13  09:20:06.353238	-3.960596E-1
2024/10/13  09:20:06.353258	-3.533133E-1
2024/10/13  09:20:06.353278	-3.960596E-1
2024/10/13  09:20:06.353298	-3.960596E-1
2024/10/13  09:20:06.353318	-3.960596E-1
2024/10/13  09:20:06.353338	-3.533133E-1
2024/10/13  09:20:06.353358	-3.533133E-1
2024/10/13  09:20:06.353378	-3.533133E-1
2024/10/13  09:20:06.353398	-3.533133E-1
2024/10/13  09:20:06.353418	-3.960596E-1
2024/10/13  09:20:06.353438	-3.533133E-1
2024/10/13  09:20:06.353458	-3.533133E-1
2024/10/13  09:20:06.353478	-3.533133E-1
2024/10/13  09:20:06.353498	-3.533133E-1
2024/10/13  09:20:06.353518	-3.960596E-1
2024/10/13  09:20:06.353538	-3.533133E-1
2024/10/13  09:20:06.353558	-3.960596E-1
2024/10/13  09:20:06.353578	-3.533133E-1
2024/10/13  09:20:06.353598	-3.960596E-1
2024/10/13  09:20:06.353618	-3.960596E-1
2024/10/13  09:20:06.353638	-3.960596E-1
2024/10/13  09:20:06.353658	-3.533133E-1
2024/10/13  09:20:06.353678	-3.533133E-1
2024/10/13  09:20:06.353698	-3.533133E-1
2024/10/13  09:20:06.353718	-1.464717E+0
2024/10/13  09:20:06.353738	-1.464717E+0
2024/10/13  09:20:06.353758	-1.464717E+0
2024/10/13  09:20:06.353778	-1.464717E+0
2024/10/13  09:20:06.353798	-1.464717E+0
2024/10/13  09:20:06.353818	-1.464717E+0
2024/10/13  09:20:06.353838	-1.464717E+0
2024/10/13  09:20:06.353858	-1.464717E+0
2024/10/13  09:20:06.353878	-1.464717E+0
2024/10/13  09:20:06.353898	-1.464717E+0
2024/10/13  09:20:06.353918	-1.464717E+0
2024/10/13  09:20:06.353938	-1.464717E+0
2024/10/13  09:20:06.353958	-1.464717E+0
2024/10/13  09:20:06.353978	-1.464717E+0
2024/10/13  09:20:06.353998	-1.464717E+0
2024/10/13  09:20:06.354018	-1.464717E+0
2024/10/13  09:20:06.354038	-1.464717E+0
2024/10/13  09:20:06.354058	-1.464717E+0
2024/10/13  09:20:06.354078	-1.464717E+0
2024/10/13  09:20:06.354098	-1.464717E+0
2024/10/13  09:20:06.354118	-1.464717E+0
2024/10/13  09:20:06.354138	-1.464717E+0
2024/10/13  09:20:06.354158	-1.464717E+0
2024/10/13  09:20:06.354178	-1.464717E+0
2024/10/13  09:20:06.354198	-1.464717E+0
2024/10/13  09:20:06.354218	-1.464717E+0
2024/10/13  09:20:06.354238	-1.464717E+0
2024/10/13  09:20:06.354258	-1.464717E+0
2024/10/13  09:20:06.354278	-1.464717E+0
2024/10/13  09:20:06.354298	-1.464717E+0
2024/10/13  09:20:06.354318	-1.464717E+0
2024/10/13  09:20:06.354338	-1.464717E+0
2024/10/13  09:20:06.354358	-1.464717E+0
2024/10/13  09:20:06.354378	-1.464717E+0
2024/10/13  09:20:06.354398	-1.464717E+0
2024/10/13  09:20:06.354418	-1.464717E+0
2024/10/13  09:20:06.354438	-1.421971E+0
2024/10/13  09:20:06.354458	-1.464717E+0
2024/10/13  09:20:06.354478	-1.464717E+0
2024/10/13  09:20:06.354498	-1.464717E+0
2024/10/13  09:20:06.354518	-1.464717E+0
2024/10/13  09:20:06.354538	-1.464717E+0
2024/10/13  09:20:06.354558	-1.464717E+0
2024/10/13  09:20:06.354578	-1.464717E+0
2024/10/13  09:20:06.354598	-1.464717E+0
2024/10/13  09:20:06.354618	-1.464717E+0
2024/10/13  09:20:06.354638	-1.464717E+0
2024/10/13  09:20:06.354658	-1.464717E+0
2024/10/13  09:20:06.354678	-1.464717E+0
2024/10/13  09:20:06.354698	-1.464717E+0
2024/10/13  09:20:06.354718	-1.977673E+0
2024/10/13  09:20:06.354738	-1.977673E+0
2024/10/13  09:20:06.354758	-1.977673E+0
2024/10/13  09:20:06.354778	-1.977673E+0
2024/10/13  09:20:06.354798	-1.977673E+0
2024/10/13  09:20:06.354818	-1.977673E+0
2024/10/13  09:20:06.354838	-1.977673E+0
2024/10/13  09:20:06.354858	-1.977673E+0
2024/10/13  09:20:06.354878	-2.020419E+0
2024/10/13  09:20:06.354898	-1.977673E+0
2024/10/13  09:20:06.354918	-1.977673E+0
2024/10/13  09:20:06.354938	-1.977673E+0
2024/10/13  09:20:06.354958	-1.977673E+0
2024/10/13  09:20:06.354978	-1.977673E+0
2024/10/13  09:20:06.354998	-1.934926E+0
2024/10/13  09:20:06.355018	-2.020419E+0
2024/10/13  09:20:06.355038	-1.977673E+0
2024/10/13  09:20:06.355058	-1.977673E+0
2024/10/13  09:20:06.355078	-1.977673E+0
2024/10/13  09:20:06.355098	-1.977673E+0
2024/10/13  09:20:06.355118	-1.977673E+0
2024/10/13  09:20:06.355138	-1.977673E+0
2024/10/13  09:20:06.355158	-2.020419E+0
2024/10/13  09:20:06.355178	-1.977673E+0
2024/10/13  09:20:06.355198	-1.977673E+0
2024/10/13  09:20:06.355218	-1.977673E+0
2024/10/13  09:20:06.355238	-1.977673E+0
2024/10/13  09:20:06.355258	-1.977673E+0
2024/10/13  09:20:06.355278	-1.977673E+0
2024/10/13  09:20:06.355298	-1.977673E+0
2024/10/13  09:20:06.355318	-1.977673E+0
2024/10/13  09:20:06.355338	-1.977673E+0
2024/10/13  09:20:06.355358	-1.977673E+0
2024/10/13  09:20:06.355378	-1.977673E+0
2024/10/13  09:20:06.355398	-1.977673E+0
2024/10/13  09:20:06.355418	-1.977673E+0
2024/10/13  09:20:06.355438	-1.977673E+0
2024/10/13  09:20:06.355458	-2.020419E+0
2024/10/13  09:20:06.355478	-1.977673E+0
2024/10/13  09:20:06.355498	-1.977673E+0
2024/10/13  09:20:06.355518	-1.977673E+0
2024/10/13  09:20:06.355538	-1.977673E+0
2024/10/13  09:20:06.355558	-1.977673E+0
2024/10/13  09:20:06.355578	-1.977673E+0
2024/10/13  09:20:06.355598	-1.977673E+0
2024/10/13  09:20:06.355618	-1.934926E+0
2024/10/13  09:20:06.355638	-1.977673E+0
2024/10/13  09:20:06.355658	-1.977673E+0
2024/10/13  09:20:06.355678	-1.977673E+0
2024/10/13  09:20:06.355698	-1.977673E+0
2024/10/13  09:20:06.355718	-1.763941E+0
2024/10/13  09:20:06.355738	-1.763941E+0
2024/10/13  09:20:06.355758	-1.763941E+0
2024/10/13  09:20:06.355778	-1.763941E+0
2024/10/13  09:20:06.355798	-1.763941E+0
2024/10/13  09:20:06.355818	-1.763941E+0
2024/10/13  09:20:06.355838	-1.763941E+0
2024/10/13  09:20:06.355858	-1.721195E+0
2024/10/13  09:20:06.355878	-1.763941E+0
2024/10/13  09:20:06.355898	-1.763941E+0
2024/10/13  09:20:06.355918	-1.763941E+0
2024/10/13  09:20:06.355938	-1.763941E+0
2024/10/13  09:20:06.355958	-1.721195E+0
2024/10/13  09:20:06.355978	-1.721195E+0
2024/10/13  09:20:06.355998	-1.763941E+0
2024/10/13  09:20:06.356018	-1.763941E+0
2024/10/13  09:20:06.356038	-1.721195E+0
2024/10/13  09:20:06.356058	-1.763941E+0
2024/10/13  09:20:06.356078	-1.721195E+0
2024/10/13  09:20:06.356098	-1.763941E+0
2024/10/13  09:20:06.356118	-1.721195E+0
2024/10/13  09:20:06.356138	-1.763941E+0
2024/10/13  09:20:06.356158	-1.763941E+0
2024/10/13  09:20:06.356178	-1.763941E+0
2024/10/13  09:20:06.356198	-1.721195E+0
2024/10/13  09:20:06.356218	-1.763941E+0
2024/10/13  09:20:06.356238	-1.763941E+0
2024/10/13  09:20:06.356258	-1.763941E+0
2024/10/13  09:20:06.356278	-1.763941E+0
2024/10/13  09:20:06.356298	-1.721195E+0
2024/10/13  09:20:06.356318	-1.763941E+0
2024/10/13  09:20:06.356338	-1.763941E+0
2024/10/13  09:20:06.356358	-1.763941E+0
2024/10/13  09:20:06.356378	-1.721195E+0
2024/10/13  09:20:06.356398	-1.763941E+0
2024/10/13  09:20:06.356418	-1.763941E+0
2024/10/13  09:20:06.356438	-1.763941E+0
2024/10/13  09:20:06.356458	-1.763941E+0
2024/10/13  09:20:06.356478	-1.763941E+0
2024/10/13  09:20:06.356498	-1.763941E+0
2024/10/13  09:20:06.356518	-1.763941E+0
2024/10/13  09:20:06.356538	-1.763941E+0
2024/10/13  09:20:06.356558	-1.763941E+0
2024/10/13  09:20:06.356578	-1.763941E+0
2024/10/13  09:20:06.356598	-1.763941E+0
2024/10/13  09:20:06.356618	-1.763941E+0
2024/10/13  09:20:06.356638	-1.721195E+0
2024/10/13  09:20:06.356658	-1.763941E+0
2024/10/13  09:20:06.356678	-1.763941E+0
2024/10/13  09:20:06.356698	-1.763941E+0
2024/10/13  09:20:06.356718	-8.662689E-1
2024/10/13  09:20:06.356738	-8.235226E-1
2024/10/13  09:20:06.356758	-8.235226E-1
2024/10/13  09:20:06.356778	-8.235226E-1
2024/10/13  09:20:06.356798	-8.662689E-1
2024/10/13  09:20:06.356818	-8.235226E-1
2024/10/13  09:20:06.356838	-8.235226E-1
2024/10/13  09:20:06.356858	-8.235226E-1
2024/10/13  09:20:06.356878	-8.235226E-1
2024/10/13  09:20:06.356898	-8.235226E-1
2024/10/13  09:20:06.356918	-8.235226E-1
2024/10/13  09:20:06.356938	-8.235226E-1
2024/10/13  09:20:06.356958	-8.235226E-1
2024/10/13  09:20:06.356978	-8.235226E-1
2024/10/13  09:20:06.356998	-8.235226E-1
2024/10/13  09:20:06.357018	-8.235226E-1
2024/10/13  09:20:06.357038	-8.235226E-1
2024/10/13  09:20:06.357058	-8.235226E-1
2024/10/13  09:20:06.357078	-8.235226E-1
2024/10/13  09:20:06.357098	-8.235226E-1
2024/10/13  09:20:06.357118	-8.235226E-1
2024/10/13  09:20:06.357138	-8.235226E-1
2024/10/13  09:20:06.357158	-8.662689E-1
2024/10/13  09:20:06.357178	-8.235226E-1
2024/10/13  09:20:06.357198	-8.235226E-1
2024/10/13  09:20:06.357218	-8.235226E-1
2024/10/13  09:20:06.357238	-8.235226E-1
2024/10/13  09:20:06.357258	-8.235226E-1
2024/10/13  09:20:06.357278	-8.235226E-1
2024/10/13  09:20:06.357298	-8.235226E-1
2024/10/13  09:20:06.357318	-8.662689E-1
2024/10/13  09:20:06.357338	-8.235226E-1
2024/10/13  09:20:06.357358	-8.235226E-1
2024/10/13  09:20:06.357378	-8.235226E-1
2024/10/13  09:20:06.357398	-8.235226E-1
2024/10/13  09:20:06.357418	-8.235226E-1
2024/10/13  09:20:06.357438	-8.235226E-1
2024/10/13  09:20:06.357458	-8.235226E-1
2024/10/13  09:20:06.357478	-8.235226E-1
2024/10/13  09:20:06.357498	-8.235226E-1
2024/10/13  09:20:06.357518	-8.235226E-1
2024/10/13  09:20:06.357538	-8.235226E-1
2024/10/13  09:20:06.357558	-8.235226E-1
2024/10/13  09:20:06.357578	-8.662689E-1
2024/10/13  09:20:06.357598	-8.662689E-1
2024/10/13  09:20:06.357618	-8.235226E-1
2024/10/13  09:20:06.357638	-8.662689E-1
2024/10/13  09:20:06.357658	-8.235226E-1
2024/10/13  09:20:06.357678	-8.235226E-1
2024/10/13  09:20:06.357698	-8.235226E-1
2024/10/13  09:20:06.357718	3.733739E-1
2024/10/13  09:20:06.357738	3.733739E-1
2024/10/13  09:20:06.357758	4.161202E-1
2024/10/13  09:20:06.357778	3.733739E-1
2024/10/13  09:20:06.357798	3.733739E-1
2024/10/13  09:20:06.357818	3.733739E-1
2024/10/13  09:20:06.357838	3.733739E-1
2024/10/13  09:20:06.357858	3.733739E-1
2024/10/13  09:20:06.357878	3.733739E-1
2024/10/13  09:20:06.357898	3.733739E-1
2024/10/13  09:20:06.357918	3.733739E-1
2024/10/13  09:20:06.357938	3.733739E-1
2024/10/13  09:20:06.357958	3.733739E-1
2024/10/13  09:20:06.357978	4.161202E-1
2024/10/13  09:20:06.357998	3.733739E-1
2024/10/13  09:20:06.358018	3.733739E-1
2024/10/13  09:20:06.358038	3.733739E-1
2024/10/13  09:20:06.358058	3.733739E-1
2024/10/13  09:20:06.358078	3.733739E-1
2024/10/13  09:20:06.358098	3.733739E-1
2024/10/13  09:20:06.358118	3.733739E-1
2024/10/13  09:20:06.358138	3.733739E-1
2024/10/13  09:20:06.358158	4.161202E-1
2024/10/13  09:20:06.358178	4.161202E-1
2024/10/13  09:20:06.358198	4.161202E-1
2024/10/13  09:20:06.358218	3.733739E-1
2024/10/13  09:20:06.358238	3.733739E-1
2024/10/13  09:20:06.358258	3.733739E-1
2024/10/13  09:20:06.358278	3.733739E-1
2024/10/13  09:20:06.358298	3.733739E-1
2024/10/13  09:20:06.358318	3.733739E-1
2024/10/13  09:20:06.358338	3.733739E-1
2024/10/13  09:20:06.358358	3.733739E-1
2024/10/13  09:20:06.358378	4.161202E-1
2024/10/13  09:20:06.358398	3.733739E-1
2024/10/13  09:20:06.358418	3.733739E-1
2024/10/13  09:20:06.358438	3.733739E-1
2024/10/13  09:20:06.358458	3.733739E-1
2024/10/13  09:20:06.358478	3.733739E-1
2024/10/13  09:20:06.358498	3.733739E-1
2024/10/13  09:20:06.358518	3.733739E-1
2024/10/13  09:20:06.358538	3.733739E-1
2024/10/13  09:20:06.358558	3.733739E-1
2024/10/13  09:20:06.358578	3.733739E-1
2024/10/13  09:20:06.358598	3.733739E-1
2024/10/13  09:20:06.358618	3.733739E-1
2024/10/13  09:20:06.358638	3.733739E-1
2024/10/13  09:20:06.358658	3.733739E-1
2024/10/13  09:20:06.358678	3.733739E-1
2024/10/13  09:20:06.358698	4.161202E-1
2024/10/13  09:20:06.358718	1.484778E+0
2024/10/13  09:20:06.358738	1.442031E+0
2024/10/13  09:20:06.358758	1.484778E+0
2024/10/13  09:20:06.358778	1.484778E+0
2024/10/13  09:20:06.358798	1.484778E+0
2024/10/13  09:20:06.358818	1.484778E+0
2024/10/13  09:20:06.358838	1.484778E+0
2024/10/13  09:20:06.358858	1.442031E+0
2024/10/13  09:20:06.358878	1.484778E+0
2024/10/13  09:20:06.358898	1.442031E+0
2024/10/13  09:20:06.358918	1.484778E+0
2024/10/13  09:20:06.358938	1.442031E+0
2024/10/13  09:20:06.358958	1.484778E+0
2024/10/13  09:20:06.358978	1.484778E+0
2024/10/13  09:20:06.358998	1.442031E+0
2024/10/13  09:20:06.359018	1.484778E+0
2024/10/13  09:20:06.359038	1.484778E+0
2024/10/13  09:20:06.359058	1.484778E+0
2024/10/13  09:20:06.359078	1.484778E+0
2024/10/13  09:20:06.359098	1.442031E+0
2024/10/13  09:20:06.359118	1.484778E+0
2024/10/13  09:20:06.359138	1.442031E+0
2024/10/13  09:20:06.359158	1.442031E+0
2024/10/13  09:20:06.359178	1.484778E+0
2024/10/13  09:20:06.359198	1.484778E+0
2024/10/13  09:20:06.359218	1.484778E+0
2024/10/13  09:20:06.359238	1.442031E+0
2024/10/13  09:20:06.359258	1.442031E+0
2024/10/13  09:20:06.359278	1.442031E+0
2024/10/13  09:20:06.359298	1.442031E+0
2024/10/13  09:20:06.359318	1.442031E+0
2024/10/13  09:20:06.359338	1.442031E+0
2024/10/13  09:20:06.359358	1.484778E+0
2024/10/13  09:20:06.359378	1.442031E+0
2024/10/13  09:20:06.359398	1.484778E+0
2024/10/13  09:20:06.359418	1.442031E+0
2024/10/13  09:20:06.359438	1.484778E+0
2024/10/13  09:20:06.359458	1.442031E+0
2024/10/13  09:20:06.359478	1.484778E+0
2024/10/13  09:20:06.359498	1.442031E+0
2024/10/13  09:20:06.359518	1.484778E+0
2024/10/13  09:20:06.359538	1.484778E+0
2024/10/13  09:20:06.359558	1.442031E+0
2024/10/13  09:20:06.359578	1.484778E+0
2024/10/13  09:20:06.359598	1.484778E+0
2024/10/13  09:20:06.359618	1.442031E+0
2024/10/13  09:20:06.359638	1.484778E+0
2024/10/13  09:20:06.359658	1.484778E+0
2024/10/13  09:20:06.359678	1.484778E+0
2024/10/13  09:20:06.359698	1.442031E+0
2024/10/13  09:20:06.359718	1.997733E+0
2024/10/13  09:20:06.359738	1.997733E+0
2024/10/13  09:20:06.359758	1.997733E+0
2024/10/13  09:20:06.359778	1.997733E+0
2024/10/13  09:20:06.359798	1.997733E+0
2024/10/13  09:20:06.359818	1.997733E+0
2024/10/13  09:20:06.359838	1.997733E+0
2024/10/13  09:20:06.359858	1.997733E+0
2024/10/13  09:20:06.359878	1.997733E+0
2024/10/13  09:20:06.359898	1.997733E+0
2024/10/13  09:20:06.359918	1.997733E+0
2024/10/13  09:20:06.359938	1.997733E+0
2024/10/13  09:20:06.359958	1.997733E+0
2024/10/13  09:20:06.359978	1.997733E+0
2024/10/13  09:20:06.359998	1.997733E+0
2024/10/13  09:20:06.360018	1.997733E+0
2024/10/13  09:20:06.360038	1.997733E+0
2024/10/13  09:20:06.360058	1.997733E+0
2024/10/13  09:20:06.360078	1.997733E+0
2024/10/13  09:20:06.360098	1.997733E+0
2024/10/13  09:20:06.360118	1.997733E+0
2024/10/13  09:20:06.360138	1.997733E+0
2024/10/13  09:20:06.360158	1.997733E+0
2024/10/13  09:20:06.360178	1.997733E+0
2024/10/13  09:20:06.360198	1.997733E+0
2024/10/13  09:20:06.360218	1.997733E+0
2024/10/13  09:20:06.360238	1.997733E+0
2024/10/13  09:20:06.360258	1.997733E+0
2024/10/13  09:20:06.360278	1.997733E+0
2024/10/13  09:20:06.360298	1.997733E+0
2024/10/13  09:20:06.360318	1.997733E+0
2024/10/13  09:20:06.360338	1.997733E+0
2024/10/13  09:20:06.360358	1.997733E+0
2024/10/13  09:20:06.360378	1.997733E+0
2024/10/13  09:20:06.360398	1.997733E+0
2024/10/13  09:20:06.360418	1.997733E+0
2024/10/13  09:20:06.360438	1.997733E+0
2024/10/13  09:20:06.360458	1.997733E+0
2024/10/13  09:20:06.360478	1.997733E+0
2024/10/13  09:20:06.360498	1.997733E+0
2024/10/13  09:20:06.360518	1.997733E+0
2024/10/13  09:20:06.360538	1.997733E+0
2024/10/13  09:20:06.360558	1.997733E+0
2024/10/13  09:20:06.360578	1.997733E+0
2024/10/13  09:20:06.360598	1.997733E+0
2024/10/13  09:20:06.360618	1.997733E+0
2024/10/13  09:20:06.360638	1.997733E+0
2024/10/13  09:20:06.360658	1.997733E+0
2024/10/13  09:20:06.360678	1.997733E+0
2024/10/13  09:20:06.360698	1.997733E+0
2024/10/13  09:20:06.360718	1.784002E+0
2024/10/13  09:20:06.360738	1.784002E+0
2024/10/13  09:20:06.360758	1.741256E+0
2024/10/13  09:20:06.360778	1.784002E+0
2024/10/13  09:20:06.360798	1.741256E+0
2024/10/13  09:20:06.360818	1.741256E+0
2024/10/13  09:20:06.360838	1.741256E+0
2024/10/13  09:20:06.360858	1.784002E+0
2024/10/13  09:20:06.360878	1.784002E+0
2024/10/13  09:20:06.360898	1.784002E+0
2024/10/13  09:20:06.360918	1.784002E+0
2024/10/13  09:20:06.360938	1.741256E+0
2024/10/13  09:20:06.360958	1.741256E+0
2024/10/13  09:20:06.360978	1.741256E+0
2024/10/13  09:20:06.360998	1.741256E+0
2024/10/13  09:20:06.361018	1.741256E+0
2024/10/13  09:20:06.361038	1.741256E+0
2024/10/13  09:20:06.361058	1.741256E+0
2024/10/13  09:20:06.361078	1.741256E+0
2024/10/13  09:20:06.361098	1.784002E+0
2024/10/13  09:20:06.361118	1.784002E+0
2024/10/13  09:20:06.361138	1.741256E+0
2024/10/13  09:20:06.361158	1.741256E+0
2024/10/13  09:20:06.361178	1.784002E+0
2024/10/13  09:20:06.361198	1.784002E+0
2024/10/13  09:20:06.361218	1.741256E+0
2024/10/13  09:20:06.361238	1.741256E+0
2024/10/13  09:20:06.361258	1.784002E+0
2024/10/13  09:20:06.361278	1.784002E+0
2024/10/13  09:20:06.361298	1.741256E+0
2024/10/13  09:20:06.361318	1.741256E+0
2024/10/13  09:20:06.361338	1.741256E+0
2024/10/13  09:20:06.361358	1.741256E+0
2024/10/13  09:20:06.361378	1.741256E+0
2024/10/13  09:20:06.361398	1.741256E+0
2024/10/13  09:20:06.361418	1.741256E+0
2024/10/13  09:20:06.361438	1.741256E+0
2024/10/13  09:20:06.361458	1.784002E+0
2024/10/13  09:20:06.361478	1.784002E+0
2024/10/13  09:20:06.361498	1.741256E+0
2024/10/13  09:20:06.361518	1.784002E+0
2024/10/13  09:20:06.361538	1.741256E+0
2024/10/13  09:20:06.361558	1.741256E+0
2024/10/13  09:20:06.361578	1.741256E+0
2024/10/13  09:20:06.361598	1.741256E+0
2024/10/13  09:20:06.361618	1.741256E+0
2024/10/13  09:20:06.361638	1.741256E+0
2024/10/13  09:20:06.361658	1.784002E+0
2024/10/13  09:20:06.361678	1.784002E+0
2024/10/13  09:20:06.361698	1.741256E+0
2024/10/13  09:20:06.361718	8.863295E-1
2024/10/13  09:20:06.361738	8.863295E-1
2024/10/13  09:20:06.361758	8.863295E-1
2024/10/13  09:20:06.361778	8.863295E-1
2024/10/13  09:20:06.361798	8.863295E-1
2024/10/13  09:20:06.361818	8.863295E-1
2024/10/13  09:20:06.361838	8.863295E-1
2024/10/13  09:20:06.361858	8.863295E-1
2024/10/13  09:20:06.361878	8.863295E-1
2024/10/13  09:20:06.361898	8.435832E-1
2024/10/13  09:20:06.361918	8.863295E-1
2024/10/13  09:20:06.361938	8.863295E-1
2024/10/13  09:20:06.361958	8.863295E-1
2024/10/13  09:20:06.361978	8.863295E-1
2024/10/13  09:20:06.361998	8.863295E-1
2024/10/13  09:20:06.362018	8.863295E-1
2024/10/13  09:20:06.362038	8.863295E-1
2024/10/13  09:20:06.362058	8.863295E-1
2024/10/13  09:20:06.362078	8.863295E-1
2024/10/13  09:20:06.362098	8.863295E-1
2024/10/13  09:20:06.362118	8.863295E-1
2024/10/13  09:20:06.362138	8.863295E-1
2024/10/13  09:20:06.362158	8.863295E-1
2024/10/13  09:20:06.362178	8.863295E-1
2024/10/13  09:20:06.362198	8.863295E-1
2024/10/13  09:20:06.362218	8.435832E-1
2024/10/13  09:20:06.362238	8.435832E-1
2024/10/13  09:20:06.362258	8.863295E-1
2024/10/13  09:20:06.362278	8.863295E-1
2024/10/13  09:20:06.362298	8.863295E-1
2024/10/13  09:20:06.362318	8.863295E-1
2024/10/13  09:20:06.362338	8.863295E-1
2024/10/13  09:20:06.362358	8.863295E-1
2024/10/13  09:20:06.362378	8.863295E-1
2024/10/13  09:20:06.362398	8.435832E-1
2024/10/13  09:20:06.362418	8.863295E-1
2024/10/13  09:20:06.362438	8.435832E-1
2024/10/13  09:20:06.362458	8.863295E-1
2024/10/13  09:20:06.362478	8.863295E-1
2024/10/13  09:20:06.362498	8.863295E-1
2024/10/13  09:20:06.362518	8.863295E-1
2024/10/13  09:20:06.362538	8.435832E-1
2024/10/13  09:20:06.362558	8.863295E-1
2024/10/13  09:20:06.362578	8.863295E-1
2024/10/13  09:20:06.362598	8.863295E-1
2024/10/13  09:20:06.362618	8.863295E-1
2024/10/13  09:20:06.362638	8.863295E-1
2024/10/13  09:20:06.362658	8.863295E-1
2024/10/13  09:20:06.362678	8.435832E-1
2024/10/13  09:20:06.362698	8.435832E-1
2024/10/13  09:20:06.362718	-3.960596E-1
2024/10/13  09:20:06.362738	-3.533133E-1
2024/10/13  09:20:06.362758	-3.533133E-1
2024/10/13  09:20:06.362778	-3.533133E-1
2024/10/13  09:20:06.362798	-3.960596E-1
2024/10/13  09:20:06.362818	-3.960596E-1
2024/10/13  09:20:06.362838	-3.960596E-1
2024/10/13  09:20:06.362858	-3.533133E-1
2024/10/13  09:20:06.362878	-3.533133E-1
2024/10/13  09:20:06.362898	-3.533133E-1
2024/10/13  09:20:06.362918	-3.960596E-1
2024/10/13  09:20:06.362938	-3.533133E-1
2024/10/13  09:20:06.362958	-3.533133E-1
2024/10/13  09:20:06.362978	-3.960596E-1
2024/10/13  09:20:06.362998	-3.960596E-1
2024/10/13  09:20:06.363018	-3.960596E-1
2024/10/13  09:20:06.363038	-3.960596E-1
2024/10/13  09:20:06.363058	-3.960596E-1
2024/10/13  09:20:06.363078	-3.533133E-1
2024/10/13  09:20:06.363098	-3.533133E-1
2024/10/13  09:20:06.363118	-3.960596E-1
2024/10/13  09:20:06.363138	-3.960596E-1
2024/10/13  09:20:06.363158	-3.533133E-1
2024/10/13  09:20:06.363178	-3.960596E-1
2024/10/13  09:20:06.363198	-3.533133E-1
2024/10/13  09:20:06.363218	-3.533133E-1
2024/10/13  09:20:06.363238	-3.960596E-1
2024/10/13  09:20:06.363258	-3.533133E-1
2024/10/13  09:20:06.363278	-3.533133E-1
2024/10/13  09:20:06.363298	-3.960596E-1
2024/10/13  09:20:06.363318	-3.533133E-1
2024/10/13  09:20:06.363338	-3.533133E-1
2024/10/13  09:20:06.363358	-3.533133E-1
2024/10/13  09:20:06.363378	-3.960596E-1
2024/10/13  09:20:06.363398	-3.960596E-1
2024/10/13  09:20:06.363418	-3.960596E-1
2024/10/13  09:20:06.363438	-3.960596E-1
2024/10/13  09:20:06.363458	-3.960596E-1
2024/10/13  09:20:06.363478	-3.960596E-1
2024/10/13  09:20:06.363498	-3.533133E-1
2024/10/13  09:20:06.363518	-3.960596E-1
2024/10/13  09:20:06.363538	-3.960596E-1
2024/10/13  09:20:06.363558	-3.960596E-1
2024/10/13  09:20:06.363578	-3.533133E-1
2024/10/13  09:20:06.363598	-3.960596E-1
2024/10/13  09:20:06.363618	-3.960596E-1
2024/10/13  09:20:06.363638	-3.960596E-1
2024/10/13  09:20:06.363658	-3.533133E-1
2024/10/13  09:20:06.363678	-3.960596E-1
2024/10/13  09:20:06.363698	-3.533133E-1
2024/10/13  09:20:06.363718	-1.464717E+0
2024/10/13  09:20:06.363738	-1.464717E+0
2024/10/13  09:20:06.363758	-1.464717E+0
2024/10/13  09:20:06.363778	-1.421971E+0
2024/10/13  09:20:06.363798	-1.464717E+0
2024/10/13  09:20:06.363818	-1.464717E+0
2024/10/13  09:20:06.363838	-1.464717E+0
2024/10/13  09:20:06.363858	-1.464717E+0
2024/10/13  09:20:06.363878	-1.421971E+0
2024/10/13  09:20:06.363898	-1.464717E+0
2024/10/13  09:20:06.363918	-1.421971E+0
2024/10/13  09:20:06.363938	-1.464717E+0
2024/10/13  09:20:06.363958	-1.464717E+0
2024/10/13  09:20:06.363978	-1.464717E+0
2024/10/13  09:20:06.363998	-1.464717E+0
2024/10/13  09:20:06.364018	-1.464717E+0
2024/10/13  09:20:06.364038	-1.464717E+0
2024/10/13  09:20:06.364058	-1.464717E+0
2024/10/13  09:20:06.364078	-1.464717E+0
2024/10/13  09:20:06.364098	-1.464717E+0
2024/10/13  09:20:06.364118	-1.464717E+0
2024/10/13  09:20:06.364138	-1.464717E+0
2024/10/13  09:20:06.364158	-1.464717E+0
2024/10/13  09:20:06.364178	-1.464717E+0
2024/10/13  09:20:06.364198	-1.421971E+0
2024/10/13  09:20:06.364218	-1.464717E+0
2024/10/13  09:20:06.364238	-1.421971E+0
2024/10/13  09:20:06.364258	-1.464717E+0
2024/10/13  09:20:06.364278	-1.464717E+0
2024/10/13  09:20:06.364298	-1.464717E+0
2024/10/13  09:20:06.364318	-1.464717E+0
2024/10/13  09:20:06.364338	-1.464717E+0
2024/10/13  09:20:06.364358	-1.464717E+0
2024/10/13  09:20:06.364378	-1.464717E+0
2024/10/13  09:20:06.364398	-1.464717E+0
2024/10/13  09:20:06.364418	-1.464717E+0
2024/10/13  09:20:06.364438	-1.464717E+0
2024/10/13  09:20:06.364458	-1.464717E+0
2024/10/13  09:20:06.364478	-1.464717E+0
2024/10/13  09:20:06.364498	-1.464717E+0
2024/10/13  09:20:06.364518	-1.464717E+0
2024/10/13  09:20:06.364538	-1.421971E+0
2024/10/13  09:20:06.364558	-1.464717E+0
2024/10/13  09:20:06.364578	-1.464717E+0
2024/10/13  09:20:06.364598	-1.464717E+0
2024/10/13  09:20:06.364618	-1.464717E+0
2024/10/13  09:20:06.364638	-1.464717E+0
2024/10/13  09:20:06.364658	-1.464717E+0
2024/10/13  09:20:06.364678	-1.464717E+0
2024/10/13  09:20:06.364698	-1.464717E+0
2024/10/13  09:20:06.364718	-1.977673E+0
2024/10/13  09:20:06.364738	-1.977673E+0
2024/10/13  09:20:06.364758	-1.977673E+0
2024/10/13  09:20:06.364778	-1.977673E+0
2024/10/13  09:20:06.364798	-1.977673E+0
2024/10/13  09:20:06.364818	-1.977673E+0
2024/10/13  09:20:06.364838	-1.977673E+0
2024/10/13  09:20:06.364858	-1.977673E+0
2024/10/13  09:20:06.364878	-1.977673E+0
2024/10/13  09:20:06.364898	-2.020419E+0
2024/10/13  09:20:06.364918	-1.977673E+0
2024/10/13  09:20:06.364938	-1.977673E+0
2024/10/13  09:20:06.364958	-1.977673E+0
2024/10/13  09:20:06.364978	-1.977673E+0
2024/10/13  09:20:06.364998	-1.977673E+0
2024/10/13  09:20:06.365018	-1.977673E+0
2024/10/13  09:20:06.365038	-1.977673E+0
2024/10/13  09:20:06.365058	-1.977673E+0
2024/10/13  09:20:06.365078	-1.977673E+0
2024/10/13  09:20:06.365098	-1.977673E+0
2024/10/13  09:20:06.365118	-1.977673E+0
2024/10/13  09:20:06.365138	-1.977673E+0
2024/10/13  09:20:06.365158	-1.977673E+0
2024/10/13  09:20:06.365178	-1.977673E+0
2024/10/13  09:20:06.365198	-1.977673E+0
2024/10/13  09:20:06.365218	-1.977673E+0
2024/10/13  09:20:06.365238	-1.977673E+0
2024/10/13  09:20:06.365258	-1.977673E+0
2024/10/13  09:20:06.365278	-1.977673E+0
2024/10/13  09:20:06.365298	-1.977673E+0
2024/10/13  09:20:06.365318	-1.977673E+0
2024/10/13  09:20:06.365338	-1.977673E+0
2024/10/13  09:20:06.365358	-1.977673E+0
2024/10/13  09:20:06.365378	-1.977673E+0
2024/10/13  09:20:06.365398	-1.977673E+0
2024/10/13  09:20:06.365418	-1.977673E+0
2024/10/13  09:20:06.365438	-1.977673E+0
2024/10/13  09:20:06.365458	-1.977673E+0
2024/10/13  09:20:06.365478	-1.977673E+0
2024/10/13  09:20:06.365498	-1.977673E+0
2024/10/13  09:20:06.365518	-1.934926E+0
2024/10/13  09:20:06.365538	-1.977673E+0
2024/10/13  09:20:06.365558	-1.977673E+0
2024/10/13  09:20:06.365578	-1.977673E+0
2024/10/13  09:20:06.365598	-1.977673E+0
2024/10/13  09:20:06.365618	-1.977673E+0
2024/10/13  09:20:06.365638	-1.977673E+0
2024/10/13  09:20:06.365658	-1.977673E+0
2024/10/13  09:20:06.365678	-1.977673E+0
2024/10/13  09:20:06.365698	-1.977673E+0
2024/10/13  09:20:06.365718	-1.763941E+0
2024/10/13  09:20:06.365738	-1.721195E+0
2024/10/13  09:20:06.365758	-1.721195E+0
2024/10/13  09:20:06.365778	-1.721195E+0
2024/10/13  09:20:06.365798	-1.721195E+0
2024/10/13  09:20:06.365818	-1.721195E+0
2024/10/13  09:20:06.365838	-1.763941E+0
2024/10/13  09:20:06.365858	-1.721195E+0
2024/10/13  09:20:06.365878	-1.763941E+0
2024/10/13  09:20:06.365898	-1.721195E+0
2024/10/13  09:20:06.365918	-1.721195E+0
2024/10/13  09:20:06.365938	-1.763941E+0
2024/10/13  09:20:06.365958	-1.763941E+0
2024/10/13  09:20:06.365978	-1.763941E+0
2024/10/13  09:20:06.365998	-1.721195E+0
2024/10/13  09:20:06.366018	-1.763941E+0
2024/10/13  09:20:06.366038	-1.721195E+0
2024/10/13  09:20:06.366058	-1.763941E+0
2024/10/13  09:20:06.366078	-1.763941E+0
2024/10/13  09:20:06.366098	-1.721195E+0
2024/10/13  09:20:06.366118	-1.721195E+0
2024/10/13  09:20:06.366138	-1.763941E+0
2024/10/13  09:20:06.366158	-1.721195E+0
2024/10/13  09:20:06.366178	-1.763941E+0
2024/10/13  09:20:06.366198	-1.763941E+0
2024/10/13  09:20:06.366218	-1.763941E+0
2024/10/13  09:20:06.366238	-1.763941E+0
2024/10/13  09:20:06.366258	-1.721195E+0
2024/10/13  09:20:06.366278	-1.763941E+0
2024/10/13  09:20:06.366298	-1.721195E+0
2024/10/13  09:20:06.366318	-1.721195E+0
2024/10/13  09:20:06.366338	-1.763941E+0
2024/10/13  09:20:06.366358	-1.763941E+0
2024/10/13  09:20:06.366378	-1.763941E+0
2024/10/13  09:20:06.366398	-1.763941E+0
2024/10/13  09:20:06.366418	-1.721195E+0
2024/10/13  09:20:06.366438	-1.763941E+0
2024/10/13  09:20:06.366458	-1.763941E+0
2024/10/13  09:20:06.366478	-1.763941E+0
2024/10/13  09:20:06.366498	-1.763941E+0
2024/10/13  09:20:06.366518	-1.763941E+0
2024/10/13  09:20:06.366538	-1.721195E+0
2024/10/13  09:20:06.366558	-1.721195E+0
2024/10/13  09:20:06.366578	-1.763941E+0
2024/10/13  09:20:06.366598	-1.763941E+0
2024/10/13  09:20:06.366618	-1.721195E+0
2024/10/13  09:20:06.366638	-1.763941E+0
2024/10/13  09:20:06.366658	-1.763941E+0
2024/10/13  09:20:06.366678	-1.763941E+0
2024/10/13  09:20:06.366698	-1.721195E+0
2024/10/13  09:20:06.366718	-8.235226E-1
2024/10/13  09:20:06.366738	-8.235226E-1
2024/10/13  09:20:06.366758	-8.235226E-1
2024/10/13  09:20:06.366778	-8.235226E-1
2024/10/13  09:20:06.366798	-8.235226E-1
2024/10/13  09:20:06.366818	-8.235226E-1
2024/10/13  09:20:06.366838	-8.235226E-1
2024/10/13  09:20:06.366858	-8.235226E-1
2024/10/13  09:20:06.366878	-8.235226E-1
2024/10/13  09:20:06.366898	-8.235226E-1
2024/10/13  09:20:06.366918	-8.235226E-1
2024/10/13  09:20:06.366938	-8.235226E-1
2024/10/13  09:20:06.366958	-8.235226E-1
2024/10/13  09:20:06.366978	-8.235226E-1
2024/10/13  09:20:06.366998	-8.235226E-1
2024/10/13  09:20:06.367018	-8.235226E-1
2024/10/13  09:20:06.367038	-8.235226E-1
2024/10/13  09:20:06.367058	-8.235226E-1
2024/10/13  09:20:06.367078	-8.235226E-1
2024/10/13  09:20:06.367098	-8.235226E-1
2024/10/13  09:20:06.367118	-8.235226E-1
2024/10/13  09:20:06.367138	-8.235226E-1
2024/10/13  09:20:06.367158	-8.235226E-1
2024/10/13  09:20:06.367178	-8.235226E-1
2024/10/13  09:20:06.367198	-8.235226E-1
2024/10/13  09:20:06.367218	-8.235226E-1
2024/10/13  09:20:06.367238	-8.235226E-1
2024/10/13  09:20:06.367258	-8.235226E-1
2024/10/13  09:20:06.367278	-8.235226E-1
2024/10/13  09:20:06.367298	-8.235226E-1
2024/10/13  09:20:06.367318	-8.235226E-1
2024/10/13  09:20:06.367338	-8.235226E-1
2024/10/13  09:20:06.367358	-8.662689E-1
2024/10/13  09:20:06.367378	-8.235226E-1
2024/10/13  09:20:06.367398	-8.235226E-1
2024/10/13  09:20:06.367418	-8.235226E-1
2024/10/13  09:20:06.367438	-8.235226E-1
2024/10/13  09:20:06.367458	-8.235226E-1
2024/10/13  09:20:06.367478	-8.235226E-1
2024/10/13  09:20:06.367498	-8.235226E-1
2024/10/13  09:20:06.367518	-8.235226E-1
2024/10/13  09:20:06.367538	-8.235226E-1
2024/10/13  09:20:06.367558	-8.235226E-1
2024/10/13  09:20:06.367578	-8.235226E-1
2024/10/13  09:20:06.367598	-8.235226E-1
2024/10/13  09:20:06.367618	-8.235226E-1
2024/10/13  09:20:06.367638	-8.235226E-1
2024/10/13  09:20:06.367658	-8.235226E-1
2024/10/13  09:20:06.367678	-8.235226E-1
2024/10/13  09:20:06.367698	-8.235226E-1
2024/10/13  09:20:06.367718	3.733739E-1
2024/10/13  09:20:06.367738	4.161202E-1
2024/10/13  09:20:06.367758	3.733739E-1
2024/10/13  09:20:06.367778	3.733739E-1
2024/10/13  09:20:06.367798	3.733739E-1
2024/10/13  09:20:06.367818	3.733739E-1
2024/10/13  09:20:06.367838	3.733739E-1
2024/10/13  09:20:06.367858	3.733739E-1
2024/10/13  09:20:06.367878	3.733739E-1
2024/10/13  09:20:06.367898	3.733739E-1
2024/10/13  09:20:06.367918	3.733739E-1
2024/10/13  09:20:06.367938	3.733739E-1
2024/10/13  09:20:06.367958	3.733739E-1
2024/10/13  09:20:06.367978	3.733739E-1
2024/10/13  09:20:06.367998	3.733739E-1
2024/10/13  09:20:06.368018	3.733739E-1
2024/10/13  09:20:06.368038	3.733739E-1
2024/10/13  09:20:06.368058	3.733739E-1
2024/10/13  09:20:06.368078	3.733739E-1
2024/10/13  09:20:06.368098	3.733739E-1
2024/10/13  09:20:06.368118	4.161202E-1
2024/10/13  09:20:06.368138	4.161202E-1
2024/10/13  09:20:06.368158	3.733739E-1
2024/10/13  09:20:06.368178	3.733739E-1
2024/10/13  09:20:06.368198	3.733739E-1
2024/10/13  09:20:06.368218	3.733739E-1
2024/10/13  09:20:06.368238	3.733739E-1
2024/10/13  09:20:06.368258	3.733739E-1
2024/10/13  09:20:06.368278	3.733739E-1
2024/10/13  09:20:06.368298	3.733739E-1
2024/10/13  09:20:06.368318	3.733739E-1
2024/10/13  09:20:06.368338	3.733739E-1
2024/10/13  09:20:06.368358	3.733739E-1
2024/10/13  09:20:06.368378	3.733739E-1
2024/10/13  09:20:06.368398	4.161202E-1
2024/10/13  09:20:06.368418	3.733739E-1
2024/10/13  09:20:06.368438	3.733739E-1
2024/10/13  09:20:06.368458	3.733739E-1
2024/10/13  09:20:06.368478	3.733739E-1
2024/10/13  09:20:06.368498	3.733739E-1
2024/10/13  09:20:06.368518	3.733739E-1
2024/10/13  09:20:06.368538	3.733739E-1
2024/10/13  09:20:06.368558	3.733739E-1
2024/10/13  09:20:06.368578	3.733739E-1
2024/10/13  09:20:06.368598	3.733739E-1
2024/10/13  09:20:06.368618	4.161202E-1
2024/10/13  09:20:06.368638	3.733739E-1
2024/10/13  09:20:06.368658	3.733739E-1
2024/10/13  09:20:06.368678	4.161202E-1
2024/10/13  09:20:06.368698	3.733739E-1
2024/10/13  09:20:06.368718	1.442031E+0
2024/10/13  09:20:06.368738	1.484778E+0
2024/10/13  09:20:06.368758	1.484778E+0
2024/10/13  09:20:06.368778	1.484778E+0
2024/10/13  09:20:06.368798	1.484778E+0
2024/10/13  09:20:06.368818	1.484778E+0
2024/10/13  09:20:06.368838	1.484778E+0
2024/10/13  09:20:06.368858	1.442031E+0
2024/10/13  09:20:06.368878	1.442031E+0
2024/10/13  09:20:06.368898	1.484778E+0
2024/10/13  09:20:06.368918	1.484778E+0
2024/10/13  09:20:06.368938	1.442031E+0
2024/10/13  09:20:06.368958	1.484778E+0
2024/10/13  09:20:06.368978	1.484778E+0
2024/10/13  09:20:06.368998	1.442031E+0
2024/10/13  09:20:06.369018	1.484778E+0
2024/10/13  09:20:06.369038	1.442031E+0
2024/10/13  09:20:06.369058	1.484778E+0
2024/10/13  09:20:06.369078	1.442031E+0
2024/10/13  09:20:06.369098	1.484778E+0
2024/10/13  09:20:06.369118	1.442031E+0
2024/10/13  09:20:06.369138	1.442031E+0
2024/10/13  09:20:06.369158	1.442031E+0
2024/10/13  09:20:06.369178	1.442031E+0
2024/10/13  09:20:06.369198	1.484778E+0
2024/10/13  09:20:06.369218	1.442031E+0
2024/10/13  09:20:06.369238	1.484778E+0
2024/10/13  09:20:06.369258	1.442031E+0
2024/10/13  09:20:06.369278	1.484778E+0
2024/10/13  09:20:06.369298	1.484778E+0
2024/10/13  09:20:06.369318	1.484778E+0
2024/10/13  09:20:06.369338	1.442031E+0
2024/10/13  09:20:06.369358	1.442031E+0
2024/10/13  09:20:06.369378	1.484778E+0
2024/10/13  09:20:06.369398	1.484778E+0
2024/10/13  09:20:06.369418	1.484778E+0
2024/10/13  09:20:06.369438	1.484778E+0
2024/10/13  09:20:06.369458	1.442031E+0
2024/10/13  09:20:06.369478	1.484778E+0
2024/10/13  09:20:06.369498	1.484778E+0
2024/10/13  09:20:06.369518	1.484778E+0
2024/10/13  09:20:06.369538	1.442031E+0
2024/10/13  09:20:06.369558	1.442031E+0
2024/10/13  09:20:06.369578	1.484778E+0
2024/10/13  09:20:06.369598	1.484778E+0
2024/10/13  09:20:06.369618	1.442031E+0
2024/10/13  09:20:06.369638	1.484778E+0
2024/10/13  09:20:06.369658	1.484778E+0
2024/10/13  09:20:06.369678	1.442031E+0
2024/10/13  09:20:06.369698	1.442031E+0
2024/10/13  09:20:06.369718	1.954987E+0
2024/10/13  09:20:06.369738	1.997733E+0
2024/10/13  09:20:06.369758	1.997733E+0
2024/10/13  09:20:06.369778	1.997733E+0
2024/10/13  09:20:06.369798	1.997733E+0
2024/10/13  09:20:06.369818	1.997733E+0
2024/10/13  09:20:06.369838	1.997733E+0
2024/10/13  09:20:06.369858	1.997733E+0
2024/10/13  09:20:06.369878	1.997733E+0
2024/10/13  09:20:06.369898	1.997733E+0
2024/10/13  09:20:06.369918	1.997733E+0
2024/10/13  09:20:06.369938	1.997733E+0
2024/10/13  09:20:06.369958	1.997733E+0
2024/10/13  09:20:06.369978	1.997733E+0
2024/10/13  09:20:06.369998	1.997733E+0
2024/10/13  09:20:06.370018	1.997733E+0
2024/10/13  09:20:06.370038	1.997733E+0
2024/10/13  09:20:06.370058	1.997733E+0
2024/10/13  09:20:06.370078	1.954987E+0
2024/10/13  09:20:06.370098	1.997733E+0
2024/10/13  09:20:06.370118	1.997733E+0
2024/10/13  09:20:06.370138	1.997733E+0
2024/10/13  09:20:06.370158	1.997733E+0
2024/10/13  09:20:06.370178	1.997733E+0
2024/10/13  09:20:06.370198	1.997733E+0
2024/10/13  09:20:06.370218	1.997733E+0
2024/10/13  09:20:06.370238	1.997733E+0
2024/10/13  09:20:06.370258	1.997733E+0
2024/10/13  09:20:06.370278	1.997733E+0
2024/10/13  09:20:06.370298	1.997733E+0
2024/10/13  09:20:06.370318	1.997733E+0
2024/10/13  09:20:06.370338	1.997733E+0
2024/10/13  09:20:06.370358	1.997733E+0
2024/10/13  09:20:06.370378	1.997733E+0
2024/10/13  09:20:06.370398	1.997733E+0
2024/10/13  09:20:06.370418	1.997733E+0
2024/10/13  09:20:06.370438	1.997733E+0
2024/10/13  09:20:06.370458	1.997733E+0
2024/10/13  09:20:06.370478	1.954987E+0
2024/10/13  09:20:06.370498	1.997733E+0
2024/10/13  09:20:06.370518	1.997733E+0
2024/10/13  09:20:06.370538	1.997733E+0
2024/10/13  09:20:06.370558	1.997733E+0
2024/10/13  09:20:06.370578	1.997733E+0
2024/10/13  09:20:06.370598	1.997733E+0
2024/10/13  09:20:06.370618	1.954987E+0
2024/10/13  09:20:06.370638	1.997733E+0
2024/10/13  09:20:06.370658	1.997733E+0
2024/10/13  09:20:06.370678	1.997733E+0
2024/10/13  09:20:06.370698	1.997733E+0
2024/10/13  09:20:06.370718	1.784002E+0
2024/10/13  09:20:06.370738	1.741256E+0
2024/10/13  09:20:06.370758	1.741256E+0
2024/10/13  09:20:06.370778	1.784002E+0
2024/10/13  09:20:06.370798	1.741256E+0
2024/10/13  09:20:06.370818	1.741256E+0
2024/10/13  09:20:06.370838	1.741256E+0
2024/10/13  09:20:06.370858	1.741256E+0
2024/10/13  09:20:06.370878	1.784002E+0
2024/10/13  09:20:06.370898	1.784002E+0
2024/10/13  09:20:06.370918	1.741256E+0
2024/10/13  09:20:06.370938	1.784002E+0
2024/10/13  09:20:06.370958	1.784002E+0
2024/10/13  09:20:06.370978	1.784002E+0
2024/10/13  09:20:06.370998	1.741256E+0
2024/10/13  09:20:06.371018	1.741256E+0
2024/10/13  09:20:06.371038	1.741256E+0
2024/10/13  09:20:06.371058	1.741256E+0
2024/10/13  09:20:06.371078	1.784002E+0
2024/10/13  09:20:06.371098	1.741256E+0
2024/10/13  09:20:06.371118	1.741256E+0
2024/10/13  09:20:06.371138	1.784002E+0
2024/10/13  09:20:06.371158	1.784002E+0
2024/10/13  09:20:06.371178	1.741256E+0
2024/10/13  09:20:06.371198	1.784002E+0
2024/10/13  09:20:06.371218	1.741256E+0
2024/10/13  09:20:06.371238	1.784002E+0
2024/10/13  09:20:06.371258	1.741256E+0
2024/10/13  09:20:06.371278	1.741256E+0
2024/10/13  09:20:06.371298	1.741256E+0
2024/10/13  09:20:06.371318	1.741256E+0
2024/10/13  09:20:06.371338	1.741256E+0
2024/10/13  09:20:06.371358	1.784002E+0
2024/10/13  09:20:06.371378	1.741256E+0
2024/10/13  09:20:06.371398	1.784002E+0
2024/10/13  09:20:06.371418	1.741256E+0
2024/10/13  09:20:06.371438	1.784002E+0
2024/10/13  09:20:06.371458	1.741256E+0
2024/10/13  09:20:06.371478	1.784002E+0
2024/10/13  09:20:06.371498	1.741256E+0
2024/10/13  09:20:06.371518	1.741256E+0
2024/10/13  09:20:06.371538	1.741256E+0
2024/10/13  09:20:06.371558	1.741256E+0
2024/10/13  09:20:06.371578	1.784002E+0
2024/10/13  09:20:06.371598	1.784002E+0
2024/10/13  09:20:06.371618	1.741256E+0
2024/10/13  09:20:06.371638	1.741256E+0
2024/10/13  09:20:06.371658	1.741256E+0
2024/10/13  09:20:06.371678	1.741256E+0
2024/10/13  09:20:06.371698	1.741256E+0
2024/10/13  09:20:06.371718	8.863295E-1
2024/10/13  09:20:06.371738	8.435832E-1
2024/10/13  09:20:06.371758	8.863295E-1
2024/10/13  09:20:06.371778	8.863295E-1
2024/10/13  09:20:06.371798	8.863295E-1
2024/10/13  09:20:06.371818	8.863295E-1
2024/10/13  09:20:06.371838	8.435832E-1
2024/10/13  09:20:06.371858	8.435832E-1
2024/10/13  09:20:06.371878	8.863295E-1
2024/10/13  09:20:06.371898	8.863295E-1
2024/10/13  09:20:06.371918	8.863295E-1
2024/10/13  09:20:06.371938	8.863295E-1
2024/10/13  09:20:06.371958	8.435832E-1
2024/10/13  09:20:06.371978	8.863295E-1
2024/10/13  09:20:06.371998	8.863295E-1
2024/10/13  09:20:06.372018	8.863295E-1
2024/10/13  09:20:06.372038	8.863295E-1
2024/10/13  09:20:06.372058	8.863295E-1
2024/10/13  09:20:06.372078	8.863295E-1
2024/10/13  09:20:06.372098	8.863295E-1
2024/10/13  09:20:06.372118	8.435832E-1
2024/10/13  09:20:06.372138	8.863295E-1
2024/10/13  09:20:06.372158	8.863295E-1
2024/10/13  09:20:06.372178	8.863295E-1
2024/10/13  09:20:06.372198	8.435832E-1
2024/10/13  09:20:06.372218	8.863295E-1
2024/10/13  09:20:06.372238	8.435832E-1
2024/10/13  09:20:06.372258	8.863295E-1
2024/10/13  09:20:06.372278	8.863295E-1
2024/10/13  09:20:06.372298	8.863295E-1
2024/10/13  09:20:06.372318	8.435832E-1
2024/10/13  09:20:06.372338	8.863295E-1
2024/10/13  09:20:06.372358	8.435832E-1
2024/10/13  09:20:06.372378	8.435832E-1
2024/10/13  09:20:06.372398	8.863295E-1
2024/10/13  09:20:06.372418	8.435832E-1
2024/10/13  09:20:06.372438	8.435832E-1
2024/10/13  09:20:06.372458	8.863295E-1
2024/10/13  09:20:06.372478	8.863295E-1
2024/10/13  09:20:06.372498	8.435832E-1
2024/10/13  09:20:06.372518	8.435832E-1
2024/10/13  09:20:06.372538	8.863295E-1
2024/10/13  09:20:06.372558	8.863295E-1
2024/10/13  09:20:06.372578	8.863295E-1
2024/10/13  09:20:06.372598	8.863295E-1
2024/10/13  09:20:06.372618	8.863295E-1
2024/10/13  09:20:06.372638	8.863295E-1
2024/10/13  09:20:06.372658	8.863295E-1
2024/10/13  09:20:06.372678	8.863295E-1
2024/10/13  09:20:06.372698	8.435832E-1
2024/10/13  09:20:06.372718	-3.533133E-1
2024/10/13  09:20:06.372738	-3.533133E-1
2024/10/13  09:20:06.372758	-3.533133E-1
2024/10/13  09:20:06.372778	-3.960596E-1
2024/10/13  09:20:06.372798	-3.533133E-1
2024/10/13  09:20:06.372818	-3.533133E-1
2024/10/13  09:20:06.372838	-3.533133E-1
2024/10/13  09:20:06.372858	-3.533133E-1
2024/10/13  09:20:06.372878	-3.533133E-1
2024/10/13  09:20:06.372898	-3.960596E-1
2024/10/13  09:20:06.372918	-3.533133E-1
2024/10/13  09:20:06.372938	-3.533133E-1
2024/10/13  09:20:06.372958	-3.533133E-1
2024/10/13  09:20:06.372978	-3.533133E-1
2024/10/13  09:20:06.372998	-3.960596E-1
2024/10/13  09:20:06.373018	-3.533133E-1
2024/10/13  09:20:06.373038	-3.533133E-1
2024/10/13  09:20:06.373058	-3.533133E-1
2024/10/13  09:20:06.373078	-3.533133E-1
2024/10/13  09:20:06.373098	-3.960596E-1
2024/10/13  09:20:06.373118	-3.533133E-1
2024/10/13  09:20:06.373138	-3.533133E-1
2024/10/13  09:20:06.373158	-3.533133E-1
2024/10/13  09:20:06.373178	-3.533133E-1
2024/10/13  09:20:06.373198	-3.533133E-1
2024/10/13  09:20:06.373218	-3.960596E-1
2024/10/13  09:20:06.373238	-3.960596E-1
2024/10/13  09:20:06.373258	-3.960596E-1
2024/10/13  09:20:06.373278	-3.960596E-1
2024/10/13  09:20:06.373298	-3.533133E-1
2024/10/13  09:20:06.373318	-3.533133E-1
2024/10/13  09:20:06.373338	-3.960596E-1
2024/10/13  09:20:06.373358	-3.533133E-1
2024/10/13  09:20:06.373378	-3.960596E-1
2024/10/13  09:20:06.373398	-3.960596E-1
2024/10/13  09:20:06.373418	-3.960596E-1
2024/10/13  09:20:06.373438	-3.533133E-1
2024/10/13  09:20:06.373458	-3.533133E-1
2024/10/13  09:20:06.373478	-3.533133E-1
2024/10/13  09:20:06.373498	-3.960596E-1
2024/10/13  09:20:06.373518	-3.960596E-1
2024/10/13  09:20:06.373538	-3.533133E-1
2024/10/13  09:20:06.373558	-3.960596E-1
2024/10/13  09:20:06.373578	-3.960596E-1
2024/10/13  09:20:06.373598	-3.533133E-1
2024/10/13  09:20:06.373618	-3.960596E-1
2024/10/13  09:20:06.373638	-3.960596E-1
2024/10/13  09:20:06.373658	-3.533133E-1
2024/10/13  09:20:06.373678	-3.533133E-1
2024/10/13  09:20:06.373698	-3.533133E-1
2024/10/13  09:20:06.373718	-1.464717E+0
2024/10/13  09:20:06.373738	-1.464717E+0
2024/10/13  09:20:06.373758	-1.464717E+0
2024/10/13  09:20:06.373778	-1.464717E+0
2024/10/13  09:20:06.373798	-1.464717E+0
2024/10/13  09:20:06.373818	-1.464717E+0
2024/10/13  09:20:06.373838	-1.464717E+0
2024/10/13  09:20:06.373858	-1.464717E+0
2024/10/13  09:20:06.373878	-1.464717E+0
2024/10/13  09:20:06.373898	-1.464717E+0
2024/10/13  09:20:06.373918	-1.421971E+0
2024/10/13  09:20:06.373938	-1.464717E+0
2024/10/13  09:20:06.373958	-1.464717E+0
2024/10/13  09:20:06.373978	-1.464717E+0
2024/10/13  09:20:06.373998	-1.464717E+0
2024/10/13  09:20:06.374018	-1.464717E+0
2024/10/13  09:20:06.374038	-1.464717E+0
2024/10/13  09:20:06.374058	-1.464717E+0
2024/10/13  09:20:06.374078	-1.464717E+0
2024/10/13  09:20:06.374098	-1.464717E+0
2024/10/13  09:20:06.374118	-1.464717E+0
2024/10/13  09:20:06.374138	-1.464717E+0
2024/10/13  09:20:06.374158	-1.464717E+0
2024/10/13  09:20:06.374178	-1.464717E+0
2024/10/13  09:20:06.374198	-1.464717E+0
2024/10/13  09:20:06.374218	-1.464717E+0
2024/10/13  09:20:06.374238	-1.464717E+0
2024/10/13  09:20:06.374258	-1.464717E+0
2024/10/13  09:20:06.374278	-1.464717E+0
2024/10/13  09:20:06.374298	-1.464717E+0
2024/10/13  09:20:06.374318	-1.464717E+0
2024/10/13  09:20:06.374338	-1.464717E+0
2024/10/13  09:20:06.374358	-1.464717E+0
2024/10/13  09:20:06.374378	-1.464717E+0
2024/10/13  09:20:06.374398	-1.464717E+0
2024/10/13  09:20:06.374418	-1.464717E+0
2024/10/13  09:20:06.374438	-1.464717E+0
2024/10/13  09:20:06.374458	-1.464717E+0
2024/10/13  09:20:06.374478	-1.464717E+0
2024/10/13  09:20:06.374498	-1.464717E+0
2024/10/13  09:20:06.374518	-1.421971E+0
2024/10/13  09:20:06.374538	-1.464717E+0
2024/10/13  09:20:06.374558	-1.464717E+0
2024/10/13  09:20:06.374578	-1.464717E+0
2024/10/13  09:20:06.374598	-1.464717E+0
2024/10/13  09:20:06.374618	-1.464717E+0
2024/10/13  09:20:06.374638	-1.464717E+0
2024/10/13  09:20:06.374658	-1.421971E+0
2024/10/13  09:20:06.374678	-1.464717E+0
2024/10/13  09:20:06.374698	-1.464717E+0
2024/10/13  09:20:06.374718	-1.977673E+0
2024/10/13  09:20:06.374738	-1.977673E+0
2024/10/13  09:20:06.374758	-2.020419E+0
2024/10/13  09:20:06.374778	-1.977673E+0
2024/10/13  09:20:06.374798	-1.977673E+0
2024/10/13  09:20:06.374818	-1.977673E+0
2024/10/13  09:20:06.374838	-1.977673E+0
2024/10/13  09:20:06.374858	-1.977673E+0
2024/10/13  09:20:06.374878	-1.977673E+0
2024/10/13  09:20:06.374898	-1.977673E+0
2024/10/13  09:20:06.374918	-1.977673E+0
2024/10/13  09:20:06.374938	-1.977673E+0
2024/10/13  09:20:06.374958	-1.977673E+0
2024/10/13  09:20:06.374978	-1.977673E+0
2024/10/13  09:20:06.374998	-1.977673E+0
2024/10/13  09:20:06.375018	-1.977673E+0
2024/10/13  09:20:06.375038	-1.977673E+0
2024/10/13  09:20:06.375058	-1.977673E+0
2024/10/13  09:20:06.375078	-1.934926E+0
2024/10/13  09:20:06.375098	-1.977673E+0
2024/10/13  09:20:06.375118	-1.977673E+0
2024/10/13  09:20:06.375138	-1.977673E+0
2024/10/13  09:20:06.375158	-1.934926E+0
2024/10/13  09:20:06.375178	-1.977673E+0
2024/10/13  09:20:06.375198	-1.977673E+0
2024/10/13  09:20:06.375218	-1.977673E+0
2024/10/13  09:20:06.375238	-1.977673E+0
2024/10/13  09:20:06.375258	-1.977673E+0
2024/10/13  09:20:06.375278	-1.977673E+0
2024/10/13  09:20:06.375298	-1.977673E+0
2024/10/13  09:20:06.375318	-1.977673E+0
2024/10/13  09:20:06.375338	-1.977673E+0
2024/10/13  09:20:06.375358	-1.977673E+0
2024/10/13  09:20:06.375378	-1.977673E+0
2024/10/13  09:20:06.375398	-1.977673E+0
2024/10/13  09:20:06.375418	-1.977673E+0
2024/10/13  09:20:06.375438	-1.977673E+0
2024/10/13  09:20:06.375458	-1.977673E+0
2024/10/13  09:20:06.375478	-1.977673E+0
2024/10/13  09:20:06.375498	-1.977673E+0
2024/10/13  09:20:06.375518	-1.977673E+0
2024/10/13  09:20:06.375538	-1.977673E+0
2024/10/13  09:20:06.375558	-1.977673E+0
2024/10/13  09:20:06.375578	-1.977673E+0
2024/10/13  09:20:06.375598	-1.977673E+0
2024/10/13  09:20:06.375618	-1.977673E+0
2024/10/13  09:20:06.375638	-1.977673E+0
2024/10/13  09:20:06.375658	-1.977673E+0
2024/10/13  09:20:06.375678	-1.977673E+0
2024/10/13  09:20:06.375698	-1.977673E+0
2024/10/13  09:20:06.375718	-1.763941E+0
2024/10/13  09:20:06.375738	-1.721195E+0
2024/10/13  09:20:06.375758	-1.763941E+0
2024/10/13  09:20:06.375778	-1.763941E+0
2024/10/13  09:20:06.375798	-1.763941E+0
2024/10/13  09:20:06.375818	-1.763941E+0
2024/10/13  09:20:06.375838	-1.763941E+0
2024/10/13  09:20:06.375858	-1.763941E+0
2024/10/13  09:20:06.375878	-1.721195E+0
2024/10/13  09:20:06.375898	-1.763941E+0
2024/10/13  09:20:06.375918	-1.721195E+0
2024/10/13  09:20:06.375938	-1.763941E+0
2024/10/13  09:20:06.375958	-1.763941E+0
2024/10/13  09:20:06.375978	-1.721195E+0
2024/10/13  09:20:06.375998	-1.763941E+0
2024/10/13  09:20:06.376018	-1.763941E+0
2024/10/13  09:20:06.376038	-1.763941E+0
2024/10/13  09:20:06.376058	-1.721195E+0
2024/10/13  09:20:06.376078	-1.763941E+0
2024/10/13  09:20:06.376098	-1.763941E+0
2024/10/13  09:20:06.376118	-1.721195E+0
2024/10/13  09:20:06.376138	-1.763941E+0
2024/10/13  09:20:06.376158	-1.763941E+0
2024/10/13  09:20:06.376178	-1.763941E+0
2024/10/13  09:20:06.376198	-1.763941E+0
2024/10/13  09:20:06.376218	-1.721195E+0
2024/10/13  09:20:06.376238	-1.763941E+0
2024/10/13  09:20:06.376258	-1.763941E+0
2024/10/13  09:20:06.376278	-1.721195E+0
2024/10/13  09:20:06.376298	-1.763941E+0
2024/10/13  09:20:06.376318	-1.763941E+0
2024/10/13  09:20:06.376338	-1.721195E+0
2024/10/13  09:20:06.376358	-1.763941E+0
2024/10/13  09:20:06.376378	-1.721195E+0
2024/10/13  09:20:06.376398	-1.763941E+0
2024/10/13  09:20:06.376418	-1.763941E+0
2024/10/13  09:20:06.376438	-1.763941E+0
2024/10/13  09:20:06.376458	-1.763941E+0
2024/10/13  09:20:06.376478	-1.763941E+0
2024/10/13  09:20:06.376498	-1.763941E+0
2024/10/13  09:20:06.376518	-1.763941E+0
2024/10/13  09:20:06.376538	-1.763941E+0
2024/10/13  09:20:06.376558	-1.763941E+0
2024/10/13  09:20:06.376578	-1.763941E+0
2024/10/13  09:20:06.376598	-1.721195E+0
2024/10/13  09:20:06.376618	-1.763941E+0
2024/10/13  09:20:06.376638	-1.721195E+0
2024/10/13  09:20:06.376658	-1.763941E+0
2024/10/13  09:20:06.376678	-1.763941E+0
2024/10/13  09:20:06.376698	-1.763941E+0
2024/10/13  09:20:06.376718	-8.662689E-1
2024/10/13  09:20:06.376738	-8.235226E-1
2024/10/13  09:20:06.376758	-8.235226E-1
2024/10/13  09:20:06.376778	-8.235226E-1
2024/10/13  09:20:06.376798	-8.235226E-1
2024/10/13  09:20:06.376818	-8.235226E-1
2024/10/13  09:20:06.376838	-8.235226E-1
2024/10/13  09:20:06.376858	-8.235226E-1
2024/10/13  09:20:06.376878	-8.235226E-1
2024/10/13  09:20:06.376898	-8.235226E-1
2024/10/13  09:20:06.376918	-8.235226E-1
2024/10/13  09:20:06.376938	-8.662689E-1
2024/10/13  09:20:06.376958	-8.662689E-1
2024/10/13  09:20:06.376978	-8.235226E-1
2024/10/13  09:20:06.376998	-8.662689E-1
2024/10/13  09:20:06.377018	-8.235226E-1
2024/10/13  09:20:06.377038	-8.662689E-1
2024/10/13  09:20:06.377058	-8.662689E-1
2024/10/13  09:20:06.377078	-8.235226E-1
2024/10/13  09:20:06.377098	-8.235226E-1
2024/10/13  09:20:06.377118	-8.235226E-1
2024/10/13  09:20:06.377138	-8.662689E-1
2024/10/13  09:20:06.377158	-8.662689E-1
2024/10/13  09:20:06.377178	-8.235226E-1
2024/10/13  09:20:06.377198	-8.235226E-1
2024/10/13  09:20:06.377218	-8.662689E-1
2024/10/13  09:20:06.377238	-8.235226E-1
2024/10/13  09:20:06.377258	-8.235226E-1
2024/10/13  09:20:06.377278	-8.235226E-1
2024/10/13  09:20:06.377298	-8.235226E-1
2024/10/13  09:20:06.377318	-8.235226E-1
2024/10/13  09:20:06.377338	-8.662689E-1
2024/10/13  09:20:06.377358	-8.235226E-1
2024/10/13  09:20:06.377378	-8.235226E-1
2024/10/13  09:20:06.377398	-8.235226E-1
2024/10/13  09:20:06.377418	-8.235226E-1
2024/10/13  09:20:06.377438	-8.235226E-1
2024/10/13  09:20:06.377458	-8.235226E-1
2024/10/13  09:20:06.377478	-8.235226E-1
2024/10/13  09:20:06.377498	-8.235226E-1
2024/10/13  09:20:06.377518	-8.235226E-1
2024/10/13  09:20:06.377538	-8.235226E-1
2024/10/13  09:20:06.377558	-8.235226E-1
2024/10/13  09:20:06.377578	-8.235226E-1
2024/10/13  09:20:06.377598	-8.235226E-1
2024/10/13  09:20:06.377618	-8.235226E-1
2024/10/13  09:20:06.377638	-8.235226E-1
2024/10/13  09:20:06.377658	-8.235226E-1
2024/10/13  09:20:06.377678	-8.235226E-1
2024/10/13  09:20:06.377698	-8.235226E-1
2024/10/13  09:20:06.377718	3.733739E-1
2024/10/13  09:20:06.377738	3.733739E-1
2024/10/13  09:20:06.377758	3.733739E-1
2024/10/13  09:20:06.377778	3.733739E-1
2024/10/13  09:20:06.377798	3.733739E-1
2024/10/13  09:20:06.377818	3.733739E-1
2024/10/13  09:20:06.377838	3.733739E-1
2024/10/13  09:20:06.377858	3.733739E-1
2024/10/13  09:20:06.377878	3.733739E-1
2024/10/13  09:20:06.377898	3.733739E-1
2024/10/13  09:20:06.377918	3.733739E-1
2024/10/13  09:20:06.377938	3.733739E-1
2024/10/13  09:20:06.377958	3.733739E-1
2024/10/13  09:20:06.377978	3.733739E-1
2024/10/13  09:20:06.377998	3.733739E-1
2024/10/13  09:20:06.378018	3.733739E-1
2024/10/13  09:20:06.378038	4.161202E-1
2024/10/13  09:20:06.378058	4.161202E-1
2024/10/13  09:20:06.378078	3.733739E-1
2024/10/13  09:20:06.378098	4.161202E-1
2024/10/13  09:20:06.378118	3.733739E-1
2024/10/13  09:20:06.378138	3.733739E-1
2024/10/13  09:20:06.378158	3.733739E-1
2024/10/13  09:20:06.378178	3.733739E-1
2024/10/13  09:20:06.378198	3.733739E-1
2024/10/13  09:20:06.378218	4.161202E-1
2024/10/13  09:20:06.378238	3.733739E-1
2024/10/13  09:20:06.378258	4.161202E-1
2024/10/13  09:20:06.378278	3.733739E-1
2024/10/13  09:20:06.378298	3.733739E-1
2024/10/13  09:20:06.378318	3.733739E-1
2024/10/13  09:20:06.378338	3.733739E-1
2024/10/13  09:20:06.378358	3.733739E-1
2024/10/13  09:20:06.378378	3.733739E-1
2024/10/13  09:20:06.378398	3.733739E-1
2024/10/13  09:20:06.378418	3.733739E-1
2024/10/13  09:20:06.378438	3.733739E-1
2024/10/13  09:20:06.378458	3.733739E-1
2024/10/13  09:20:06.378478	3.733739E-1
2024/10/13  09:20:06.378498	3.733739E-1
2024/10/13  09:20:06.378518	4.161202E-1
2024/10/13  09:20:06.378538	4.161202E-1
2024/10/13  09:20:06.378558	3.733739E-1
2024/10/13  09:20:06.378578	3.733739E-1
2024/10/13  09:20:06.378598	3.733739E-1
2024/10/13  09:20:06.378618	3.733739E-1
2024/10/13  09:20:06.378638	4.161202E-1
2024/10/13  09:20:06.378658	3.733739E-1
2024/10/13  09:20:06.378678	3.733739E-1
2024/10/13  09:20:06.378698	3.733739E-1
2024/10/13  09:20:06.378718	1.442031E+0
2024/10/13  09:20:06.378738	1.442031E+0
2024/10/13  09:20:06.378758	1.442031E+0
2024/10/13  09:20:06.378778	1.484778E+0
2024/10/13  09:20:06.378798	1.484778E+0
2024/10/13  09:20:06.378818	1.484778E+0
2024/10/13  09:20:06.378838	1.442031E+0
2024/10/13  09:20:06.378858	1.484778E+0
2024/10/13  09:20:06.378878	1.442031E+0
2024/10/13  09:20:06.378898	1.484778E+0
2024/10/13  09:20:06.378918	1.442031E+0
2024/10/13  09:20:06.378938	1.484778E+0
2024/10/13  09:20:06.378958	1.484778E+0
2024/10/13  09:20:06.378978	1.484778E+0
2024/10/13  09:20:06.378998	1.484778E+0
2024/10/13  09:20:06.379018	1.442031E+0
2024/10/13  09:20:06.379038	1.484778E+0
2024/10/13  09:20:06.379058	1.442031E+0
2024/10/13  09:20:06.379078	1.442031E+0
2024/10/13  09:20:06.379098	1.484778E+0
2024/10/13  09:20:06.379118	1.484778E+0
2024/10/13  09:20:06.379138	1.484778E+0
2024/10/13  09:20:06.379158	1.484778E+0
2024/10/13  09:20:06.379178	1.442031E+0
2024/10/13  09:20:06.379198	1.442031E+0
2024/10/13  09:20:06.379218	1.484778E+0
2024/10/13  09:20:06.379238	1.442031E+0
2024/10/13  09:20:06.379258	1.442031E+0
2024/10/13  09:20:06.379278	1.442031E+0
2024/10/13  09:20:06.379298	1.442031E+0
2024/10/13  09:20:06.379318	1.442031E+0
2024/10/13  09:20:06.379338	1.484778E+0
2024/10/13  09:20:06.379358	1.442031E+0
2024/10/13  09:20:06.379378	1.484778E+0
2024/10/13  09:20:06.379398	1.442031E+0
2024/10/13  09:20:06.379418	1.484778E+0
2024/10/13  09:20:06.379438	1.442031E+0
2024/10/13  09:20:06.379458	1.442031E+0
2024/10/13  09:20:06.379478	1.484778E+0
2024/10/13  09:20:06.379498	1.442031E+0
2024/10/13  09:20:06.379518	1.484778E+0
2024/10/13  09:20:06.379538	1.442031E+0
2024/10/13  09:20:06.379558	1.442031E+0
2024/10/13  09:20:06.379578	1.484778E+0
2024/10/13  09:20:06.379598	1.442031E+0
2024/10/13  09:20:06.379618	1.442031E+0
2024/10/13  09:20:06.379638	1.442031E+0
2024/10/13  09:20:06.379658	1.442031E+0
2024/10/13  09:20:06.379678	1.442031E+0
2024/10/13  09:20:06.379698	1.442031E+0
2024/10/13  09:20:06.379718	1.997733E+0
2024/10/13  09:20:06.379738	1.997733E+0
2024/10/13  09:20:06.379758	1.997733E+0
2024/10/13  09:20:06.379778	1.997733E+0
2024/10/13  09:20:06.379798	1.954987E+0
2024/10/13  09:20:06.379818	1.997733E+0
2024/10/13  09:20:06.379838	1.997733E+0
2024/10/13  09:20:06.379858	1.997733E+0
2024/10/13  09:20:06.379878	1.997733E+0
2024/10/13  09:20:06.379898	1.997733E+0
2024/10/13  09:20:06.379918	1.997733E+0
2024/10/13  09:20:06.379938	1.997733E+0
2024/10/13  09:20:06.379958	1.997733E+0
2024/10/13  09:20:06.379978	1.997733E+0
2024/10/13  09:20:06.379998	1.997733E+0
2024/10/13  09:20:06.380018	1.997733E+0
2024/10/13  09:20:06.380038	1.997733E+0
2024/10/13  09:20:06.380058	1.997733E+0
2024/10/13  09:20:06.380078	1.997733E+0
2024/10/13  09:20:06.380098	1.997733E+0
2024/10/13  09:20:06.380118	1.997733E+0
2024/10/13  09:20:06.380138	1.954987E+0
2024/10/13  09:20:06.380158	1.997733E+0
2024/10/13  09:20:06.380178	1.997733E+0
2024/10/13  09:20:06.380198	1.997733E+0
2024/10/13  09:20:06.380218	1.997733E+0
2024/10/13  09:20:06.380238	1.997733E+0
2024/10/13  09:20:06.380258	1.997733E+0
2024/10/13  09:20:06.380278	1.954987E+0
2024/10/13  09:20:06.380298	1.997733E+0
2024/10/13  09:20:06.380318	1.997733E+0
2024/10/13  09:20:06.380338	1.997733E+0
2024/10/13  09:20:06.380358	1.997733E+0
2024/10/13  09:20:06.380378	1.997733E+0
2024/10/13  09:20:06.380398	1.997733E+0
2024/10/13  09:20:06.380418	1.997733E+0
2024/10/13  09:20:06.380438	1.997733E+0
2024/10/13  09:20:06.380458	1.997733E+0
2024/10/13  09:20:06.380478	1.997733E+0
2024/10/13  09:20:06.380498	1.997733E+0
2024/10/13  09:20:06.380518	1.997733E+0
2024/10/13  09:20:06.380538	1.954987E+0
2024/10/13  09:20:06.380558	1.954987E+0
2024/10/13  09:20:06.380578	1.997733E+0
2024/10/13  09:20:06.380598	1.997733E+0
2024/10/13  09:20:06.380618	1.997733E+0
2024/10/13  09:20:06.380638	1.997733E+0
2024/10/13  09:20:06.380658	1.997733E+0
2024/10/13  09:20:06.380678	1.997733E+0
2024/10/13  09:20:06.380698	1.997733E+0
2024/10/13  09:20:06.380718	1.741256E+0
2024/10/13  09:20:06.380738	1.741256E+0
2024/10/13  09:20:06.380758	1.741256E+0
2024/10/13  09:20:06.380778	1.741256E+0
2024/10/13  09:20:06.380798	1.741256E+0
2024/10/13  09:20:06.380818	1.784002E+0
2024/10/13  09:20:06.380838	1.741256E+0
2024/10/13  09:20:06.380858	1.741256E+0
2024/10/13  09:20:06.380878	1.784002E+0
2024/10/13  09:20:06.380898	1.784002E+0
2024/10/13  09:20:06.380918	1.741256E+0
2024/10/13  09:20:06.380938	1.741256E+0
2024/10/13  09:20:06.380958	1.741256E+0
2024/10/13  09:20:06.380978	1.741256E+0
2024/10/13  09:20:06.380998	1.741256E+0
2024/10/13  09:20:06.381018	1.784002E+0
2024/10/13  09:20:06.381038	1.784002E+0
2024/10/13  09:20:06.381058	1.741256E+0
2024/10/13  09:20:06.381078	1.784002E+0
2024/10/13  09:20:06.381098	1.784002E+0
2024/10/13  09:20:06.381118	1.784002E+0
2024/10/13  09:20:06.381138	1.741256E+0
2024/10/13  09:20:06.381158	1.741256E+0
2024/10/13  09:20:06.381178	1.741256E+0
2024/10/13  09:20:06.381198	1.741256E+0
2024/10/13  09:20:06.381218	1.741256E+0
2024/10/13  09:20:06.381238	1.784002E+0
2024/10/13  09:20:06.381258	1.741256E+0
2024/10/13  09:20:06.381278	1.741256E+0
2024/10/13  09:20:06.381298	1.784002E+0
2024/10/13  09:20:06.381318	1.784002E+0
2024/10/13  09:20:06.381338	1.741256E+0
2024/10/13  09:20:06.381358	1.741256E+0
2024/10/13  09:20:06.381378	1.741256E+0
2024/10/13  09:20:06.381398	1.784002E+0
2024/10/13  09:20:06.381418	1.741256E+0
2024/10/13  09:20:06.381438	1.741256E+0
2024/10/13  09:20:06.381458	1.784002E+0
2024/10/13  09:20:06.381478	1.741256E+0
2024/10/13  09:20:06.381498	1.784002E+0
2024/10/13  09:20:06.381518	1.741256E+0
2024/10/13  09:20:06.381538	1.741256E+0
2024/10/13  09:20:06.381558	1.741256E+0
2024/10/13  09:20:06.381578	1.741256E+0
2024/10/13  09:20:06.381598	1.741256E+0
2024/10/13  09:20:06.381618	1.741256E+0
2024/10/13  09:20:06.381638	1.784002E+0
2024/10/13  09:20:06.381658	1.784002E+0
2024/10/13  09:20:06.381678	1.784002E+0
2024/10/13  09:20:06.381698	1.741256E+0
2024/10/13  09:20:06.381718	8.863295E-1
2024/10/13  09:20:06.381738	8.435832E-1
2024/10/13  09:20:06.381758	8.863295E-1
2024/10/13  09:20:06.381778	8.863295E-1
2024/10/13  09:20:06.381798	8.863295E-1
2024/10/13  09:20:06.381818	8.863295E-1
2024/10/13  09:20:06.381838	8.863295E-1
2024/10/13  09:20:06.381858	8.863295E-1
2024/10/13  09:20:06.381878	8.863295E-1
2024/10/13  09:20:06.381898	8.863295E-1
2024/10/13  09:20:06.381918	8.863295E-1
2024/10/13  09:20:06.381938	8.863295E-1
2024/10/13  09:20:06.381958	8.435832E-1
2024/10/13  09:20:06.381978	8.435832E-1
2024/10/13  09:20:06.381998	8.863295E-1
2024/10/13  09:20:06.382018	8.863295E-1
2024/10/13  09:20:06.382038	8.863295E-1
2024/10/13  09:20:06.382058	8.863295E-1
2024/10/13  09:20:06.382078	8.863295E-1
2024/10/13  09:20:06.382098	8.863295E-1
2024/10/13  09:20:06.382118	8.863295E-1
2024/10/13  09:20:06.382138	8.863295E-1
2024/10/13  09:20:06.382158	8.435832E-1
2024/10/13  09:20:06.382178	8.008369E-1
2024/10/13  09:20:06.382198	8.435832E-1
2024/10/13  09:20:06.382218	8.863295E-1
2024/10/13  09:20:06.382238	8.008369E-1
2024/10/13  09:20:06.382258	8.435832E-1
2024/10/13  09:20:06.382278	8.863295E-1
2024/10/13  09:20:06.382298	8.863295E-1
2024/10/13  09:20:06.382318	8.863295E-1
2024/10/13  09:20:06.382338	8.863295E-1
2024/10/13  09:20:06.382358	8.863295E-1
2024/10/13  09:20:06.382378	8.863295E-1
2024/10/13  09:20:06.382398	8.863295E-1
2024/10/13  09:20:06.382418	8.863295E-1
2024/10/13  09:20:06.382438	8.863295E-1
2024/10/13  09:20:06.382458	8.863295E-1
2024/10/13  09:20:06.382478	8.863295E-1
2024/10/13  09:20:06.382498	8.435832E-1
2024/10/13  09:20:06.382518	8.863295E-1
2024/10/13  09:20:06.382538	8.863295E-1
2024/10/13  09:20:06.382558	8.435832E-1
2024/10/13  09:20:06.382578	8.435832E-1
2024/10/13  09:20:06.382598	8.863295E-1
2024/10/13  09:20:06.382618	8.863295E-1
2024/10/13  09:20:06.382638	8.863295E-1
2024/10/13  09:20:06.382658	8.863295E-1
2024/10/13  09:20:06.382678	8.863295E-1
2024/10/13  09:20:06.382698	8.863295E-1
2024/10/13  09:20:06.382718	-3.533133E-1
2024/10/13  09:20:06.382738	-3.533133E-1
2024/10/13  09:20:06.382758	-3.960596E-1
2024/10/13  09:20:06.382778	-3.960596E-1
2024/10/13  09:20:06.382798	-3.960596E-1
2024/10/13  09:20:06.382818	-3.533133E-1
2024/10/13  09:20:06.382838	-3.960596E-1
2024/10/13  09:20:06.382858	-3.533133E-1
2024/10/13  09:20:06.382878	-3.960596E-1
2024/10/13  09:20:06.382898	-3.533133E-1
2024/10/13  09:20:06.382918	-3.533133E-1
2024/10/13  09:20:06.382938	-3.960596E-1
2024/10/13  09:20:06.382958	-3.533133E-1
2024/10/13  09:20:06.382978	-3.960596E-1
2024/10/13  09:20:06.382998	-3.533133E-1
2024/10/13  09:20:06.383018	-3.533133E-1
2024/10/13  09:20:06.383038	-3.533133E-1
2024/10/13  09:20:06.383058	-3.960596E-1
2024/10/13  09:20:06.383078	-3.533133E-1
2024/10/13  09:20:06.383098	-3.960596E-1
2024/10/13  09:20:06.383118	-3.533133E-1
2024/10/13  09:20:06.383138	-3.533133E-1
2024/10/13  09:20:06.383158	-3.533133E-1
2024/10/13  09:20:06.383178	-3.533133E-1
2024/10/13  09:20:06.383198	-3.533133E-1
2024/10/13  09:20:06.383218	-3.960596E-1
2024/10/13  09:20:06.383238	-3.533133E-1
2024/10/13  09:20:06.383258	-3.533133E-1
2024/10/13  09:20:06.383278	-3.960596E-1
2024/10/13  09:20:06.383298	-3.533133E-1
2024/10/13  09:20:06.383318	-3.960596E-1
2024/10/13  09:20:06.383338	-3.960596E-1
2024/10/13  09:20:06.383358	-3.960596E-1
2024/10/13  09:20:06.383378	-3.533133E-1
2024/10/13  09:20:06.383398	-3.533133E-1
2024/10/13  09:20:06.383418	-3.960596E-1
2024/10/13  09:20:06.383438	-3.533133E-1
2024/10/13  09:20:06.383458	-3.960596E-1
2024/10/13  09:20:06.383478	-3.533133E-1
2024/10/13  09:20:06.383498	-3.533133E-1
2024/10/13  09:20:06.383518	-3.960596E-1
2024/10/13  09:20:06.383538	-3.533133E-1
2024/10/13  09:20:06.383558	-3.533133E-1
2024/10/13  09:20:06.383578	-3.533133E-1
2024/10/13  09:20:06.383598	-3.533133E-1
2024/10/13  09:20:06.383618	-3.960596E-1
2024/10/13  09:20:06.383638	-3.533133E-1
2024/10/13  09:20:06.383658	-3.533133E-1
2024/10/13  09:20:06.383678	-3.960596E-1
2024/10/13  09:20:06.383698	-3.960596E-1
2024/10/13  09:20:06.383718	-1.464717E+0
2024/10/13  09:20:06.383738	-1.464717E+0
2024/10/13  09:20:06.383758	-1.464717E+0
2024/10/13  09:20:06.383778	-1.464717E+0
2024/10/13  09:20:06.383798	-1.464717E+0
2024/10/13  09:20:06.383818	-1.464717E+0
2024/10/13  09:20:06.383838	-1.464717E+0
2024/10/13  09:20:06.383858	-1.464717E+0
2024/10/13  09:20:06.383878	-1.464717E+0
2024/10/13  09:20:06.383898	-1.464717E+0
2024/10/13  09:20:06.383918	-1.464717E+0
2024/10/13  09:20:06.383938	-1.464717E+0
2024/10/13  09:20:06.383958	-1.464717E+0
2024/10/13  09:20:06.383978	-1.464717E+0
2024/10/13  09:20:06.383998	-1.464717E+0
2024/10/13  09:20:06.384018	-1.464717E+0
2024/10/13  09:20:06.384038	-1.464717E+0
2024/10/13  09:20:06.384058	-1.464717E+0
2024/10/13  09:20:06.384078	-1.464717E+0
2024/10/13  09:20:06.384098	-1.464717E+0
2024/10/13  09:20:06.384118	-1.464717E+0
2024/10/13  09:20:06.384138	-1.464717E+0
2024/10/13  09:20:06.384158	-1.464717E+0
2024/10/13  09:20:06.384178	-1.464717E+0
2024/10/13  09:20:06.384198	-1.464717E+0
2024/10/13  09:20:06.384218	-1.464717E+0
2024/10/13  09:20:06.384238	-1.464717E+0
2024/10/13  09:20:06.384258	-1.464717E+0
2024/10/13  09:20:06.384278	-1.464717E+0
2024/10/13  09:20:06.384298	-1.464717E+0
2024/10/13  09:20:06.384318	-1.464717E+0
2024/10/13  09:20:06.384338	-1.464717E+0
2024/10/13  09:20:06.384358	-1.421971E+0
2024/10/13  09:20:06.384378	-1.464717E+0
2024/10/13  09:20:06.384398	-1.464717E+0
2024/10/13  09:20:06.384418	-1.464717E+0
2024/10/13  09:20:06.384438	-1.464717E+0
2024/10/13  09:20:06.384458	-1.464717E+0
2024/10/13  09:20:06.384478	-1.421971E+0
2024/10/13  09:20:06.384498	-1.464717E+0
2024/10/13  09:20:06.384518	-1.464717E+0
2024/10/13  09:20:06.384538	-1.421971E+0
2024/10/13  09:20:06.384558	-1.464717E+0
2024/10/13  09:20:06.384578	-1.464717E+0
2024/10/13  09:20:06.384598	-1.464717E+0
2024/10/13  09:20:06.384618	-1.464717E+0
2024/10/13  09:20:06.384638	-1.464717E+0
2024/10/13  09:20:06.384658	-1.464717E+0
2024/10/13  09:20:06.384678	-1.464717E+0
2024/10/13  09:20:06.384698	-1.464717E+0
2024/10/13  09:20:06.384718	-1.977673E+0
2024/10/13  09:20:06.384738	-1.977673E+0
2024/10/13  09:20:06.384758	-1.977673E+0
2024/10/13  09:20:06.384778	-1.977673E+0
2024/10/13  09:20:06.384798	-1.977673E+0
2024/10/13  09:20:06.384818	-1.977673E+0
2024/10/13  09:20:06.384838	-1.977673E+0
2024/10/13  09:20:06.384858	-1.977673E+0
2024/10/13  09:20:06.384878	-1.977673E+0
2024/10/13  09:20:06.384898	-1.977673E+0
2024/10/13  09:20:06.384918	-1.977673E+0
2024/10/13  09:20:06.384938	-2.020419E+0
2024/10/13  09:20:06.384958	-1.977673E+0
2024/10/13  09:20:06.384978	-1.977673E+0
2024/10/13  09:20:06.384998	-1.977673E+0
2024/10/13  09:20:06.385018	-1.977673E+0
2024/10/13  09:20:06.385038	-1.977673E+0
2024/10/13  09:20:06.385058	-1.977673E+0
2024/10/13  09:20:06.385078	-1.977673E+0
2024/10/13  09:20:06.385098	-1.977673E+0
2024/10/13  09:20:06.385118	-1.977673E+0
2024/10/13  09:20:06.385138	-1.977673E+0
2024/10/13  09:20:06.385158	-1.977673E+0
2024/10/13  09:20:06.385178	-1.977673E+0
2024/10/13  09:20:06.385198	-1.977673E+0
2024/10/13  09:20:06.385218	-1.977673E+0
2024/10/13  09:20:06.385238	-1.977673E+0
2024/10/13  09:20:06.385258	-1.977673E+0
2024/10/13  09:20:06.385278	-1.977673E+0
2024/10/13  09:20:06.385298	-1.977673E+0
2024/10/13  09:20:06.385318	-1.977673E+0
2024/10/13  09:20:06.385338	-1.977673E+0
2024/10/13  09:20:06.385358	-1.977673E+0
2024/10/13  09:20:06.385378	-1.977673E+0
2024/10/13  09:20:06.385398	-1.977673E+0
2024/10/13  09:20:06.385418	-1.977673E+0
2024/10/13  09:20:06.385438	-1.977673E+0
2024/10/13  09:20:06.385458	-1.977673E+0
2024/10/13  09:20:06.385478	-1.977673E+0
2024/10/13  09:20:06.385498	-1.977673E+0
2024/10/13  09:20:06.385518	-1.977673E+0
2024/10/13  09:20:06.385538	-1.977673E+0
2024/10/13  09:20:06.385558	-1.977673E+0
2024/10/13  09:20:06.385578	-1.977673E+0
2024/10/13  09:20:06.385598	-1.977673E+0
2024/10/13  09:20:06.385618	-1.977673E+0
2024/10/13  09:20:06.385638	-1.977673E+0
2024/10/13  09:20:06.385658	-1.977673E+0
2024/10/13  09:20:06.385678	-1.977673E+0
2024/10/13  09:20:06.385698	-2.020419E+0
2024/10/13  09:20:06.385718	-1.721195E+0
2024/10/13  09:20:06.385738	-1.763941E+0
2024/10/13  09:20:06.385758	-1.763941E+0
2024/10/13  09:20:06.385778	-1.721195E+0
2024/10/13  09:20:06.385798	-1.763941E+0
2024/10/13  09:20:06.385818	-1.763941E+0
2024/10/13  09:20:06.385838	-1.763941E+0
2024/10/13  09:20:06.385858	-1.721195E+0
2024/10/13  09:20:06.385878	-1.721195E+0
2024/10/13  09:20:06.385898	-1.721195E+0
2024/10/13  09:20:06.385918	-1.763941E+0
2024/10/13  09:20:06.385938	-1.763941E+0
2024/10/13  09:20:06.385958	-1.763941E+0
2024/10/13  09:20:06.385978	-1.763941E+0
2024/10/13  09:20:06.385998	-1.763941E+0
2024/10/13  09:20:06.386018	-1.763941E+0
2024/10/13  09:20:06.386038	-1.763941E+0
2024/10/13  09:20:06.386058	-1.763941E+0
2024/10/13  09:20:06.386078	-1.763941E+0
2024/10/13  09:20:06.386098	-1.763941E+0
2024/10/13  09:20:06.386118	-1.763941E+0
2024/10/13  09:20:06.386138	-1.721195E+0
2024/10/13  09:20:06.386158	-1.763941E+0
2024/10/13  09:20:06.386178	-1.763941E+0
2024/10/13  09:20:06.386198	-1.721195E+0
2024/10/13  09:20:06.386218	-1.763941E+0
2024/10/13  09:20:06.386238	-1.763941E+0
2024/10/13  09:20:06.386258	-1.763941E+0
2024/10/13  09:20:06.386278	-1.763941E+0
2024/10/13  09:20:06.386298	-1.763941E+0
2024/10/13  09:20:06.386318	-1.763941E+0
2024/10/13  09:20:06.386338	-1.763941E+0
2024/10/13  09:20:06.386358	-1.763941E+0
2024/10/13  09:20:06.386378	-1.721195E+0
2024/10/13  09:20:06.386398	-1.763941E+0
2024/10/13  09:20:06.386418	-1.763941E+0
2024/10/13  09:20:06.386438	-1.763941E+0
2024/10/13  09:20:06.386458	-1.763941E+0
2024/10/13  09:20:06.386478	-1.763941E+0
2024/10/13  09:20:06.386498	-1.763941E+0
2024/10/13  09:20:06.386518	-1.763941E+0
2024/10/13  09:20:06.386538	-1.763941E+0
2024/10/13  09:20:06.386558	-1.763941E+0
2024/10/13  09:20:06.386578	-1.721195E+0
2024/10/13  09:20:06.386598	-1.721195E+0
2024/10/13  09:20:06.386618	-1.721195E+0
2024/10/13  09:20:06.386638	-1.763941E+0
2024/10/13  09:20:06.386658	-1.763941E+0
2024/10/13  09:20:06.386678	-1.763941E+0
2024/10/13  09:20:06.386698	-1.763941E+0
2024/10/13  09:20:06.386718	-8.235226E-1
2024/10/13  09:20:06.386738	-8.235226E-1
2024/10/13  09:20:06.386758	-8.235226E-1
2024/10/13  09:20:06.386778	-8.235226E-1
2024/10/13  09:20:06.386798	-8.235226E-1
2024/10/13  09:20:06.386818	-8.235226E-1
2024/10/13  09:20:06.386838	-8.662689E-1
2024/10/13  09:20:06.386858	-8.235226E-1
2024/10/13  09:20:06.386878	-8.662689E-1
2024/10/13  09:20:06.386898	-8.235226E-1
2024/10/13  09:20:06.386918	-8.235226E-1
2024/10/13  09:20:06.386938	-8.235226E-1
2024/10/13  09:20:06.386958	-8.235226E-1
2024/10/13  09:20:06.386978	-8.235226E-1
2024/10/13  09:20:06.386998	-8.235226E-1
2024/10/13  09:20:06.387018	-8.235226E-1
2024/10/13  09:20:06.387038	-8.235226E-1
2024/10/13  09:20:06.387058	-8.662689E-1
2024/10/13  09:20:06.387078	-8.235226E-1
2024/10/13  09:20:06.387098	-8.235226E-1
2024/10/13  09:20:06.387118	-8.235226E-1
2024/10/13  09:20:06.387138	-8.235226E-1
2024/10/13  09:20:06.387158	-8.662689E-1
2024/10/13  09:20:06.387178	-8.235226E-1
2024/10/13  09:20:06.387198	-8.235226E-1
2024/10/13  09:20:06.387218	-8.662689E-1
2024/10/13  09:20:06.387238	-8.662689E-1
2024/10/13  09:20:06.387258	-8.235226E-1
2024/10/13  09:20:06.387278	-8.235226E-1
2024/10/13  09:20:06.387298	-8.235226E-1
2024/10/13  09:20:06.387318	-8.662689E-1
2024/10/13  09:20:06.387338	-8.235226E-1
2024/10/13  09:20:06.387358	-8.235226E-1
2024/10/13  09:20:06.387378	-8.235226E-1
2024/10/13  09:20:06.387398	-8.235226E-1
2024/10/13  09:20:06.387418	-8.235226E-1
2024/10/13  09:20:06.387438	-8.235226E-1
2024/10/13  09:20:06.387458	-8.235226E-1
2024/10/13  09:20:06.387478	-8.662689E-1
2024/10/13  09:20:06.387498	-8.235226E-1
2024/10/13  09:20:06.387518	-8.235226E-1
2024/10/13  09:20:06.387538	-8.662689E-1
2024/10/13  09:20:06.387558	-8.235226E-1
2024/10/13  09:20:06.387578	-8.662689E-1
2024/10/13  09:20:06.387598	-8.235226E-1
2024/10/13  09:20:06.387618	-8.235226E-1
2024/10/13  09:20:06.387638	-8.235226E-1
2024/10/13  09:20:06.387658	-8.235226E-1
2024/10/13  09:20:06.387678	-8.235226E-1
2024/10/13  09:20:06.387698	-8.235226E-1
2024/10/13  09:20:06.387718	3.733739E-1
2024/10/13  09:20:06.387738	3.733739E-1
2024/10/13  09:20:06.387758	3.733739E-1
2024/10/13  09:20:06.387778	3.733739E-1
2024/10/13  09:20:06.387798	3.733739E-1
2024/10/13  09:20:06.387818	3.733739E-1
2024/10/13  09:20:06.387838	3.733739E-1
2024/10/13  09:20:06.387858	3.733739E-1
2024/10/13  09:20:06.387878	3.733739E-1
2024/10/13  09:20:06.387898	3.733739E-1
2024/10/13  09:20:06.387918	3.733739E-1
2024/10/13  09:20:06.387938	4.161202E-1
2024/10/13  09:20:06.387958	3.733739E-1
2024/10/13  09:20:06.387978	3.733739E-1
2024/10/13  09:20:06.387998	3.733739E-1
2024/10/13  09:20:06.388018	3.733739E-1
2024/10/13  09:20:06.388038	3.733739E-1
2024/10/13  09:20:06.388058	4.161202E-1
2024/10/13  09:20:06.388078	3.733739E-1
2024/10/13  09:20:06.388098	3.733739E-1
2024/10/13  09:20:06.388118	3.733739E-1
2024/10/13  09:20:06.388138	3.733739E-1
2024/10/13  09:20:06.388158	3.733739E-1
2024/10/13  09:20:06.388178	3.733739E-1
2024/10/13  09:20:06.388198	4.161202E-1
2024/10/13  09:20:06.388218	3.733739E-1
2024/10/13  09:20:06.388238	3.733739E-1
2024/10/13  09:20:06.388258	3.733739E-1
2024/10/13  09:20:06.388278	3.733739E-1
2024/10/13  09:20:06.388298	3.733739E-1
