waveform	Ch0	
t0	2024/10/13  09:35:37.895269	
delta t	2.000000E-5	

time[0]	Ch0
2024/10/13  09:35:37.895269	-1.421971E+0
2024/10/13  09:35:37.895289	-1.336478E+0
2024/10/13  09:35:37.895309	-1.336478E+0
2024/10/13  09:35:37.895329	-1.293732E+0
2024/10/13  09:35:37.895349	-1.336478E+0
2024/10/13  09:35:37.895369	-1.293732E+0
2024/10/13  09:35:37.895389	-1.208239E+0
2024/10/13  09:35:37.895409	-1.208239E+0
2024/10/13  09:35:37.895429	-1.250986E+0
2024/10/13  09:35:37.895449	-1.208239E+0
2024/10/13  09:35:37.895469	-1.165493E+0
2024/10/13  09:35:37.895489	-1.080000E+0
2024/10/13  09:35:37.895509	-1.080000E+0
2024/10/13  09:35:37.895529	-1.080000E+0
2024/10/13  09:35:37.895549	-1.080000E+0
2024/10/13  09:35:37.895569	-1.080000E+0
2024/10/13  09:35:37.895589	9.718221E-1
2024/10/13  09:35:37.895609	9.718221E-1
2024/10/13  09:35:37.895629	9.290758E-1
2024/10/13  09:35:37.895649	9.718221E-1
2024/10/13  09:35:37.895669	9.718221E-1
2024/10/13  09:35:37.895689	8.435832E-1
2024/10/13  09:35:37.895709	8.435832E-1
2024/10/13  09:35:37.895729	8.008369E-1
2024/10/13  09:35:37.895749	8.435832E-1
2024/10/13  09:35:37.895769	8.008369E-1
2024/10/13  09:35:37.895789	6.725980E-1
2024/10/13  09:35:37.895809	6.725980E-1
2024/10/13  09:35:37.895829	6.725980E-1
2024/10/13  09:35:37.895849	7.153443E-1
2024/10/13  09:35:37.895869	7.153443E-1
2024/10/13  09:35:37.895889	5.443591E-1
2024/10/13  09:35:37.895909	5.443591E-1
2024/10/13  09:35:37.895929	5.443591E-1
2024/10/13  09:35:37.895949	5.443591E-1
2024/10/13  09:35:37.895969	5.443591E-1
2024/10/13  09:35:37.895989	4.161202E-1
2024/10/13  09:35:37.896009	3.733739E-1
2024/10/13  09:35:37.896029	4.161202E-1
2024/10/13  09:35:37.896049	4.161202E-1
2024/10/13  09:35:37.896069	4.161202E-1
2024/10/13  09:35:37.896089	-2.678207E-1
2024/10/13  09:35:37.896109	-3.105670E-1
2024/10/13  09:35:37.896129	-2.678207E-1
2024/10/13  09:35:37.896149	-3.105670E-1
2024/10/13  09:35:37.896169	-2.678207E-1
2024/10/13  09:35:37.896189	-1.395818E-1
2024/10/13  09:35:37.896209	-1.395818E-1
2024/10/13  09:35:37.896229	-1.395818E-1
2024/10/13  09:35:37.896249	-1.395818E-1
2024/10/13  09:35:37.896269	-1.395818E-1
2024/10/13  09:35:37.896289	-1.134286E-2
2024/10/13  09:35:37.896309	-1.134286E-2
2024/10/13  09:35:37.896329	-1.134286E-2
2024/10/13  09:35:37.896349	-1.134286E-2
2024/10/13  09:35:37.896369	3.140344E-2
2024/10/13  09:35:37.896389	1.596423E-1
2024/10/13  09:35:37.896409	1.168960E-1
2024/10/13  09:35:37.896429	1.168960E-1
2024/10/13  09:35:37.896449	1.168960E-1
2024/10/13  09:35:37.896469	1.168960E-1
2024/10/13  09:35:37.896489	2.878813E-1
2024/10/13  09:35:37.896509	2.878813E-1
2024/10/13  09:35:37.896529	2.878813E-1
2024/10/13  09:35:37.896549	2.878813E-1
2024/10/13  09:35:37.896569	2.878813E-1
2024/10/13  09:35:37.896589	-3.960596E-1
2024/10/13  09:35:37.896609	-4.388059E-1
2024/10/13  09:35:37.896629	-3.960596E-1
2024/10/13  09:35:37.896649	-4.388059E-1
2024/10/13  09:35:37.896669	-4.388059E-1
2024/10/13  09:35:37.896689	-5.242985E-1
2024/10/13  09:35:37.896709	-5.242985E-1
2024/10/13  09:35:37.896729	-5.670448E-1
2024/10/13  09:35:37.896749	-5.670448E-1
2024/10/13  09:35:37.896769	-5.670448E-1
2024/10/13  09:35:37.896789	-6.952837E-1
2024/10/13  09:35:37.896809	-6.525374E-1
2024/10/13  09:35:37.896829	-6.952837E-1
2024/10/13  09:35:37.896849	-6.525374E-1
2024/10/13  09:35:37.896869	-6.952837E-1
2024/10/13  09:35:37.896889	-8.235226E-1
2024/10/13  09:35:37.896909	-8.235226E-1
2024/10/13  09:35:37.896929	-7.807763E-1
2024/10/13  09:35:37.896949	-8.235226E-1
2024/10/13  09:35:37.896969	-8.235226E-1
2024/10/13  09:35:37.896989	-9.517615E-1
2024/10/13  09:35:37.897009	-9.517615E-1
2024/10/13  09:35:37.897029	-9.517615E-1
2024/10/13  09:35:37.897049	-9.517615E-1
2024/10/13  09:35:37.897069	-9.517615E-1
2024/10/13  09:35:37.897089	1.057315E+0
2024/10/13  09:35:37.897109	1.057315E+0
2024/10/13  09:35:37.897129	1.100061E+0
2024/10/13  09:35:37.897149	1.057315E+0
2024/10/13  09:35:37.897169	1.057315E+0
2024/10/13  09:35:37.897189	1.185554E+0
2024/10/13  09:35:37.897209	1.185554E+0
2024/10/13  09:35:37.897229	1.185554E+0
2024/10/13  09:35:37.897249	1.185554E+0
2024/10/13  09:35:37.897269	1.185554E+0
2024/10/13  09:35:37.897289	1.313792E+0
2024/10/13  09:35:37.897309	1.271046E+0
2024/10/13  09:35:37.897329	1.313792E+0
2024/10/13  09:35:37.897349	1.271046E+0
2024/10/13  09:35:37.897369	1.313792E+0
2024/10/13  09:35:37.897389	1.399285E+0
2024/10/13  09:35:37.897409	1.399285E+0
2024/10/13  09:35:37.897429	1.399285E+0
2024/10/13  09:35:37.897449	1.399285E+0
2024/10/13  09:35:37.897469	1.399285E+0
2024/10/13  09:35:37.897489	1.484778E+0
2024/10/13  09:35:37.897509	1.484778E+0
2024/10/13  09:35:37.897529	1.484778E+0
2024/10/13  09:35:37.897549	1.527524E+0
2024/10/13  09:35:37.897569	1.484778E+0
2024/10/13  09:35:37.897589	-1.592956E+0
2024/10/13  09:35:37.897609	-1.635702E+0
2024/10/13  09:35:37.897629	-1.635702E+0
2024/10/13  09:35:37.897649	-1.635702E+0
2024/10/13  09:35:37.897669	-1.635702E+0
2024/10/13  09:35:37.897689	-1.721195E+0
2024/10/13  09:35:37.897709	-1.763941E+0
2024/10/13  09:35:37.897729	-1.721195E+0
2024/10/13  09:35:37.897749	-1.763941E+0
2024/10/13  09:35:37.897769	-1.721195E+0
2024/10/13  09:35:37.897789	-1.806688E+0
2024/10/13  09:35:37.897809	-1.806688E+0
2024/10/13  09:35:37.897829	-1.806688E+0
2024/10/13  09:35:37.897849	-1.806688E+0
2024/10/13  09:35:37.897869	-1.806688E+0
2024/10/13  09:35:37.897889	-1.892180E+0
2024/10/13  09:35:37.897909	-1.892180E+0
2024/10/13  09:35:37.897929	-1.934926E+0
2024/10/13  09:35:37.897949	-1.849434E+0
2024/10/13  09:35:37.897969	-1.892180E+0
2024/10/13  09:35:37.897989	-1.977673E+0
2024/10/13  09:35:37.898009	-1.977673E+0
2024/10/13  09:35:37.898029	-1.934926E+0
2024/10/13  09:35:37.898049	-1.977673E+0
2024/10/13  09:35:37.898069	-1.977673E+0
2024/10/13  09:35:37.898089	1.954987E+0
2024/10/13  09:35:37.898109	1.997733E+0
2024/10/13  09:35:37.898129	1.997733E+0
2024/10/13  09:35:37.898149	1.997733E+0
2024/10/13  09:35:37.898169	1.997733E+0
2024/10/13  09:35:37.898189	2.083226E+0
2024/10/13  09:35:37.898209	2.040480E+0
2024/10/13  09:35:37.898229	2.040480E+0
2024/10/13  09:35:37.898249	2.040480E+0
2024/10/13  09:35:37.898269	2.040480E+0
2024/10/13  09:35:37.898289	2.083226E+0
2024/10/13  09:35:37.898309	2.083226E+0
2024/10/13  09:35:37.898329	2.083226E+0
2024/10/13  09:35:37.898349	2.125972E+0
2024/10/13  09:35:37.898369	2.083226E+0
2024/10/13  09:35:37.898389	2.125972E+0
2024/10/13  09:35:37.898409	2.125972E+0
2024/10/13  09:35:37.898429	2.125972E+0
2024/10/13  09:35:37.898449	2.168719E+0
2024/10/13  09:35:37.898469	2.125972E+0
2024/10/13  09:35:37.898489	2.168719E+0
2024/10/13  09:35:37.898509	2.168719E+0
2024/10/13  09:35:37.898529	2.168719E+0
2024/10/13  09:35:37.898549	2.168719E+0
2024/10/13  09:35:37.898569	2.168719E+0
2024/10/13  09:35:37.898589	-2.191404E+0
2024/10/13  09:35:37.898609	-2.234151E+0
2024/10/13  09:35:37.898629	-2.234151E+0
2024/10/13  09:35:37.898649	-2.191404E+0
2024/10/13  09:35:37.898669	-2.234151E+0
2024/10/13  09:35:37.898689	-2.276897E+0
2024/10/13  09:35:37.898709	-2.234151E+0
2024/10/13  09:35:37.898729	-2.234151E+0
2024/10/13  09:35:37.898749	-2.234151E+0
2024/10/13  09:35:37.898769	-2.234151E+0
2024/10/13  09:35:37.898789	-2.234151E+0
2024/10/13  09:35:37.898809	-2.234151E+0
2024/10/13  09:35:37.898829	-2.234151E+0
2024/10/13  09:35:37.898849	-2.276897E+0
2024/10/13  09:35:37.898869	-2.234151E+0
2024/10/13  09:35:37.898889	-2.276897E+0
2024/10/13  09:35:37.898909	-2.234151E+0
2024/10/13  09:35:37.898929	-2.234151E+0
2024/10/13  09:35:37.898949	-2.234151E+0
2024/10/13  09:35:37.898969	-2.276897E+0
2024/10/13  09:35:37.898989	-2.234151E+0
2024/10/13  09:35:37.899009	-2.234151E+0
2024/10/13  09:35:37.899029	-2.234151E+0
2024/10/13  09:35:37.899049	-2.234151E+0
2024/10/13  09:35:37.899069	-2.191404E+0
2024/10/13  09:35:37.899089	2.168719E+0
2024/10/13  09:35:37.899109	2.168719E+0
2024/10/13  09:35:37.899129	2.168719E+0
2024/10/13  09:35:37.899149	2.168719E+0
2024/10/13  09:35:37.899169	2.168719E+0
2024/10/13  09:35:37.899189	2.125972E+0
2024/10/13  09:35:37.899209	2.168719E+0
2024/10/13  09:35:37.899229	2.125972E+0
2024/10/13  09:35:37.899249	2.125972E+0
2024/10/13  09:35:37.899269	2.168719E+0
2024/10/13  09:35:37.899289	2.083226E+0
2024/10/13  09:35:37.899309	2.083226E+0
2024/10/13  09:35:37.899329	2.083226E+0
2024/10/13  09:35:37.899349	2.125972E+0
2024/10/13  09:35:37.899369	2.125972E+0
2024/10/13  09:35:37.899389	2.083226E+0
2024/10/13  09:35:37.899409	2.040480E+0
2024/10/13  09:35:37.899429	2.040480E+0
2024/10/13  09:35:37.899449	2.040480E+0
2024/10/13  09:35:37.899469	2.083226E+0
2024/10/13  09:35:37.899489	1.997733E+0
2024/10/13  09:35:37.899509	1.997733E+0
2024/10/13  09:35:37.899529	1.997733E+0
2024/10/13  09:35:37.899549	1.997733E+0
2024/10/13  09:35:37.899569	1.997733E+0
2024/10/13  09:35:37.899589	-1.934926E+0
2024/10/13  09:35:37.899609	-1.977673E+0
2024/10/13  09:35:37.899629	-1.977673E+0
2024/10/13  09:35:37.899649	-1.934926E+0
2024/10/13  09:35:37.899669	-1.934926E+0
2024/10/13  09:35:37.899689	-1.892180E+0
2024/10/13  09:35:37.899709	-1.892180E+0
2024/10/13  09:35:37.899729	-1.892180E+0
2024/10/13  09:35:37.899749	-1.849434E+0
2024/10/13  09:35:37.899769	-1.892180E+0
2024/10/13  09:35:37.899789	-1.806688E+0
2024/10/13  09:35:37.899809	-1.763941E+0
2024/10/13  09:35:37.899829	-1.806688E+0
2024/10/13  09:35:37.899849	-1.806688E+0
2024/10/13  09:35:37.899869	-1.806688E+0
2024/10/13  09:35:37.899889	-1.721195E+0
2024/10/13  09:35:37.899909	-1.721195E+0
2024/10/13  09:35:37.899929	-1.721195E+0
2024/10/13  09:35:37.899949	-1.721195E+0
2024/10/13  09:35:37.899969	-1.721195E+0
2024/10/13  09:35:37.899989	-1.635702E+0
2024/10/13  09:35:37.900009	-1.635702E+0
2024/10/13  09:35:37.900029	-1.635702E+0
2024/10/13  09:35:37.900049	-1.635702E+0
2024/10/13  09:35:37.900069	-1.635702E+0
2024/10/13  09:35:37.900089	1.484778E+0
2024/10/13  09:35:37.900109	1.484778E+0
2024/10/13  09:35:37.900129	1.484778E+0
2024/10/13  09:35:37.900149	1.527524E+0
2024/10/13  09:35:37.900169	1.484778E+0
2024/10/13  09:35:37.900189	1.399285E+0
2024/10/13  09:35:37.900209	1.399285E+0
2024/10/13  09:35:37.900229	1.399285E+0
2024/10/13  09:35:37.900249	1.399285E+0
2024/10/13  09:35:37.900269	1.399285E+0
2024/10/13  09:35:37.900289	1.271046E+0
2024/10/13  09:35:37.900309	1.313792E+0
2024/10/13  09:35:37.900329	1.313792E+0
2024/10/13  09:35:37.900349	1.313792E+0
2024/10/13  09:35:37.900369	1.271046E+0
2024/10/13  09:35:37.900389	1.185554E+0
2024/10/13  09:35:37.900409	1.185554E+0
2024/10/13  09:35:37.900429	1.185554E+0
2024/10/13  09:35:37.900449	1.185554E+0
2024/10/13  09:35:37.900469	1.185554E+0
2024/10/13  09:35:37.900489	1.057315E+0
2024/10/13  09:35:37.900509	1.057315E+0
2024/10/13  09:35:37.900529	1.057315E+0
2024/10/13  09:35:37.900549	1.057315E+0
2024/10/13  09:35:37.900569	1.057315E+0
2024/10/13  09:35:37.900589	-9.517615E-1
2024/10/13  09:35:37.900609	-9.517615E-1
2024/10/13  09:35:37.900629	-9.517615E-1
2024/10/13  09:35:37.900649	-9.517615E-1
2024/10/13  09:35:37.900669	-9.945078E-1
2024/10/13  09:35:37.900689	-8.235226E-1
2024/10/13  09:35:37.900709	-8.235226E-1
2024/10/13  09:35:37.900729	-7.807763E-1
2024/10/13  09:35:37.900749	-8.235226E-1
2024/10/13  09:35:37.900769	-8.235226E-1
2024/10/13  09:35:37.900789	-6.952837E-1
2024/10/13  09:35:37.900809	-6.952837E-1
2024/10/13  09:35:37.900829	-6.952837E-1
2024/10/13  09:35:37.900849	-6.952837E-1
2024/10/13  09:35:37.900869	-6.952837E-1
2024/10/13  09:35:37.900889	-5.670448E-1
2024/10/13  09:35:37.900909	-5.242985E-1
2024/10/13  09:35:37.900929	-5.670448E-1
2024/10/13  09:35:37.900949	-5.670448E-1
2024/10/13  09:35:37.900969	-5.670448E-1
2024/10/13  09:35:37.900989	-3.960596E-1
2024/10/13  09:35:37.901009	-3.960596E-1
2024/10/13  09:35:37.901029	-3.960596E-1
2024/10/13  09:35:37.901049	-3.960596E-1
2024/10/13  09:35:37.901069	-4.388059E-1
2024/10/13  09:35:37.901089	2.451350E-1
2024/10/13  09:35:37.901109	2.878813E-1
2024/10/13  09:35:37.901129	2.878813E-1
2024/10/13  09:35:37.901149	2.451350E-1
2024/10/13  09:35:37.901169	2.451350E-1
2024/10/13  09:35:37.901189	1.168960E-1
2024/10/13  09:35:37.901209	1.168960E-1
2024/10/13  09:35:37.901229	1.168960E-1
2024/10/13  09:35:37.901249	1.168960E-1
2024/10/13  09:35:37.901269	1.168960E-1
2024/10/13  09:35:37.901289	-1.134286E-2
2024/10/13  09:35:37.901309	-1.134286E-2
2024/10/13  09:35:37.901329	-5.408916E-2
2024/10/13  09:35:37.901349	-1.134286E-2
2024/10/13  09:35:37.901369	-1.134286E-2
2024/10/13  09:35:37.901389	-1.395818E-1
2024/10/13  09:35:37.901409	-1.395818E-1
2024/10/13  09:35:37.901429	-1.395818E-1
2024/10/13  09:35:37.901449	-1.395818E-1
2024/10/13  09:35:37.901469	-1.395818E-1
2024/10/13  09:35:37.901489	-2.678207E-1
2024/10/13  09:35:37.901509	-2.678207E-1
2024/10/13  09:35:37.901529	-3.105670E-1
2024/10/13  09:35:37.901549	-3.105670E-1
2024/10/13  09:35:37.901569	-2.678207E-1
2024/10/13  09:35:37.901589	4.161202E-1
2024/10/13  09:35:37.901609	4.161202E-1
2024/10/13  09:35:37.901629	4.161202E-1
2024/10/13  09:35:37.901649	4.161202E-1
2024/10/13  09:35:37.901669	4.161202E-1
2024/10/13  09:35:37.901689	5.443591E-1
2024/10/13  09:35:37.901709	5.443591E-1
2024/10/13  09:35:37.901729	5.443591E-1
2024/10/13  09:35:37.901749	5.443591E-1
2024/10/13  09:35:37.901769	5.443591E-1
2024/10/13  09:35:37.901789	6.725980E-1
2024/10/13  09:35:37.901809	6.725980E-1
2024/10/13  09:35:37.901829	7.153443E-1
2024/10/13  09:35:37.901849	7.153443E-1
2024/10/13  09:35:37.901869	7.153443E-1
2024/10/13  09:35:37.901889	8.008369E-1
2024/10/13  09:35:37.901909	8.008369E-1
2024/10/13  09:35:37.901929	8.435832E-1
2024/10/13  09:35:37.901949	8.008369E-1
2024/10/13  09:35:37.901969	8.008369E-1
2024/10/13  09:35:37.901989	9.290758E-1
2024/10/13  09:35:37.902009	9.718221E-1
2024/10/13  09:35:37.902029	9.718221E-1
2024/10/13  09:35:37.902049	9.718221E-1
2024/10/13  09:35:37.902069	9.290758E-1
2024/10/13  09:35:37.902089	-1.080000E+0
2024/10/13  09:35:37.902109	-1.080000E+0
2024/10/13  09:35:37.902129	-1.080000E+0
2024/10/13  09:35:37.902149	-1.080000E+0
2024/10/13  09:35:37.902169	-1.080000E+0
2024/10/13  09:35:37.902189	-1.208239E+0
2024/10/13  09:35:37.902209	-1.165493E+0
2024/10/13  09:35:37.902229	-1.208239E+0
2024/10/13  09:35:37.902249	-1.165493E+0
2024/10/13  09:35:37.902269	-1.208239E+0
2024/10/13  09:35:37.902289	-1.293732E+0
2024/10/13  09:35:37.902309	-1.336478E+0
2024/10/13  09:35:37.902329	-1.293732E+0
2024/10/13  09:35:37.902349	-1.336478E+0
2024/10/13  09:35:37.902369	-1.293732E+0
2024/10/13  09:35:37.902389	-1.421971E+0
2024/10/13  09:35:37.902409	-1.421971E+0
2024/10/13  09:35:37.902429	-1.421971E+0
2024/10/13  09:35:37.902449	-1.421971E+0
2024/10/13  09:35:37.902469	-1.421971E+0
2024/10/13  09:35:37.902489	-1.507463E+0
2024/10/13  09:35:37.902509	-1.507463E+0
2024/10/13  09:35:37.902529	-1.507463E+0
2024/10/13  09:35:37.902549	-1.507463E+0
2024/10/13  09:35:37.902569	-1.507463E+0
2024/10/13  09:35:37.902589	1.613017E+0
2024/10/13  09:35:37.902609	1.613017E+0
2024/10/13  09:35:37.902629	1.613017E+0
2024/10/13  09:35:37.902649	1.655763E+0
2024/10/13  09:35:37.902669	1.613017E+0
2024/10/13  09:35:37.902689	1.741256E+0
2024/10/13  09:35:37.902709	1.741256E+0
2024/10/13  09:35:37.902729	1.741256E+0
2024/10/13  09:35:37.902749	1.741256E+0
2024/10/13  09:35:37.902769	1.741256E+0
2024/10/13  09:35:37.902789	1.784002E+0
2024/10/13  09:35:37.902809	1.784002E+0
2024/10/13  09:35:37.902829	1.826748E+0
2024/10/13  09:35:37.902849	1.826748E+0
2024/10/13  09:35:37.902869	1.784002E+0
2024/10/13  09:35:37.902889	1.912241E+0
2024/10/13  09:35:37.902909	1.912241E+0
2024/10/13  09:35:37.902929	1.912241E+0
2024/10/13  09:35:37.902949	1.912241E+0
2024/10/13  09:35:37.902969	1.912241E+0
2024/10/13  09:35:37.902989	1.954987E+0
2024/10/13  09:35:37.903009	1.954987E+0
2024/10/13  09:35:37.903029	1.954987E+0
2024/10/13  09:35:37.903049	1.954987E+0
2024/10/13  09:35:37.903069	1.954987E+0
2024/10/13  09:35:37.903089	-2.020419E+0
2024/10/13  09:35:37.903109	-1.977673E+0
2024/10/13  09:35:37.903129	-1.977673E+0
2024/10/13  09:35:37.903149	-2.020419E+0
2024/10/13  09:35:37.903169	-1.977673E+0
2024/10/13  09:35:37.903189	-2.063165E+0
2024/10/13  09:35:37.903209	-2.063165E+0
2024/10/13  09:35:37.903229	-2.105912E+0
2024/10/13  09:35:37.903249	-2.063165E+0
2024/10/13  09:35:37.903269	-2.063165E+0
2024/10/13  09:35:37.903289	-2.105912E+0
2024/10/13  09:35:37.903309	-2.148658E+0
2024/10/13  09:35:37.903329	-2.105912E+0
2024/10/13  09:35:37.903349	-2.105912E+0
2024/10/13  09:35:37.903369	-2.105912E+0
2024/10/13  09:35:37.903389	-2.148658E+0
2024/10/13  09:35:37.903409	-2.148658E+0
2024/10/13  09:35:37.903429	-2.148658E+0
2024/10/13  09:35:37.903449	-2.148658E+0
2024/10/13  09:35:37.903469	-2.148658E+0
2024/10/13  09:35:37.903489	-2.191404E+0
2024/10/13  09:35:37.903509	-2.148658E+0
2024/10/13  09:35:37.903529	-2.191404E+0
2024/10/13  09:35:37.903549	-2.148658E+0
2024/10/13  09:35:37.903569	-2.191404E+0
2024/10/13  09:35:37.903589	2.168719E+0
2024/10/13  09:35:37.903609	2.211465E+0
2024/10/13  09:35:37.903629	2.254211E+0
2024/10/13  09:35:37.903649	2.254211E+0
2024/10/13  09:35:37.903669	2.211465E+0
2024/10/13  09:35:37.903689	2.211465E+0
2024/10/13  09:35:37.903709	2.254211E+0
2024/10/13  09:35:37.903729	2.254211E+0
2024/10/13  09:35:37.903749	2.254211E+0
2024/10/13  09:35:37.903769	2.254211E+0
2024/10/13  09:35:37.903789	2.254211E+0
2024/10/13  09:35:37.903809	2.254211E+0
2024/10/13  09:35:37.903829	2.254211E+0
2024/10/13  09:35:37.903849	2.254211E+0
2024/10/13  09:35:37.903869	2.254211E+0
2024/10/13  09:35:37.903889	2.254211E+0
2024/10/13  09:35:37.903909	2.254211E+0
2024/10/13  09:35:37.903929	2.211465E+0
2024/10/13  09:35:37.903949	2.254211E+0
2024/10/13  09:35:37.903969	2.254211E+0
2024/10/13  09:35:37.903989	2.211465E+0
2024/10/13  09:35:37.904009	2.254211E+0
2024/10/13  09:35:37.904029	2.211465E+0
2024/10/13  09:35:37.904049	2.211465E+0
2024/10/13  09:35:37.904069	2.211465E+0
2024/10/13  09:35:37.904089	-2.148658E+0
2024/10/13  09:35:37.904109	-2.191404E+0
2024/10/13  09:35:37.904129	-2.148658E+0
2024/10/13  09:35:37.904149	-2.148658E+0
2024/10/13  09:35:37.904169	-2.148658E+0
2024/10/13  09:35:37.904189	-2.148658E+0
2024/10/13  09:35:37.904209	-2.148658E+0
2024/10/13  09:35:37.904229	-2.148658E+0
2024/10/13  09:35:37.904249	-2.148658E+0
2024/10/13  09:35:37.904269	-2.148658E+0
2024/10/13  09:35:37.904289	-2.105912E+0
2024/10/13  09:35:37.904309	-2.105912E+0
2024/10/13  09:35:37.904329	-2.105912E+0
2024/10/13  09:35:37.904349	-2.105912E+0
2024/10/13  09:35:37.904369	-2.105912E+0
2024/10/13  09:35:37.904389	-2.063165E+0
2024/10/13  09:35:37.904409	-2.063165E+0
2024/10/13  09:35:37.904429	-2.063165E+0
2024/10/13  09:35:37.904449	-2.105912E+0
2024/10/13  09:35:37.904469	-2.020419E+0
2024/10/13  09:35:37.904489	-2.020419E+0
2024/10/13  09:35:37.904509	-1.977673E+0
2024/10/13  09:35:37.904529	-2.020419E+0
2024/10/13  09:35:37.904549	-2.020419E+0
2024/10/13  09:35:37.904569	-2.020419E+0
2024/10/13  09:35:37.904589	1.954987E+0
2024/10/13  09:35:37.904609	1.954987E+0
2024/10/13  09:35:37.904629	1.954987E+0
2024/10/13  09:35:37.904649	1.997733E+0
2024/10/13  09:35:37.904669	1.954987E+0
2024/10/13  09:35:37.904689	1.912241E+0
2024/10/13  09:35:37.904709	1.912241E+0
2024/10/13  09:35:37.904729	1.912241E+0
2024/10/13  09:35:37.904749	1.912241E+0
2024/10/13  09:35:37.904769	1.912241E+0
2024/10/13  09:35:37.904789	1.826748E+0
2024/10/13  09:35:37.904809	1.826748E+0
2024/10/13  09:35:37.904829	1.784002E+0
2024/10/13  09:35:37.904849	1.826748E+0
2024/10/13  09:35:37.904869	1.784002E+0
2024/10/13  09:35:37.904889	1.741256E+0
2024/10/13  09:35:37.904909	1.741256E+0
2024/10/13  09:35:37.904929	1.698509E+0
2024/10/13  09:35:37.904949	1.698509E+0
2024/10/13  09:35:37.904969	1.741256E+0
2024/10/13  09:35:37.904989	1.613017E+0
2024/10/13  09:35:37.905009	1.655763E+0
2024/10/13  09:35:37.905029	1.655763E+0
2024/10/13  09:35:37.905049	1.655763E+0
2024/10/13  09:35:37.905069	1.655763E+0
2024/10/13  09:35:37.905089	-1.464717E+0
2024/10/13  09:35:37.905109	-1.507463E+0
2024/10/13  09:35:37.905129	-1.550210E+0
2024/10/13  09:35:37.905149	-1.507463E+0
2024/10/13  09:35:37.905169	-1.550210E+0
2024/10/13  09:35:37.905189	-1.421971E+0
2024/10/13  09:35:37.905209	-1.421971E+0
2024/10/13  09:35:37.905229	-1.421971E+0
2024/10/13  09:35:37.905249	-1.421971E+0
2024/10/13  09:35:37.905269	-1.421971E+0
2024/10/13  09:35:37.905289	-1.293732E+0
2024/10/13  09:35:37.905309	-1.336478E+0
2024/10/13  09:35:37.905329	-1.293732E+0
2024/10/13  09:35:37.905349	-1.293732E+0
2024/10/13  09:35:37.905369	-1.293732E+0
2024/10/13  09:35:37.905389	-1.208239E+0
2024/10/13  09:35:37.905409	-1.208239E+0
2024/10/13  09:35:37.905429	-1.165493E+0
2024/10/13  09:35:37.905449	-1.208239E+0
2024/10/13  09:35:37.905469	-1.208239E+0
2024/10/13  09:35:37.905489	-1.080000E+0
2024/10/13  09:35:37.905509	-1.080000E+0
2024/10/13  09:35:37.905529	-1.080000E+0
2024/10/13  09:35:37.905549	-1.080000E+0
2024/10/13  09:35:37.905569	-1.080000E+0
2024/10/13  09:35:37.905589	9.718221E-1
2024/10/13  09:35:37.905609	9.290758E-1
2024/10/13  09:35:37.905629	9.718221E-1
2024/10/13  09:35:37.905649	9.718221E-1
2024/10/13  09:35:37.905669	9.718221E-1
2024/10/13  09:35:37.905689	8.435832E-1
2024/10/13  09:35:37.905709	8.435832E-1
2024/10/13  09:35:37.905729	8.008369E-1
2024/10/13  09:35:37.905749	8.008369E-1
2024/10/13  09:35:37.905769	8.008369E-1
2024/10/13  09:35:37.905789	7.153443E-1
2024/10/13  09:35:37.905809	6.725980E-1
2024/10/13  09:35:37.905829	7.153443E-1
2024/10/13  09:35:37.905849	6.725980E-1
2024/10/13  09:35:37.905869	6.725980E-1
2024/10/13  09:35:37.905889	5.443591E-1
2024/10/13  09:35:37.905909	5.443591E-1
2024/10/13  09:35:37.905929	5.443591E-1
2024/10/13  09:35:37.905949	5.443591E-1
2024/10/13  09:35:37.905969	5.443591E-1
2024/10/13  09:35:37.905989	4.161202E-1
2024/10/13  09:35:37.906009	3.733739E-1
2024/10/13  09:35:37.906029	4.161202E-1
2024/10/13  09:35:37.906049	4.161202E-1
2024/10/13  09:35:37.906069	4.161202E-1
2024/10/13  09:35:37.906089	-2.678207E-1
2024/10/13  09:35:37.906109	-2.678207E-1
2024/10/13  09:35:37.906129	-2.678207E-1
2024/10/13  09:35:37.906149	-2.678207E-1
2024/10/13  09:35:37.906169	-3.105670E-1
2024/10/13  09:35:37.906189	-1.395818E-1
2024/10/13  09:35:37.906209	-1.395818E-1
2024/10/13  09:35:37.906229	-9.683546E-2
2024/10/13  09:35:37.906249	-1.395818E-1
2024/10/13  09:35:37.906269	-1.395818E-1
2024/10/13  09:35:37.906289	-1.134286E-2
2024/10/13  09:35:37.906309	-1.134286E-2
2024/10/13  09:35:37.906329	-1.134286E-2
2024/10/13  09:35:37.906349	-1.134286E-2
2024/10/13  09:35:37.906369	-1.134286E-2
2024/10/13  09:35:37.906389	1.168960E-1
2024/10/13  09:35:37.906409	1.168960E-1
2024/10/13  09:35:37.906429	1.168960E-1
2024/10/13  09:35:37.906449	1.168960E-1
2024/10/13  09:35:37.906469	1.168960E-1
2024/10/13  09:35:37.906489	2.878813E-1
2024/10/13  09:35:37.906509	2.451350E-1
2024/10/13  09:35:37.906529	2.451350E-1
2024/10/13  09:35:37.906549	2.878813E-1
2024/10/13  09:35:37.906569	2.878813E-1
2024/10/13  09:35:37.906589	-4.388059E-1
2024/10/13  09:35:37.906609	-3.960596E-1
2024/10/13  09:35:37.906629	-4.388059E-1
2024/10/13  09:35:37.906649	-4.388059E-1
2024/10/13  09:35:37.906669	-3.960596E-1
2024/10/13  09:35:37.906689	-5.670448E-1
2024/10/13  09:35:37.906709	-5.670448E-1
2024/10/13  09:35:37.906729	-5.670448E-1
2024/10/13  09:35:37.906749	-5.670448E-1
2024/10/13  09:35:37.906769	-5.670448E-1
2024/10/13  09:35:37.906789	-6.952837E-1
2024/10/13  09:35:37.906809	-6.952837E-1
2024/10/13  09:35:37.906829	-6.952837E-1
2024/10/13  09:35:37.906849	-6.525374E-1
2024/10/13  09:35:37.906869	-6.952837E-1
2024/10/13  09:35:37.906889	-8.235226E-1
2024/10/13  09:35:37.906909	-8.235226E-1
2024/10/13  09:35:37.906929	-8.235226E-1
2024/10/13  09:35:37.906949	-8.235226E-1
2024/10/13  09:35:37.906969	-8.235226E-1
2024/10/13  09:35:37.906989	-9.517615E-1
2024/10/13  09:35:37.907009	-9.517615E-1
2024/10/13  09:35:37.907029	-9.517615E-1
2024/10/13  09:35:37.907049	-9.517615E-1
2024/10/13  09:35:37.907069	-9.517615E-1
2024/10/13  09:35:37.907089	1.057315E+0
2024/10/13  09:35:37.907109	1.057315E+0
2024/10/13  09:35:37.907129	1.057315E+0
2024/10/13  09:35:37.907149	1.057315E+0
2024/10/13  09:35:37.907169	1.057315E+0
2024/10/13  09:35:37.907189	1.142807E+0
2024/10/13  09:35:37.907209	1.185554E+0
2024/10/13  09:35:37.907229	1.185554E+0
2024/10/13  09:35:37.907249	1.185554E+0
2024/10/13  09:35:37.907269	1.185554E+0
2024/10/13  09:35:37.907289	1.271046E+0
2024/10/13  09:35:37.907309	1.271046E+0
2024/10/13  09:35:37.907329	1.271046E+0
2024/10/13  09:35:37.907349	1.271046E+0
2024/10/13  09:35:37.907369	1.313792E+0
2024/10/13  09:35:37.907389	1.399285E+0
2024/10/13  09:35:37.907409	1.399285E+0
2024/10/13  09:35:37.907429	1.399285E+0
2024/10/13  09:35:37.907449	1.399285E+0
2024/10/13  09:35:37.907469	1.399285E+0
2024/10/13  09:35:37.907489	1.484778E+0
2024/10/13  09:35:37.907509	1.484778E+0
2024/10/13  09:35:37.907529	1.527524E+0
2024/10/13  09:35:37.907549	1.527524E+0
2024/10/13  09:35:37.907569	1.527524E+0
2024/10/13  09:35:37.907589	-1.635702E+0
2024/10/13  09:35:37.907609	-1.635702E+0
2024/10/13  09:35:37.907629	-1.635702E+0
2024/10/13  09:35:37.907649	-1.635702E+0
2024/10/13  09:35:37.907669	-1.635702E+0
2024/10/13  09:35:37.907689	-1.721195E+0
2024/10/13  09:35:37.907709	-1.721195E+0
2024/10/13  09:35:37.907729	-1.721195E+0
2024/10/13  09:35:37.907749	-1.721195E+0
2024/10/13  09:35:37.907769	-1.721195E+0
2024/10/13  09:35:37.907789	-1.806688E+0
2024/10/13  09:35:37.907809	-1.806688E+0
2024/10/13  09:35:37.907829	-1.806688E+0
2024/10/13  09:35:37.907849	-1.806688E+0
2024/10/13  09:35:37.907869	-1.806688E+0
2024/10/13  09:35:37.907889	-1.892180E+0
2024/10/13  09:35:37.907909	-1.849434E+0
2024/10/13  09:35:37.907929	-1.849434E+0
2024/10/13  09:35:37.907949	-1.892180E+0
2024/10/13  09:35:37.907969	-1.892180E+0
2024/10/13  09:35:37.907989	-1.977673E+0
2024/10/13  09:35:37.908009	-1.977673E+0
2024/10/13  09:35:37.908029	-1.977673E+0
2024/10/13  09:35:37.908049	-1.977673E+0
2024/10/13  09:35:37.908069	-1.977673E+0
2024/10/13  09:35:37.908089	1.997733E+0
2024/10/13  09:35:37.908109	1.997733E+0
2024/10/13  09:35:37.908129	1.997733E+0
2024/10/13  09:35:37.908149	1.997733E+0
2024/10/13  09:35:37.908169	1.997733E+0
2024/10/13  09:35:37.908189	2.083226E+0
2024/10/13  09:35:37.908209	2.040480E+0
2024/10/13  09:35:37.908229	2.040480E+0
2024/10/13  09:35:37.908249	2.083226E+0
2024/10/13  09:35:37.908269	2.040480E+0
2024/10/13  09:35:37.908289	2.083226E+0
2024/10/13  09:35:37.908309	2.083226E+0
2024/10/13  09:35:37.908329	2.125972E+0
2024/10/13  09:35:37.908349	2.125972E+0
2024/10/13  09:35:37.908369	2.083226E+0
2024/10/13  09:35:37.908389	2.125972E+0
2024/10/13  09:35:37.908409	2.168719E+0
2024/10/13  09:35:37.908429	2.125972E+0
2024/10/13  09:35:37.908449	2.125972E+0
2024/10/13  09:35:37.908469	2.168719E+0
2024/10/13  09:35:37.908489	2.168719E+0
2024/10/13  09:35:37.908509	2.168719E+0
2024/10/13  09:35:37.908529	2.168719E+0
2024/10/13  09:35:37.908549	2.168719E+0
2024/10/13  09:35:37.908569	2.168719E+0
2024/10/13  09:35:37.908589	-2.191404E+0
2024/10/13  09:35:37.908609	-2.191404E+0
2024/10/13  09:35:37.908629	-2.191404E+0
2024/10/13  09:35:37.908649	-2.234151E+0
2024/10/13  09:35:37.908669	-2.234151E+0
2024/10/13  09:35:37.908689	-2.234151E+0
2024/10/13  09:35:37.908709	-2.234151E+0
2024/10/13  09:35:37.908729	-2.234151E+0
2024/10/13  09:35:37.908749	-2.234151E+0
2024/10/13  09:35:37.908769	-2.234151E+0
2024/10/13  09:35:37.908789	-2.234151E+0
2024/10/13  09:35:37.908809	-2.234151E+0
2024/10/13  09:35:37.908829	-2.234151E+0
2024/10/13  09:35:37.908849	-2.276897E+0
2024/10/13  09:35:37.908869	-2.234151E+0
2024/10/13  09:35:37.908889	-2.234151E+0
2024/10/13  09:35:37.908909	-2.234151E+0
2024/10/13  09:35:37.908929	-2.276897E+0
2024/10/13  09:35:37.908949	-2.234151E+0
2024/10/13  09:35:37.908969	-2.234151E+0
2024/10/13  09:35:37.908989	-2.234151E+0
2024/10/13  09:35:37.909009	-2.234151E+0
2024/10/13  09:35:37.909029	-2.191404E+0
2024/10/13  09:35:37.909049	-2.234151E+0
2024/10/13  09:35:37.909069	-2.234151E+0
2024/10/13  09:35:37.909089	2.125972E+0
2024/10/13  09:35:37.909109	2.168719E+0
2024/10/13  09:35:37.909129	2.168719E+0
2024/10/13  09:35:37.909149	2.168719E+0
2024/10/13  09:35:37.909169	2.168719E+0
2024/10/13  09:35:37.909189	2.168719E+0
2024/10/13  09:35:37.909209	2.125972E+0
2024/10/13  09:35:37.909229	2.125972E+0
2024/10/13  09:35:37.909249	2.125972E+0
2024/10/13  09:35:37.909269	2.125972E+0
2024/10/13  09:35:37.909289	2.083226E+0
2024/10/13  09:35:37.909309	2.125972E+0
2024/10/13  09:35:37.909329	2.125972E+0
2024/10/13  09:35:37.909349	2.125972E+0
2024/10/13  09:35:37.909369	2.125972E+0
2024/10/13  09:35:37.909389	2.083226E+0
2024/10/13  09:35:37.909409	2.040480E+0
2024/10/13  09:35:37.909429	2.083226E+0
2024/10/13  09:35:37.909449	2.083226E+0
2024/10/13  09:35:37.909469	2.040480E+0
2024/10/13  09:35:37.909489	1.997733E+0
2024/10/13  09:35:37.909509	1.997733E+0
2024/10/13  09:35:37.909529	1.997733E+0
2024/10/13  09:35:37.909549	1.997733E+0
2024/10/13  09:35:37.909569	1.997733E+0
2024/10/13  09:35:37.909589	-1.934926E+0
2024/10/13  09:35:37.909609	-1.977673E+0
2024/10/13  09:35:37.909629	-1.934926E+0
2024/10/13  09:35:37.909649	-1.977673E+0
2024/10/13  09:35:37.909669	-1.934926E+0
2024/10/13  09:35:37.909689	-1.892180E+0
2024/10/13  09:35:37.909709	-1.849434E+0
2024/10/13  09:35:37.909729	-1.892180E+0
2024/10/13  09:35:37.909749	-1.892180E+0
2024/10/13  09:35:37.909769	-1.849434E+0
2024/10/13  09:35:37.909789	-1.806688E+0
2024/10/13  09:35:37.909809	-1.806688E+0
2024/10/13  09:35:37.909829	-1.806688E+0
2024/10/13  09:35:37.909849	-1.806688E+0
2024/10/13  09:35:37.909869	-1.806688E+0
2024/10/13  09:35:37.909889	-1.721195E+0
2024/10/13  09:35:37.909909	-1.721195E+0
2024/10/13  09:35:37.909929	-1.721195E+0
2024/10/13  09:35:37.909949	-1.721195E+0
2024/10/13  09:35:37.909969	-1.721195E+0
2024/10/13  09:35:37.909989	-1.635702E+0
2024/10/13  09:35:37.910009	-1.635702E+0
2024/10/13  09:35:37.910029	-1.635702E+0
2024/10/13  09:35:37.910049	-1.635702E+0
2024/10/13  09:35:37.910069	-1.635702E+0
2024/10/13  09:35:37.910089	1.484778E+0
2024/10/13  09:35:37.910109	1.484778E+0
2024/10/13  09:35:37.910129	1.484778E+0
2024/10/13  09:35:37.910149	1.484778E+0
2024/10/13  09:35:37.910169	1.484778E+0
2024/10/13  09:35:37.910189	1.399285E+0
2024/10/13  09:35:37.910209	1.399285E+0
2024/10/13  09:35:37.910229	1.399285E+0
2024/10/13  09:35:37.910249	1.399285E+0
2024/10/13  09:35:37.910269	1.399285E+0
2024/10/13  09:35:37.910289	1.313792E+0
2024/10/13  09:35:37.910309	1.313792E+0
2024/10/13  09:35:37.910329	1.271046E+0
2024/10/13  09:35:37.910349	1.271046E+0
2024/10/13  09:35:37.910369	1.313792E+0
2024/10/13  09:35:37.910389	1.185554E+0
2024/10/13  09:35:37.910409	1.142807E+0
2024/10/13  09:35:37.910429	1.185554E+0
2024/10/13  09:35:37.910449	1.185554E+0
2024/10/13  09:35:37.910469	1.142807E+0
2024/10/13  09:35:37.910489	1.057315E+0
2024/10/13  09:35:37.910509	1.057315E+0
2024/10/13  09:35:37.910529	1.057315E+0
2024/10/13  09:35:37.910549	1.057315E+0
2024/10/13  09:35:37.910569	1.057315E+0
2024/10/13  09:35:37.910589	-9.517615E-1
2024/10/13  09:35:37.910609	-9.517615E-1
2024/10/13  09:35:37.910629	-9.517615E-1
2024/10/13  09:35:37.910649	-9.517615E-1
2024/10/13  09:35:37.910669	-9.517615E-1
2024/10/13  09:35:37.910689	-8.235226E-1
2024/10/13  09:35:37.910709	-8.235226E-1
2024/10/13  09:35:37.910729	-8.235226E-1
2024/10/13  09:35:37.910749	-8.235226E-1
2024/10/13  09:35:37.910769	-8.235226E-1
2024/10/13  09:35:37.910789	-6.952837E-1
2024/10/13  09:35:37.910809	-6.952837E-1
2024/10/13  09:35:37.910829	-6.952837E-1
2024/10/13  09:35:37.910849	-7.380300E-1
2024/10/13  09:35:37.910869	-6.952837E-1
2024/10/13  09:35:37.910889	-5.670448E-1
2024/10/13  09:35:37.910909	-5.670448E-1
2024/10/13  09:35:37.910929	-5.242985E-1
2024/10/13  09:35:37.910949	-5.670448E-1
2024/10/13  09:35:37.910969	-5.670448E-1
2024/10/13  09:35:37.910989	-3.960596E-1
2024/10/13  09:35:37.911009	-3.960596E-1
2024/10/13  09:35:37.911029	-4.388059E-1
2024/10/13  09:35:37.911049	-4.388059E-1
2024/10/13  09:35:37.911069	-4.388059E-1
2024/10/13  09:35:37.911089	2.878813E-1
2024/10/13  09:35:37.911109	2.878813E-1
2024/10/13  09:35:37.911129	2.878813E-1
2024/10/13  09:35:37.911149	2.878813E-1
2024/10/13  09:35:37.911169	2.878813E-1
2024/10/13  09:35:37.911189	1.168960E-1
2024/10/13  09:35:37.911209	1.168960E-1
2024/10/13  09:35:37.911229	1.168960E-1
2024/10/13  09:35:37.911249	1.168960E-1
2024/10/13  09:35:37.911269	1.168960E-1
2024/10/13  09:35:37.911289	-5.408916E-2
2024/10/13  09:35:37.911309	-1.134286E-2
2024/10/13  09:35:37.911329	-1.134286E-2
2024/10/13  09:35:37.911349	-1.134286E-2
2024/10/13  09:35:37.911369	-1.134286E-2
2024/10/13  09:35:37.911389	-1.395818E-1
2024/10/13  09:35:37.911409	-1.395818E-1
2024/10/13  09:35:37.911429	-1.395818E-1
2024/10/13  09:35:37.911449	-1.395818E-1
2024/10/13  09:35:37.911469	-1.395818E-1
2024/10/13  09:35:37.911489	-2.678207E-1
2024/10/13  09:35:37.911509	-2.678207E-1
2024/10/13  09:35:37.911529	-2.678207E-1
2024/10/13  09:35:37.911549	-2.678207E-1
2024/10/13  09:35:37.911569	-3.105670E-1
2024/10/13  09:35:37.911589	4.161202E-1
2024/10/13  09:35:37.911609	4.161202E-1
2024/10/13  09:35:37.911629	4.161202E-1
2024/10/13  09:35:37.911649	4.161202E-1
2024/10/13  09:35:37.911669	4.161202E-1
2024/10/13  09:35:37.911689	5.443591E-1
2024/10/13  09:35:37.911709	5.443591E-1
2024/10/13  09:35:37.911729	5.871054E-1
2024/10/13  09:35:37.911749	5.443591E-1
2024/10/13  09:35:37.911769	5.443591E-1
2024/10/13  09:35:37.911789	6.725980E-1
2024/10/13  09:35:37.911809	7.153443E-1
2024/10/13  09:35:37.911829	6.725980E-1
2024/10/13  09:35:37.911849	6.725980E-1
2024/10/13  09:35:37.911869	7.153443E-1
2024/10/13  09:35:37.911889	8.435832E-1
2024/10/13  09:35:37.911909	8.008369E-1
2024/10/13  09:35:37.911929	8.435832E-1
2024/10/13  09:35:37.911949	8.008369E-1
2024/10/13  09:35:37.911969	8.008369E-1
2024/10/13  09:35:37.911989	9.718221E-1
2024/10/13  09:35:37.912009	9.290758E-1
2024/10/13  09:35:37.912029	9.290758E-1
2024/10/13  09:35:37.912049	9.718221E-1
2024/10/13  09:35:37.912069	9.718221E-1
2024/10/13  09:35:37.912089	-1.080000E+0
2024/10/13  09:35:37.912109	-1.080000E+0
2024/10/13  09:35:37.912129	-1.037254E+0
2024/10/13  09:35:37.912149	-1.080000E+0
2024/10/13  09:35:37.912169	-1.080000E+0
2024/10/13  09:35:37.912189	-1.208239E+0
2024/10/13  09:35:37.912209	-1.208239E+0
2024/10/13  09:35:37.912229	-1.250986E+0
2024/10/13  09:35:37.912249	-1.208239E+0
2024/10/13  09:35:37.912269	-1.208239E+0
2024/10/13  09:35:37.912289	-1.336478E+0
2024/10/13  09:35:37.912309	-1.293732E+0
2024/10/13  09:35:37.912329	-1.293732E+0
2024/10/13  09:35:37.912349	-1.293732E+0
2024/10/13  09:35:37.912369	-1.336478E+0
2024/10/13  09:35:37.912389	-1.421971E+0
2024/10/13  09:35:37.912409	-1.421971E+0
2024/10/13  09:35:37.912429	-1.421971E+0
2024/10/13  09:35:37.912449	-1.421971E+0
2024/10/13  09:35:37.912469	-1.421971E+0
2024/10/13  09:35:37.912489	-1.550210E+0
2024/10/13  09:35:37.912509	-1.507463E+0
2024/10/13  09:35:37.912529	-1.507463E+0
2024/10/13  09:35:37.912549	-1.550210E+0
2024/10/13  09:35:37.912569	-1.507463E+0
2024/10/13  09:35:37.912589	1.613017E+0
2024/10/13  09:35:37.912609	1.613017E+0
2024/10/13  09:35:37.912629	1.655763E+0
2024/10/13  09:35:37.912649	1.613017E+0
2024/10/13  09:35:37.912669	1.655763E+0
2024/10/13  09:35:37.912689	1.741256E+0
2024/10/13  09:35:37.912709	1.698509E+0
2024/10/13  09:35:37.912729	1.741256E+0
2024/10/13  09:35:37.912749	1.741256E+0
2024/10/13  09:35:37.912769	1.741256E+0
2024/10/13  09:35:37.912789	1.784002E+0
2024/10/13  09:35:37.912809	1.826748E+0
2024/10/13  09:35:37.912829	1.826748E+0
2024/10/13  09:35:37.912849	1.826748E+0
2024/10/13  09:35:37.912869	1.784002E+0
2024/10/13  09:35:37.912889	1.869494E+0
2024/10/13  09:35:37.912909	1.912241E+0
2024/10/13  09:35:37.912929	1.912241E+0
2024/10/13  09:35:37.912949	1.912241E+0
2024/10/13  09:35:37.912969	1.912241E+0
2024/10/13  09:35:37.912989	1.954987E+0
2024/10/13  09:35:37.913009	1.954987E+0
2024/10/13  09:35:37.913029	1.954987E+0
2024/10/13  09:35:37.913049	1.954987E+0
2024/10/13  09:35:37.913069	1.954987E+0
2024/10/13  09:35:37.913089	-1.977673E+0
2024/10/13  09:35:37.913109	-1.977673E+0
2024/10/13  09:35:37.913129	-2.020419E+0
2024/10/13  09:35:37.913149	-2.020419E+0
2024/10/13  09:35:37.913169	-2.020419E+0
2024/10/13  09:35:37.913189	-2.063165E+0
2024/10/13  09:35:37.913209	-2.063165E+0
2024/10/13  09:35:37.913229	-2.063165E+0
2024/10/13  09:35:37.913249	-2.063165E+0
2024/10/13  09:35:37.913269	-2.105912E+0
2024/10/13  09:35:37.913289	-2.105912E+0
2024/10/13  09:35:37.913309	-2.148658E+0
2024/10/13  09:35:37.913329	-2.105912E+0
2024/10/13  09:35:37.913349	-2.148658E+0
2024/10/13  09:35:37.913369	-2.105912E+0
2024/10/13  09:35:37.913389	-2.148658E+0
2024/10/13  09:35:37.913409	-2.148658E+0
2024/10/13  09:35:37.913429	-2.148658E+0
2024/10/13  09:35:37.913449	-2.148658E+0
2024/10/13  09:35:37.913469	-2.148658E+0
2024/10/13  09:35:37.913489	-2.191404E+0
2024/10/13  09:35:37.913509	-2.191404E+0
2024/10/13  09:35:37.913529	-2.191404E+0
2024/10/13  09:35:37.913549	-2.191404E+0
2024/10/13  09:35:37.913569	-2.191404E+0
2024/10/13  09:35:37.913589	2.211465E+0
2024/10/13  09:35:37.913609	2.211465E+0
2024/10/13  09:35:37.913629	2.254211E+0
2024/10/13  09:35:37.913649	2.254211E+0
2024/10/13  09:35:37.913669	2.211465E+0
2024/10/13  09:35:37.913689	2.254211E+0
2024/10/13  09:35:37.913709	2.254211E+0
2024/10/13  09:35:37.913729	2.254211E+0
2024/10/13  09:35:37.913749	2.211465E+0
2024/10/13  09:35:37.913769	2.254211E+0
2024/10/13  09:35:37.913789	2.254211E+0
2024/10/13  09:35:37.913809	2.254211E+0
2024/10/13  09:35:37.913829	2.254211E+0
2024/10/13  09:35:37.913849	2.254211E+0
2024/10/13  09:35:37.913869	2.254211E+0
2024/10/13  09:35:37.913889	2.254211E+0
2024/10/13  09:35:37.913909	2.254211E+0
2024/10/13  09:35:37.913929	2.211465E+0
2024/10/13  09:35:37.913949	2.254211E+0
2024/10/13  09:35:37.913969	2.254211E+0
2024/10/13  09:35:37.913989	2.211465E+0
2024/10/13  09:35:37.914009	2.211465E+0
2024/10/13  09:35:37.914029	2.254211E+0
2024/10/13  09:35:37.914049	2.254211E+0
2024/10/13  09:35:37.914069	2.254211E+0
2024/10/13  09:35:37.914089	-2.148658E+0
2024/10/13  09:35:37.914109	-2.148658E+0
2024/10/13  09:35:37.914129	-2.148658E+0
2024/10/13  09:35:37.914149	-2.148658E+0
2024/10/13  09:35:37.914169	-2.191404E+0
2024/10/13  09:35:37.914189	-2.148658E+0
2024/10/13  09:35:37.914209	-2.148658E+0
2024/10/13  09:35:37.914229	-2.148658E+0
2024/10/13  09:35:37.914249	-2.148658E+0
2024/10/13  09:35:37.914269	-2.148658E+0
2024/10/13  09:35:37.914289	-2.105912E+0
2024/10/13  09:35:37.914309	-2.148658E+0
2024/10/13  09:35:37.914329	-2.105912E+0
2024/10/13  09:35:37.914349	-2.105912E+0
2024/10/13  09:35:37.914369	-2.105912E+0
2024/10/13  09:35:37.914389	-2.105912E+0
2024/10/13  09:35:37.914409	-2.063165E+0
2024/10/13  09:35:37.914429	-2.063165E+0
2024/10/13  09:35:37.914449	-2.105912E+0
2024/10/13  09:35:37.914469	-2.063165E+0
2024/10/13  09:35:37.914489	-2.020419E+0
2024/10/13  09:35:37.914509	-2.020419E+0
2024/10/13  09:35:37.914529	-2.020419E+0
2024/10/13  09:35:37.914549	-2.020419E+0
2024/10/13  09:35:37.914569	-2.020419E+0
2024/10/13  09:35:37.914589	1.954987E+0
2024/10/13  09:35:37.914609	1.954987E+0
2024/10/13  09:35:37.914629	1.954987E+0
2024/10/13  09:35:37.914649	1.954987E+0
2024/10/13  09:35:37.914669	1.997733E+0
2024/10/13  09:35:37.914689	1.912241E+0
2024/10/13  09:35:37.914709	1.869494E+0
2024/10/13  09:35:37.914729	1.869494E+0
2024/10/13  09:35:37.914749	1.912241E+0
2024/10/13  09:35:37.914769	1.912241E+0
2024/10/13  09:35:37.914789	1.784002E+0
2024/10/13  09:35:37.914809	1.784002E+0
2024/10/13  09:35:37.914829	1.784002E+0
2024/10/13  09:35:37.914849	1.784002E+0
2024/10/13  09:35:37.914869	1.826748E+0
2024/10/13  09:35:37.914889	1.741256E+0
2024/10/13  09:35:37.914909	1.741256E+0
2024/10/13  09:35:37.914929	1.698509E+0
2024/10/13  09:35:37.914949	1.741256E+0
2024/10/13  09:35:37.914969	1.698509E+0
2024/10/13  09:35:37.914989	1.655763E+0
2024/10/13  09:35:37.915009	1.655763E+0
2024/10/13  09:35:37.915029	1.655763E+0
2024/10/13  09:35:37.915049	1.655763E+0
2024/10/13  09:35:37.915069	1.655763E+0
2024/10/13  09:35:37.915089	-1.507463E+0
2024/10/13  09:35:37.915109	-1.507463E+0
2024/10/13  09:35:37.915129	-1.507463E+0
2024/10/13  09:35:37.915149	-1.507463E+0
2024/10/13  09:35:37.915169	-1.507463E+0
2024/10/13  09:35:37.915189	-1.421971E+0
2024/10/13  09:35:37.915209	-1.421971E+0
2024/10/13  09:35:37.915229	-1.421971E+0
2024/10/13  09:35:37.915249	-1.421971E+0
2024/10/13  09:35:37.915269	-1.421971E+0
2024/10/13  09:35:37.915289	-1.336478E+0
2024/10/13  09:35:37.915309	-1.293732E+0
2024/10/13  09:35:37.915329	-1.293732E+0
2024/10/13  09:35:37.915349	-1.336478E+0
2024/10/13  09:35:37.915369	-1.336478E+0
2024/10/13  09:35:37.915389	-1.208239E+0
2024/10/13  09:35:37.915409	-1.165493E+0
2024/10/13  09:35:37.915429	-1.208239E+0
2024/10/13  09:35:37.915449	-1.208239E+0
2024/10/13  09:35:37.915469	-1.165493E+0
2024/10/13  09:35:37.915489	-1.080000E+0
2024/10/13  09:35:37.915509	-1.080000E+0
2024/10/13  09:35:37.915529	-1.080000E+0
2024/10/13  09:35:37.915549	-1.080000E+0
2024/10/13  09:35:37.915569	-1.080000E+0
2024/10/13  09:35:37.915589	9.290758E-1
2024/10/13  09:35:37.915609	9.290758E-1
2024/10/13  09:35:37.915629	9.718221E-1
2024/10/13  09:35:37.915649	9.718221E-1
2024/10/13  09:35:37.915669	9.718221E-1
2024/10/13  09:35:37.915689	8.008369E-1
2024/10/13  09:35:37.915709	8.008369E-1
2024/10/13  09:35:37.915729	8.008369E-1
2024/10/13  09:35:37.915749	8.008369E-1
2024/10/13  09:35:37.915769	8.008369E-1
2024/10/13  09:35:37.915789	7.153443E-1
2024/10/13  09:35:37.915809	7.153443E-1
2024/10/13  09:35:37.915829	6.725980E-1
2024/10/13  09:35:37.915849	7.153443E-1
2024/10/13  09:35:37.915869	6.725980E-1
2024/10/13  09:35:37.915889	5.871054E-1
2024/10/13  09:35:37.915909	5.443591E-1
2024/10/13  09:35:37.915929	5.443591E-1
2024/10/13  09:35:37.915949	5.443591E-1
2024/10/13  09:35:37.915969	5.443591E-1
2024/10/13  09:35:37.915989	4.161202E-1
2024/10/13  09:35:37.916009	4.161202E-1
2024/10/13  09:35:37.916029	4.161202E-1
2024/10/13  09:35:37.916049	4.161202E-1
2024/10/13  09:35:37.916069	4.161202E-1
2024/10/13  09:35:37.916089	-2.678207E-1
2024/10/13  09:35:37.916109	-2.678207E-1
2024/10/13  09:35:37.916129	-2.678207E-1
2024/10/13  09:35:37.916149	-2.678207E-1
2024/10/13  09:35:37.916169	-2.678207E-1
2024/10/13  09:35:37.916189	-1.395818E-1
2024/10/13  09:35:37.916209	-1.395818E-1
2024/10/13  09:35:37.916229	-1.395818E-1
2024/10/13  09:35:37.916249	-1.395818E-1
2024/10/13  09:35:37.916269	-1.395818E-1
2024/10/13  09:35:37.916289	-1.134286E-2
2024/10/13  09:35:37.916309	-1.134286E-2
2024/10/13  09:35:37.916329	-1.134286E-2
2024/10/13  09:35:37.916349	-1.134286E-2
2024/10/13  09:35:37.916369	-1.134286E-2
2024/10/13  09:35:37.916389	1.168960E-1
2024/10/13  09:35:37.916409	1.168960E-1
2024/10/13  09:35:37.916429	1.168960E-1
2024/10/13  09:35:37.916449	1.168960E-1
2024/10/13  09:35:37.916469	1.168960E-1
2024/10/13  09:35:37.916489	2.451350E-1
2024/10/13  09:35:37.916509	2.451350E-1
2024/10/13  09:35:37.916529	2.878813E-1
2024/10/13  09:35:37.916549	2.878813E-1
2024/10/13  09:35:37.916569	2.451350E-1
2024/10/13  09:35:37.916589	-4.388059E-1
2024/10/13  09:35:37.916609	-3.960596E-1
2024/10/13  09:35:37.916629	-3.960596E-1
2024/10/13  09:35:37.916649	-3.960596E-1
2024/10/13  09:35:37.916669	-3.960596E-1
2024/10/13  09:35:37.916689	-5.670448E-1
2024/10/13  09:35:37.916709	-5.670448E-1
2024/10/13  09:35:37.916729	-5.670448E-1
2024/10/13  09:35:37.916749	-5.670448E-1
2024/10/13  09:35:37.916769	-5.670448E-1
2024/10/13  09:35:37.916789	-6.525374E-1
2024/10/13  09:35:37.916809	-6.952837E-1
2024/10/13  09:35:37.916829	-6.952837E-1
2024/10/13  09:35:37.916849	-6.952837E-1
2024/10/13  09:35:37.916869	-6.525374E-1
2024/10/13  09:35:37.916889	-8.235226E-1
2024/10/13  09:35:37.916909	-7.807763E-1
2024/10/13  09:35:37.916929	-8.235226E-1
2024/10/13  09:35:37.916949	-8.235226E-1
2024/10/13  09:35:37.916969	-8.235226E-1
2024/10/13  09:35:37.916989	-9.517615E-1
2024/10/13  09:35:37.917009	-9.517615E-1
2024/10/13  09:35:37.917029	-9.517615E-1
2024/10/13  09:35:37.917049	-9.517615E-1
2024/10/13  09:35:37.917069	-9.945078E-1
2024/10/13  09:35:37.917089	1.057315E+0
2024/10/13  09:35:37.917109	1.057315E+0
2024/10/13  09:35:37.917129	1.057315E+0
2024/10/13  09:35:37.917149	1.057315E+0
2024/10/13  09:35:37.917169	1.057315E+0
2024/10/13  09:35:37.917189	1.185554E+0
2024/10/13  09:35:37.917209	1.185554E+0
2024/10/13  09:35:37.917229	1.185554E+0
2024/10/13  09:35:37.917249	1.185554E+0
2024/10/13  09:35:37.917269	1.185554E+0
2024/10/13  09:35:37.917289	1.313792E+0
2024/10/13  09:35:37.917309	1.271046E+0
2024/10/13  09:35:37.917329	1.313792E+0
2024/10/13  09:35:37.917349	1.313792E+0
2024/10/13  09:35:37.917369	1.271046E+0
2024/10/13  09:35:37.917389	1.399285E+0
2024/10/13  09:35:37.917409	1.399285E+0
2024/10/13  09:35:37.917429	1.399285E+0
2024/10/13  09:35:37.917449	1.399285E+0
2024/10/13  09:35:37.917469	1.399285E+0
2024/10/13  09:35:37.917489	1.484778E+0
2024/10/13  09:35:37.917509	1.484778E+0
2024/10/13  09:35:37.917529	1.484778E+0
2024/10/13  09:35:37.917549	1.484778E+0
2024/10/13  09:35:37.917569	1.527524E+0
2024/10/13  09:35:37.917589	-1.592956E+0
2024/10/13  09:35:37.917609	-1.635702E+0
2024/10/13  09:35:37.917629	-1.635702E+0
2024/10/13  09:35:37.917649	-1.635702E+0
2024/10/13  09:35:37.917669	-1.635702E+0
2024/10/13  09:35:37.917689	-1.721195E+0
2024/10/13  09:35:37.917709	-1.678449E+0
2024/10/13  09:35:37.917729	-1.678449E+0
2024/10/13  09:35:37.917749	-1.721195E+0
2024/10/13  09:35:37.917769	-1.721195E+0
2024/10/13  09:35:37.917789	-1.763941E+0
2024/10/13  09:35:37.917809	-1.806688E+0
2024/10/13  09:35:37.917829	-1.806688E+0
2024/10/13  09:35:37.917849	-1.806688E+0
2024/10/13  09:35:37.917869	-1.806688E+0
2024/10/13  09:35:37.917889	-1.892180E+0
2024/10/13  09:35:37.917909	-1.849434E+0
2024/10/13  09:35:37.917929	-1.892180E+0
2024/10/13  09:35:37.917949	-1.849434E+0
2024/10/13  09:35:37.917969	-1.892180E+0
2024/10/13  09:35:37.917989	-1.977673E+0
2024/10/13  09:35:37.918009	-1.977673E+0
2024/10/13  09:35:37.918029	-1.977673E+0
2024/10/13  09:35:37.918049	-1.977673E+0
2024/10/13  09:35:37.918069	-1.977673E+0
2024/10/13  09:35:37.918089	1.954987E+0
2024/10/13  09:35:37.918109	1.997733E+0
2024/10/13  09:35:37.918129	1.997733E+0
2024/10/13  09:35:37.918149	1.997733E+0
2024/10/13  09:35:37.918169	1.997733E+0
2024/10/13  09:35:37.918189	2.040480E+0
2024/10/13  09:35:37.918209	2.040480E+0
2024/10/13  09:35:37.918229	2.083226E+0
2024/10/13  09:35:37.918249	2.040480E+0
2024/10/13  09:35:37.918269	2.083226E+0
2024/10/13  09:35:37.918289	2.125972E+0
2024/10/13  09:35:37.918309	2.125972E+0
2024/10/13  09:35:37.918329	2.083226E+0
2024/10/13  09:35:37.918349	2.083226E+0
2024/10/13  09:35:37.918369	2.083226E+0
2024/10/13  09:35:37.918389	2.125972E+0
2024/10/13  09:35:37.918409	2.125972E+0
2024/10/13  09:35:37.918429	2.125972E+0
2024/10/13  09:35:37.918449	2.125972E+0
2024/10/13  09:35:37.918469	2.125972E+0
2024/10/13  09:35:37.918489	2.168719E+0
2024/10/13  09:35:37.918509	2.168719E+0
2024/10/13  09:35:37.918529	2.168719E+0
2024/10/13  09:35:37.918549	2.168719E+0
2024/10/13  09:35:37.918569	2.168719E+0
2024/10/13  09:35:37.918589	-2.191404E+0
2024/10/13  09:35:37.918609	-2.191404E+0
2024/10/13  09:35:37.918629	-2.191404E+0
2024/10/13  09:35:37.918649	-2.234151E+0
2024/10/13  09:35:37.918669	-2.191404E+0
2024/10/13  09:35:37.918689	-2.191404E+0
2024/10/13  09:35:37.918709	-2.276897E+0
2024/10/13  09:35:37.918729	-2.234151E+0
2024/10/13  09:35:37.918749	-2.234151E+0
2024/10/13  09:35:37.918769	-2.234151E+0
2024/10/13  09:35:37.918789	-2.234151E+0
2024/10/13  09:35:37.918809	-2.276897E+0
2024/10/13  09:35:37.918829	-2.276897E+0
2024/10/13  09:35:37.918849	-2.234151E+0
2024/10/13  09:35:37.918869	-2.276897E+0
2024/10/13  09:35:37.918889	-2.234151E+0
2024/10/13  09:35:37.918909	-2.234151E+0
2024/10/13  09:35:37.918929	-2.234151E+0
2024/10/13  09:35:37.918949	-2.234151E+0
2024/10/13  09:35:37.918969	-2.234151E+0
2024/10/13  09:35:37.918989	-2.191404E+0
2024/10/13  09:35:37.919009	-2.234151E+0
2024/10/13  09:35:37.919029	-2.234151E+0
2024/10/13  09:35:37.919049	-2.234151E+0
2024/10/13  09:35:37.919069	-2.191404E+0
2024/10/13  09:35:37.919089	2.125972E+0
2024/10/13  09:35:37.919109	2.125972E+0
2024/10/13  09:35:37.919129	2.168719E+0
2024/10/13  09:35:37.919149	2.168719E+0
2024/10/13  09:35:37.919169	2.125972E+0
2024/10/13  09:35:37.919189	2.125972E+0
2024/10/13  09:35:37.919209	2.125972E+0
2024/10/13  09:35:37.919229	2.125972E+0
2024/10/13  09:35:37.919249	2.125972E+0
2024/10/13  09:35:37.919269	2.168719E+0
2024/10/13  09:35:37.919289	2.125972E+0
2024/10/13  09:35:37.919309	2.125972E+0
2024/10/13  09:35:37.919329	2.083226E+0
2024/10/13  09:35:37.919349	2.125972E+0
2024/10/13  09:35:37.919369	2.083226E+0
2024/10/13  09:35:37.919389	2.083226E+0
2024/10/13  09:35:37.919409	2.083226E+0
2024/10/13  09:35:37.919429	2.083226E+0
2024/10/13  09:35:37.919449	2.040480E+0
2024/10/13  09:35:37.919469	2.083226E+0
2024/10/13  09:35:37.919489	1.997733E+0
2024/10/13  09:35:37.919509	1.997733E+0
2024/10/13  09:35:37.919529	1.997733E+0
2024/10/13  09:35:37.919549	1.997733E+0
2024/10/13  09:35:37.919569	1.997733E+0
2024/10/13  09:35:37.919589	-1.934926E+0
2024/10/13  09:35:37.919609	-1.977673E+0
2024/10/13  09:35:37.919629	-1.977673E+0
2024/10/13  09:35:37.919649	-1.977673E+0
2024/10/13  09:35:37.919669	-1.977673E+0
2024/10/13  09:35:37.919689	-1.849434E+0
2024/10/13  09:35:37.919709	-1.849434E+0
2024/10/13  09:35:37.919729	-1.849434E+0
2024/10/13  09:35:37.919749	-1.849434E+0
2024/10/13  09:35:37.919769	-1.849434E+0
2024/10/13  09:35:37.919789	-1.806688E+0
2024/10/13  09:35:37.919809	-1.806688E+0
2024/10/13  09:35:37.919829	-1.806688E+0
2024/10/13  09:35:37.919849	-1.806688E+0
2024/10/13  09:35:37.919869	-1.806688E+0
2024/10/13  09:35:37.919889	-1.763941E+0
2024/10/13  09:35:37.919909	-1.763941E+0
2024/10/13  09:35:37.919929	-1.721195E+0
2024/10/13  09:35:37.919949	-1.721195E+0
2024/10/13  09:35:37.919969	-1.721195E+0
2024/10/13  09:35:37.919989	-1.635702E+0
2024/10/13  09:35:37.920009	-1.635702E+0
2024/10/13  09:35:37.920029	-1.635702E+0
2024/10/13  09:35:37.920049	-1.635702E+0
2024/10/13  09:35:37.920069	-1.635702E+0
2024/10/13  09:35:37.920089	1.484778E+0
2024/10/13  09:35:37.920109	1.484778E+0
2024/10/13  09:35:37.920129	1.484778E+0
2024/10/13  09:35:37.920149	1.484778E+0
2024/10/13  09:35:37.920169	1.484778E+0
2024/10/13  09:35:37.920189	1.399285E+0
2024/10/13  09:35:37.920209	1.442031E+0
2024/10/13  09:35:37.920229	1.399285E+0
2024/10/13  09:35:37.920249	1.399285E+0
2024/10/13  09:35:37.920269	1.442031E+0
2024/10/13  09:35:37.920289	1.271046E+0
2024/10/13  09:35:37.920309	1.313792E+0
2024/10/13  09:35:37.920329	1.313792E+0
2024/10/13  09:35:37.920349	1.313792E+0
2024/10/13  09:35:37.920369	1.313792E+0
2024/10/13  09:35:37.920389	1.142807E+0
2024/10/13  09:35:37.920409	1.185554E+0
2024/10/13  09:35:37.920429	1.185554E+0
2024/10/13  09:35:37.920449	1.185554E+0
2024/10/13  09:35:37.920469	1.185554E+0
2024/10/13  09:35:37.920489	1.100061E+0
2024/10/13  09:35:37.920509	1.057315E+0
2024/10/13  09:35:37.920529	1.057315E+0
2024/10/13  09:35:37.920549	1.057315E+0
2024/10/13  09:35:37.920569	1.057315E+0
2024/10/13  09:35:37.920589	-9.517615E-1
2024/10/13  09:35:37.920609	-9.517615E-1
2024/10/13  09:35:37.920629	-9.517615E-1
2024/10/13  09:35:37.920649	-9.945078E-1
2024/10/13  09:35:37.920669	-9.090152E-1
2024/10/13  09:35:37.920689	-7.807763E-1
2024/10/13  09:35:37.920709	-8.235226E-1
2024/10/13  09:35:37.920729	-8.235226E-1
2024/10/13  09:35:37.920749	-8.235226E-1
2024/10/13  09:35:37.920769	-8.235226E-1
2024/10/13  09:35:37.920789	-6.952837E-1
2024/10/13  09:35:37.920809	-6.952837E-1
2024/10/13  09:35:37.920829	-6.952837E-1
2024/10/13  09:35:37.920849	-6.952837E-1
2024/10/13  09:35:37.920869	-6.952837E-1
2024/10/13  09:35:37.920889	-5.670448E-1
2024/10/13  09:35:37.920909	-5.670448E-1
2024/10/13  09:35:37.920929	-5.670448E-1
2024/10/13  09:35:37.920949	-5.670448E-1
2024/10/13  09:35:37.920969	-5.670448E-1
2024/10/13  09:35:37.920989	-4.388059E-1
2024/10/13  09:35:37.921009	-4.388059E-1
2024/10/13  09:35:37.921029	-3.960596E-1
2024/10/13  09:35:37.921049	-3.960596E-1
2024/10/13  09:35:37.921069	-3.960596E-1
2024/10/13  09:35:37.921089	2.878813E-1
2024/10/13  09:35:37.921109	2.878813E-1
2024/10/13  09:35:37.921129	2.878813E-1
2024/10/13  09:35:37.921149	2.878813E-1
2024/10/13  09:35:37.921169	2.451350E-1
2024/10/13  09:35:37.921189	1.168960E-1
2024/10/13  09:35:37.921209	1.168960E-1
2024/10/13  09:35:37.921229	1.168960E-1
2024/10/13  09:35:37.921249	1.168960E-1
2024/10/13  09:35:37.921269	1.168960E-1
2024/10/13  09:35:37.921289	3.140344E-2
2024/10/13  09:35:37.921309	-1.134286E-2
2024/10/13  09:35:37.921329	-1.134286E-2
2024/10/13  09:35:37.921349	-1.134286E-2
2024/10/13  09:35:37.921369	-1.134286E-2
2024/10/13  09:35:37.921389	-1.395818E-1
2024/10/13  09:35:37.921409	-1.395818E-1
2024/10/13  09:35:37.921429	-1.395818E-1
2024/10/13  09:35:37.921449	-1.395818E-1
2024/10/13  09:35:37.921469	-1.395818E-1
2024/10/13  09:35:37.921489	-3.105670E-1
2024/10/13  09:35:37.921509	-3.105670E-1
2024/10/13  09:35:37.921529	-2.678207E-1
2024/10/13  09:35:37.921549	-2.678207E-1
2024/10/13  09:35:37.921569	-2.678207E-1
2024/10/13  09:35:37.921589	4.161202E-1
2024/10/13  09:35:37.921609	4.161202E-1
2024/10/13  09:35:37.921629	4.161202E-1
2024/10/13  09:35:37.921649	4.161202E-1
2024/10/13  09:35:37.921669	4.161202E-1
2024/10/13  09:35:37.921689	5.443591E-1
2024/10/13  09:35:37.921709	5.443591E-1
2024/10/13  09:35:37.921729	5.871054E-1
2024/10/13  09:35:37.921749	5.443591E-1
2024/10/13  09:35:37.921769	5.443591E-1
2024/10/13  09:35:37.921789	7.153443E-1
2024/10/13  09:35:37.921809	7.153443E-1
2024/10/13  09:35:37.921829	7.153443E-1
2024/10/13  09:35:37.921849	7.153443E-1
2024/10/13  09:35:37.921869	6.725980E-1
2024/10/13  09:35:37.921889	8.008369E-1
2024/10/13  09:35:37.921909	8.008369E-1
2024/10/13  09:35:37.921929	8.008369E-1
2024/10/13  09:35:37.921949	8.008369E-1
2024/10/13  09:35:37.921969	8.008369E-1
2024/10/13  09:35:37.921989	9.290758E-1
2024/10/13  09:35:37.922009	9.718221E-1
2024/10/13  09:35:37.922029	9.718221E-1
2024/10/13  09:35:37.922049	9.290758E-1
2024/10/13  09:35:37.922069	9.718221E-1
2024/10/13  09:35:37.922089	-1.080000E+0
2024/10/13  09:35:37.922109	-1.080000E+0
2024/10/13  09:35:37.922129	-1.080000E+0
2024/10/13  09:35:37.922149	-1.080000E+0
2024/10/13  09:35:37.922169	-1.037254E+0
2024/10/13  09:35:37.922189	-1.208239E+0
2024/10/13  09:35:37.922209	-1.208239E+0
2024/10/13  09:35:37.922229	-1.165493E+0
2024/10/13  09:35:37.922249	-1.165493E+0
2024/10/13  09:35:37.922269	-1.208239E+0
2024/10/13  09:35:37.922289	-1.293732E+0
2024/10/13  09:35:37.922309	-1.293732E+0
2024/10/13  09:35:37.922329	-1.293732E+0
2024/10/13  09:35:37.922349	-1.336478E+0
2024/10/13  09:35:37.922369	-1.336478E+0
2024/10/13  09:35:37.922389	-1.421971E+0
2024/10/13  09:35:37.922409	-1.421971E+0
2024/10/13  09:35:37.922429	-1.421971E+0
2024/10/13  09:35:37.922449	-1.421971E+0
2024/10/13  09:35:37.922469	-1.421971E+0
2024/10/13  09:35:37.922489	-1.507463E+0
2024/10/13  09:35:37.922509	-1.507463E+0
2024/10/13  09:35:37.922529	-1.507463E+0
2024/10/13  09:35:37.922549	-1.507463E+0
2024/10/13  09:35:37.922569	-1.507463E+0
2024/10/13  09:35:37.922589	1.613017E+0
2024/10/13  09:35:37.922609	1.613017E+0
2024/10/13  09:35:37.922629	1.655763E+0
2024/10/13  09:35:37.922649	1.655763E+0
2024/10/13  09:35:37.922669	1.655763E+0
2024/10/13  09:35:37.922689	1.741256E+0
2024/10/13  09:35:37.922709	1.698509E+0
2024/10/13  09:35:37.922729	1.741256E+0
2024/10/13  09:35:37.922749	1.741256E+0
2024/10/13  09:35:37.922769	1.741256E+0
2024/10/13  09:35:37.922789	1.826748E+0
2024/10/13  09:35:37.922809	1.826748E+0
2024/10/13  09:35:37.922829	1.826748E+0
2024/10/13  09:35:37.922849	1.826748E+0
2024/10/13  09:35:37.922869	1.784002E+0
2024/10/13  09:35:37.922889	1.869494E+0
2024/10/13  09:35:37.922909	1.912241E+0
2024/10/13  09:35:37.922929	1.912241E+0
2024/10/13  09:35:37.922949	1.912241E+0
2024/10/13  09:35:37.922969	1.912241E+0
2024/10/13  09:35:37.922989	1.954987E+0
2024/10/13  09:35:37.923009	1.954987E+0
2024/10/13  09:35:37.923029	1.954987E+0
2024/10/13  09:35:37.923049	1.954987E+0
2024/10/13  09:35:37.923069	1.954987E+0
2024/10/13  09:35:37.923089	-1.977673E+0
2024/10/13  09:35:37.923109	-2.020419E+0
2024/10/13  09:35:37.923129	-1.977673E+0
2024/10/13  09:35:37.923149	-2.020419E+0
2024/10/13  09:35:37.923169	-2.020419E+0
2024/10/13  09:35:37.923189	-2.063165E+0
2024/10/13  09:35:37.923209	-2.020419E+0
2024/10/13  09:35:37.923229	-2.063165E+0
2024/10/13  09:35:37.923249	-2.063165E+0
2024/10/13  09:35:37.923269	-2.063165E+0
2024/10/13  09:35:37.923289	-2.105912E+0
2024/10/13  09:35:37.923309	-2.105912E+0
2024/10/13  09:35:37.923329	-2.105912E+0
2024/10/13  09:35:37.923349	-2.105912E+0
2024/10/13  09:35:37.923369	-2.105912E+0
2024/10/13  09:35:37.923389	-2.148658E+0
2024/10/13  09:35:37.923409	-2.148658E+0
2024/10/13  09:35:37.923429	-2.148658E+0
2024/10/13  09:35:37.923449	-2.148658E+0
2024/10/13  09:35:37.923469	-2.148658E+0
2024/10/13  09:35:37.923489	-2.191404E+0
2024/10/13  09:35:37.923509	-2.191404E+0
2024/10/13  09:35:37.923529	-2.191404E+0
2024/10/13  09:35:37.923549	-2.191404E+0
2024/10/13  09:35:37.923569	-2.191404E+0
2024/10/13  09:35:37.923589	2.211465E+0
2024/10/13  09:35:37.923609	2.211465E+0
2024/10/13  09:35:37.923629	2.254211E+0
2024/10/13  09:35:37.923649	2.254211E+0
2024/10/13  09:35:37.923669	2.211465E+0
2024/10/13  09:35:37.923689	2.254211E+0
2024/10/13  09:35:37.923709	2.254211E+0
2024/10/13  09:35:37.923729	2.254211E+0
2024/10/13  09:35:37.923749	2.254211E+0
2024/10/13  09:35:37.923769	2.254211E+0
2024/10/13  09:35:37.923789	2.254211E+0
2024/10/13  09:35:37.923809	2.254211E+0
2024/10/13  09:35:37.923829	2.254211E+0
2024/10/13  09:35:37.923849	2.254211E+0
2024/10/13  09:35:37.923869	2.254211E+0
2024/10/13  09:35:37.923889	2.254211E+0
2024/10/13  09:35:37.923909	2.254211E+0
2024/10/13  09:35:37.923929	2.254211E+0
2024/10/13  09:35:37.923949	2.254211E+0
2024/10/13  09:35:37.923969	2.254211E+0
2024/10/13  09:35:37.923989	2.168719E+0
2024/10/13  09:35:37.924009	2.168719E+0
2024/10/13  09:35:37.924029	2.211465E+0
2024/10/13  09:35:37.924049	2.254211E+0
2024/10/13  09:35:37.924069	2.254211E+0
2024/10/13  09:35:37.924089	-2.148658E+0
2024/10/13  09:35:37.924109	-2.148658E+0
2024/10/13  09:35:37.924129	-2.191404E+0
2024/10/13  09:35:37.924149	-2.191404E+0
2024/10/13  09:35:37.924169	-2.148658E+0
2024/10/13  09:35:37.924189	-2.148658E+0
2024/10/13  09:35:37.924209	-2.105912E+0
2024/10/13  09:35:37.924229	-2.148658E+0
2024/10/13  09:35:37.924249	-2.191404E+0
2024/10/13  09:35:37.924269	-2.148658E+0
2024/10/13  09:35:37.924289	-2.105912E+0
2024/10/13  09:35:37.924309	-2.105912E+0
2024/10/13  09:35:37.924329	-2.148658E+0
2024/10/13  09:35:37.924349	-2.105912E+0
2024/10/13  09:35:37.924369	-2.148658E+0
2024/10/13  09:35:37.924389	-2.105912E+0
2024/10/13  09:35:37.924409	-2.063165E+0
2024/10/13  09:35:37.924429	-2.063165E+0
2024/10/13  09:35:37.924449	-2.063165E+0
2024/10/13  09:35:37.924469	-2.105912E+0
2024/10/13  09:35:37.924489	-2.020419E+0
2024/10/13  09:35:37.924509	-2.020419E+0
2024/10/13  09:35:37.924529	-2.020419E+0
2024/10/13  09:35:37.924549	-1.977673E+0
2024/10/13  09:35:37.924569	-2.020419E+0
2024/10/13  09:35:37.924589	1.912241E+0
2024/10/13  09:35:37.924609	1.954987E+0
2024/10/13  09:35:37.924629	1.912241E+0
2024/10/13  09:35:37.924649	1.954987E+0
2024/10/13  09:35:37.924669	1.954987E+0
2024/10/13  09:35:37.924689	1.869494E+0
2024/10/13  09:35:37.924709	1.912241E+0
2024/10/13  09:35:37.924729	1.912241E+0
2024/10/13  09:35:37.924749	1.912241E+0
2024/10/13  09:35:37.924769	1.912241E+0
2024/10/13  09:35:37.924789	1.826748E+0
2024/10/13  09:35:37.924809	1.784002E+0
2024/10/13  09:35:37.924829	1.826748E+0
2024/10/13  09:35:37.924849	1.826748E+0
2024/10/13  09:35:37.924869	1.784002E+0
2024/10/13  09:35:37.924889	1.741256E+0
2024/10/13  09:35:37.924909	1.741256E+0
2024/10/13  09:35:37.924929	1.741256E+0
2024/10/13  09:35:37.924949	1.741256E+0
2024/10/13  09:35:37.924969	1.741256E+0
2024/10/13  09:35:37.924989	1.655763E+0
2024/10/13  09:35:37.925009	1.655763E+0
2024/10/13  09:35:37.925029	1.655763E+0
2024/10/13  09:35:37.925049	1.655763E+0
2024/10/13  09:35:37.925069	1.655763E+0
2024/10/13  09:35:37.925089	-1.507463E+0
2024/10/13  09:35:37.925109	-1.507463E+0
2024/10/13  09:35:37.925129	-1.507463E+0
2024/10/13  09:35:37.925149	-1.507463E+0
2024/10/13  09:35:37.925169	-1.507463E+0
2024/10/13  09:35:37.925189	-1.421971E+0
2024/10/13  09:35:37.925209	-1.421971E+0
2024/10/13  09:35:37.925229	-1.421971E+0
2024/10/13  09:35:37.925249	-1.421971E+0
2024/10/13  09:35:37.925269	-1.421971E+0
2024/10/13  09:35:37.925289	-1.293732E+0
2024/10/13  09:35:37.925309	-1.293732E+0
2024/10/13  09:35:37.925329	-1.336478E+0
2024/10/13  09:35:37.925349	-1.336478E+0
2024/10/13  09:35:37.925369	-1.293732E+0
2024/10/13  09:35:37.925389	-1.208239E+0
2024/10/13  09:35:37.925409	-1.165493E+0
2024/10/13  09:35:37.925429	-1.165493E+0
2024/10/13  09:35:37.925449	-1.208239E+0
2024/10/13  09:35:37.925469	-1.208239E+0
2024/10/13  09:35:37.925489	-1.080000E+0
2024/10/13  09:35:37.925509	-1.080000E+0
2024/10/13  09:35:37.925529	-1.080000E+0
2024/10/13  09:35:37.925549	-1.080000E+0
2024/10/13  09:35:37.925569	-1.037254E+0
2024/10/13  09:35:37.925589	9.290758E-1
2024/10/13  09:35:37.925609	9.290758E-1
2024/10/13  09:35:37.925629	9.290758E-1
2024/10/13  09:35:37.925649	9.718221E-1
2024/10/13  09:35:37.925669	9.718221E-1
2024/10/13  09:35:37.925689	8.008369E-1
2024/10/13  09:35:37.925709	8.435832E-1
2024/10/13  09:35:37.925729	8.008369E-1
2024/10/13  09:35:37.925749	8.008369E-1
2024/10/13  09:35:37.925769	8.008369E-1
2024/10/13  09:35:37.925789	7.153443E-1
2024/10/13  09:35:37.925809	7.153443E-1
2024/10/13  09:35:37.925829	7.153443E-1
2024/10/13  09:35:37.925849	7.153443E-1
2024/10/13  09:35:37.925869	6.725980E-1
2024/10/13  09:35:37.925889	5.443591E-1
2024/10/13  09:35:37.925909	5.443591E-1
2024/10/13  09:35:37.925929	5.443591E-1
2024/10/13  09:35:37.925949	5.443591E-1
2024/10/13  09:35:37.925969	5.443591E-1
2024/10/13  09:35:37.925989	4.161202E-1
2024/10/13  09:35:37.926009	4.161202E-1
2024/10/13  09:35:37.926029	4.161202E-1
2024/10/13  09:35:37.926049	4.161202E-1
2024/10/13  09:35:37.926069	4.161202E-1
2024/10/13  09:35:37.926089	-2.678207E-1
2024/10/13  09:35:37.926109	-2.678207E-1
2024/10/13  09:35:37.926129	-2.678207E-1
2024/10/13  09:35:37.926149	-2.678207E-1
2024/10/13  09:35:37.926169	-2.678207E-1
2024/10/13  09:35:37.926189	-1.395818E-1
2024/10/13  09:35:37.926209	-1.395818E-1
2024/10/13  09:35:37.926229	-1.395818E-1
2024/10/13  09:35:37.926249	-1.395818E-1
2024/10/13  09:35:37.926269	-1.395818E-1
2024/10/13  09:35:37.926289	-1.134286E-2
2024/10/13  09:35:37.926309	-1.134286E-2
2024/10/13  09:35:37.926329	-1.134286E-2
2024/10/13  09:35:37.926349	-1.134286E-2
2024/10/13  09:35:37.926369	-1.134286E-2
2024/10/13  09:35:37.926389	1.168960E-1
2024/10/13  09:35:37.926409	1.168960E-1
2024/10/13  09:35:37.926429	1.168960E-1
2024/10/13  09:35:37.926449	1.168960E-1
2024/10/13  09:35:37.926469	1.168960E-1
2024/10/13  09:35:37.926489	2.451350E-1
2024/10/13  09:35:37.926509	2.451350E-1
2024/10/13  09:35:37.926529	2.878813E-1
2024/10/13  09:35:37.926549	2.451350E-1
2024/10/13  09:35:37.926569	2.451350E-1
2024/10/13  09:35:37.926589	-4.388059E-1
2024/10/13  09:35:37.926609	-4.388059E-1
2024/10/13  09:35:37.926629	-4.388059E-1
2024/10/13  09:35:37.926649	-3.960596E-1
2024/10/13  09:35:37.926669	-4.388059E-1
2024/10/13  09:35:37.926689	-5.670448E-1
2024/10/13  09:35:37.926709	-5.670448E-1
2024/10/13  09:35:37.926729	-5.670448E-1
2024/10/13  09:35:37.926749	-5.670448E-1
2024/10/13  09:35:37.926769	-5.670448E-1
2024/10/13  09:35:37.926789	-6.952837E-1
2024/10/13  09:35:37.926809	-6.952837E-1
2024/10/13  09:35:37.926829	-6.952837E-1
2024/10/13  09:35:37.926849	-6.525374E-1
2024/10/13  09:35:37.926869	-6.952837E-1
2024/10/13  09:35:37.926889	-7.807763E-1
2024/10/13  09:35:37.926909	-7.807763E-1
2024/10/13  09:35:37.926929	-8.235226E-1
2024/10/13  09:35:37.926949	-8.235226E-1
2024/10/13  09:35:37.926969	-8.235226E-1
2024/10/13  09:35:37.926989	-9.517615E-1
2024/10/13  09:35:37.927009	-9.517615E-1
2024/10/13  09:35:37.927029	-9.517615E-1
2024/10/13  09:35:37.927049	-9.517615E-1
2024/10/13  09:35:37.927069	-9.090152E-1
2024/10/13  09:35:37.927089	1.057315E+0
2024/10/13  09:35:37.927109	1.057315E+0
2024/10/13  09:35:37.927129	1.057315E+0
2024/10/13  09:35:37.927149	1.057315E+0
2024/10/13  09:35:37.927169	1.057315E+0
2024/10/13  09:35:37.927189	1.185554E+0
2024/10/13  09:35:37.927209	1.185554E+0
2024/10/13  09:35:37.927229	1.185554E+0
2024/10/13  09:35:37.927249	1.185554E+0
2024/10/13  09:35:37.927269	1.228300E+0
2024/10/13  09:35:37.927289	1.313792E+0
2024/10/13  09:35:37.927309	1.313792E+0
2024/10/13  09:35:37.927329	1.271046E+0
2024/10/13  09:35:37.927349	1.313792E+0
2024/10/13  09:35:37.927369	1.313792E+0
2024/10/13  09:35:37.927389	1.399285E+0
2024/10/13  09:35:37.927409	1.399285E+0
2024/10/13  09:35:37.927429	1.399285E+0
2024/10/13  09:35:37.927449	1.399285E+0
2024/10/13  09:35:37.927469	1.442031E+0
2024/10/13  09:35:37.927489	1.484778E+0
2024/10/13  09:35:37.927509	1.527524E+0
2024/10/13  09:35:37.927529	1.484778E+0
2024/10/13  09:35:37.927549	1.527524E+0
2024/10/13  09:35:37.927569	1.484778E+0
2024/10/13  09:35:37.927589	-1.635702E+0
2024/10/13  09:35:37.927609	-1.635702E+0
2024/10/13  09:35:37.927629	-1.635702E+0
2024/10/13  09:35:37.927649	-1.678449E+0
2024/10/13  09:35:37.927669	-1.635702E+0
2024/10/13  09:35:37.927689	-1.721195E+0
2024/10/13  09:35:37.927709	-1.678449E+0
2024/10/13  09:35:37.927729	-1.721195E+0
2024/10/13  09:35:37.927749	-1.721195E+0
2024/10/13  09:35:37.927769	-1.678449E+0
2024/10/13  09:35:37.927789	-1.763941E+0
2024/10/13  09:35:37.927809	-1.806688E+0
2024/10/13  09:35:37.927829	-1.806688E+0
2024/10/13  09:35:37.927849	-1.806688E+0
2024/10/13  09:35:37.927869	-1.806688E+0
2024/10/13  09:35:37.927889	-1.892180E+0
2024/10/13  09:35:37.927909	-1.892180E+0
2024/10/13  09:35:37.927929	-1.892180E+0
2024/10/13  09:35:37.927949	-1.849434E+0
2024/10/13  09:35:37.927969	-1.849434E+0
2024/10/13  09:35:37.927989	-1.934926E+0
2024/10/13  09:35:37.928009	-1.977673E+0
2024/10/13  09:35:37.928029	-1.934926E+0
2024/10/13  09:35:37.928049	-1.977673E+0
2024/10/13  09:35:37.928069	-1.977673E+0
2024/10/13  09:35:37.928089	1.954987E+0
2024/10/13  09:35:37.928109	1.997733E+0
2024/10/13  09:35:37.928129	1.997733E+0
2024/10/13  09:35:37.928149	1.997733E+0
2024/10/13  09:35:37.928169	1.997733E+0
2024/10/13  09:35:37.928189	2.040480E+0
2024/10/13  09:35:37.928209	2.040480E+0
2024/10/13  09:35:37.928229	2.040480E+0
2024/10/13  09:35:37.928249	2.083226E+0
2024/10/13  09:35:37.928269	2.040480E+0
2024/10/13  09:35:37.928289	2.125972E+0
2024/10/13  09:35:37.928309	2.125972E+0
2024/10/13  09:35:37.928329	2.083226E+0
2024/10/13  09:35:37.928349	2.083226E+0
2024/10/13  09:35:37.928369	2.125972E+0
2024/10/13  09:35:37.928389	2.125972E+0
2024/10/13  09:35:37.928409	2.125972E+0
2024/10/13  09:35:37.928429	2.125972E+0
2024/10/13  09:35:37.928449	2.125972E+0
2024/10/13  09:35:37.928469	2.125972E+0
2024/10/13  09:35:37.928489	2.168719E+0
2024/10/13  09:35:37.928509	2.168719E+0
2024/10/13  09:35:37.928529	2.168719E+0
2024/10/13  09:35:37.928549	2.168719E+0
2024/10/13  09:35:37.928569	2.168719E+0
2024/10/13  09:35:37.928589	-2.191404E+0
2024/10/13  09:35:37.928609	-2.191404E+0
2024/10/13  09:35:37.928629	-2.191404E+0
2024/10/13  09:35:37.928649	-2.234151E+0
2024/10/13  09:35:37.928669	-2.234151E+0
2024/10/13  09:35:37.928689	-2.234151E+0
2024/10/13  09:35:37.928709	-2.234151E+0
2024/10/13  09:35:37.928729	-2.234151E+0
2024/10/13  09:35:37.928749	-2.234151E+0
2024/10/13  09:35:37.928769	-2.234151E+0
2024/10/13  09:35:37.928789	-2.234151E+0
2024/10/13  09:35:37.928809	-2.234151E+0
2024/10/13  09:35:37.928829	-2.191404E+0
2024/10/13  09:35:37.928849	-2.234151E+0
2024/10/13  09:35:37.928869	-2.276897E+0
2024/10/13  09:35:37.928889	-2.234151E+0
2024/10/13  09:35:37.928909	-2.234151E+0
2024/10/13  09:35:37.928929	-2.234151E+0
2024/10/13  09:35:37.928949	-2.234151E+0
2024/10/13  09:35:37.928969	-2.234151E+0
2024/10/13  09:35:37.928989	-2.234151E+0
2024/10/13  09:35:37.929009	-2.191404E+0
2024/10/13  09:35:37.929029	-2.191404E+0
2024/10/13  09:35:37.929049	-2.191404E+0
2024/10/13  09:35:37.929069	-2.234151E+0
2024/10/13  09:35:37.929089	2.125972E+0
2024/10/13  09:35:37.929109	2.125972E+0
2024/10/13  09:35:37.929129	2.168719E+0
2024/10/13  09:35:37.929149	2.168719E+0
2024/10/13  09:35:37.929169	2.168719E+0
2024/10/13  09:35:37.929189	2.125972E+0
2024/10/13  09:35:37.929209	2.125972E+0
2024/10/13  09:35:37.929229	2.125972E+0
2024/10/13  09:35:37.929249	2.125972E+0
2024/10/13  09:35:37.929269	2.168719E+0
2024/10/13  09:35:37.929289	2.125972E+0
2024/10/13  09:35:37.929309	2.083226E+0
2024/10/13  09:35:37.929329	2.125972E+0
2024/10/13  09:35:37.929349	2.125972E+0
2024/10/13  09:35:37.929369	2.083226E+0
2024/10/13  09:35:37.929389	2.083226E+0
2024/10/13  09:35:37.929409	2.040480E+0
2024/10/13  09:35:37.929429	2.083226E+0
2024/10/13  09:35:37.929449	2.083226E+0
2024/10/13  09:35:37.929469	2.040480E+0
2024/10/13  09:35:37.929489	1.997733E+0
2024/10/13  09:35:37.929509	1.997733E+0
2024/10/13  09:35:37.929529	1.997733E+0
2024/10/13  09:35:37.929549	1.997733E+0
2024/10/13  09:35:37.929569	1.997733E+0
2024/10/13  09:35:37.929589	-1.934926E+0
2024/10/13  09:35:37.929609	-1.934926E+0
2024/10/13  09:35:37.929629	-1.934926E+0
2024/10/13  09:35:37.929649	-1.977673E+0
2024/10/13  09:35:37.929669	-1.934926E+0
2024/10/13  09:35:37.929689	-1.892180E+0
2024/10/13  09:35:37.929709	-1.892180E+0
2024/10/13  09:35:37.929729	-1.892180E+0
2024/10/13  09:35:37.929749	-1.934926E+0
2024/10/13  09:35:37.929769	-1.892180E+0
2024/10/13  09:35:37.929789	-1.806688E+0
2024/10/13  09:35:37.929809	-1.806688E+0
2024/10/13  09:35:37.929829	-1.806688E+0
2024/10/13  09:35:37.929849	-1.806688E+0
2024/10/13  09:35:37.929869	-1.806688E+0
2024/10/13  09:35:37.929889	-1.721195E+0
2024/10/13  09:35:37.929909	-1.721195E+0
2024/10/13  09:35:37.929929	-1.678449E+0
2024/10/13  09:35:37.929949	-1.678449E+0
2024/10/13  09:35:37.929969	-1.678449E+0
2024/10/13  09:35:37.929989	-1.635702E+0
2024/10/13  09:35:37.930009	-1.635702E+0
2024/10/13  09:35:37.930029	-1.635702E+0
2024/10/13  09:35:37.930049	-1.635702E+0
2024/10/13  09:35:37.930069	-1.635702E+0
2024/10/13  09:35:37.930089	1.484778E+0
2024/10/13  09:35:37.930109	1.527524E+0
2024/10/13  09:35:37.930129	1.484778E+0
2024/10/13  09:35:37.930149	1.484778E+0
2024/10/13  09:35:37.930169	1.484778E+0
2024/10/13  09:35:37.930189	1.399285E+0
2024/10/13  09:35:37.930209	1.399285E+0
2024/10/13  09:35:37.930229	1.399285E+0
2024/10/13  09:35:37.930249	1.399285E+0
2024/10/13  09:35:37.930269	1.399285E+0
2024/10/13  09:35:37.930289	1.313792E+0
2024/10/13  09:35:37.930309	1.313792E+0
2024/10/13  09:35:37.930329	1.313792E+0
2024/10/13  09:35:37.930349	1.313792E+0
2024/10/13  09:35:37.930369	1.313792E+0
2024/10/13  09:35:37.930389	1.142807E+0
2024/10/13  09:35:37.930409	1.185554E+0
2024/10/13  09:35:37.930429	1.185554E+0
2024/10/13  09:35:37.930449	1.185554E+0
2024/10/13  09:35:37.930469	1.185554E+0
2024/10/13  09:35:37.930489	1.057315E+0
2024/10/13  09:35:37.930509	1.057315E+0
2024/10/13  09:35:37.930529	1.057315E+0
2024/10/13  09:35:37.930549	1.057315E+0
2024/10/13  09:35:37.930569	1.057315E+0
2024/10/13  09:35:37.930589	-9.517615E-1
2024/10/13  09:35:37.930609	-9.517615E-1
2024/10/13  09:35:37.930629	-9.517615E-1
2024/10/13  09:35:37.930649	-9.517615E-1
2024/10/13  09:35:37.930669	-9.945078E-1
2024/10/13  09:35:37.930689	-8.235226E-1
2024/10/13  09:35:37.930709	-7.807763E-1
2024/10/13  09:35:37.930729	-7.807763E-1
2024/10/13  09:35:37.930749	-7.807763E-1
2024/10/13  09:35:37.930769	-8.235226E-1
2024/10/13  09:35:37.930789	-6.952837E-1
2024/10/13  09:35:37.930809	-6.952837E-1
2024/10/13  09:35:37.930829	-6.525374E-1
2024/10/13  09:35:37.930849	-6.952837E-1
2024/10/13  09:35:37.930869	-7.380300E-1
2024/10/13  09:35:37.930889	-5.670448E-1
2024/10/13  09:35:37.930909	-6.097911E-1
2024/10/13  09:35:37.930929	-5.670448E-1
2024/10/13  09:35:37.930949	-5.670448E-1
2024/10/13  09:35:37.930969	-5.670448E-1
2024/10/13  09:35:37.930989	-4.388059E-1
2024/10/13  09:35:37.931009	-4.388059E-1
2024/10/13  09:35:37.931029	-4.388059E-1
2024/10/13  09:35:37.931049	-3.960596E-1
2024/10/13  09:35:37.931069	-4.388059E-1
2024/10/13  09:35:37.931089	2.878813E-1
2024/10/13  09:35:37.931109	2.878813E-1
2024/10/13  09:35:37.931129	2.878813E-1
2024/10/13  09:35:37.931149	2.878813E-1
2024/10/13  09:35:37.931169	2.878813E-1
2024/10/13  09:35:37.931189	1.168960E-1
2024/10/13  09:35:37.931209	1.168960E-1
2024/10/13  09:35:37.931229	1.168960E-1
2024/10/13  09:35:37.931249	1.168960E-1
2024/10/13  09:35:37.931269	1.168960E-1
2024/10/13  09:35:37.931289	-1.134286E-2
2024/10/13  09:35:37.931309	-1.134286E-2
2024/10/13  09:35:37.931329	3.140344E-2
2024/10/13  09:35:37.931349	-1.134286E-2
2024/10/13  09:35:37.931369	-1.134286E-2
2024/10/13  09:35:37.931389	-1.395818E-1
2024/10/13  09:35:37.931409	-1.395818E-1
2024/10/13  09:35:37.931429	-1.395818E-1
2024/10/13  09:35:37.931449	-1.395818E-1
2024/10/13  09:35:37.931469	-1.395818E-1
2024/10/13  09:35:37.931489	-2.250744E-1
2024/10/13  09:35:37.931509	-2.678207E-1
2024/10/13  09:35:37.931529	-2.678207E-1
2024/10/13  09:35:37.931549	-2.678207E-1
2024/10/13  09:35:37.931569	-2.678207E-1
2024/10/13  09:35:37.931589	4.161202E-1
2024/10/13  09:35:37.931609	4.161202E-1
2024/10/13  09:35:37.931629	4.161202E-1
2024/10/13  09:35:37.931649	4.161202E-1
2024/10/13  09:35:37.931669	4.161202E-1
2024/10/13  09:35:37.931689	5.871054E-1
2024/10/13  09:35:37.931709	5.443591E-1
2024/10/13  09:35:37.931729	5.443591E-1
2024/10/13  09:35:37.931749	5.871054E-1
2024/10/13  09:35:37.931769	5.443591E-1
2024/10/13  09:35:37.931789	6.725980E-1
2024/10/13  09:35:37.931809	6.725980E-1
2024/10/13  09:35:37.931829	6.725980E-1
2024/10/13  09:35:37.931849	6.725980E-1
2024/10/13  09:35:37.931869	6.725980E-1
2024/10/13  09:35:37.931889	8.435832E-1
2024/10/13  09:35:37.931909	8.008369E-1
2024/10/13  09:35:37.931929	8.008369E-1
2024/10/13  09:35:37.931949	8.008369E-1
2024/10/13  09:35:37.931969	8.435832E-1
2024/10/13  09:35:37.931989	9.718221E-1
2024/10/13  09:35:37.932009	9.290758E-1
2024/10/13  09:35:37.932029	9.718221E-1
2024/10/13  09:35:37.932049	9.718221E-1
2024/10/13  09:35:37.932069	9.718221E-1
2024/10/13  09:35:37.932089	-1.080000E+0
2024/10/13  09:35:37.932109	-1.080000E+0
2024/10/13  09:35:37.932129	-1.080000E+0
2024/10/13  09:35:37.932149	-1.080000E+0
2024/10/13  09:35:37.932169	-1.080000E+0
2024/10/13  09:35:37.932189	-1.208239E+0
2024/10/13  09:35:37.932209	-1.165493E+0
2024/10/13  09:35:37.932229	-1.208239E+0
2024/10/13  09:35:37.932249	-1.165493E+0
2024/10/13  09:35:37.932269	-1.208239E+0
2024/10/13  09:35:37.932289	-1.336478E+0
2024/10/13  09:35:37.932309	-1.336478E+0
2024/10/13  09:35:37.932329	-1.293732E+0
2024/10/13  09:35:37.932349	-1.293732E+0
2024/10/13  09:35:37.932369	-1.293732E+0
2024/10/13  09:35:37.932389	-1.421971E+0
2024/10/13  09:35:37.932409	-1.421971E+0
2024/10/13  09:35:37.932429	-1.421971E+0
2024/10/13  09:35:37.932449	-1.421971E+0
2024/10/13  09:35:37.932469	-1.421971E+0
2024/10/13  09:35:37.932489	-1.507463E+0
2024/10/13  09:35:37.932509	-1.507463E+0
2024/10/13  09:35:37.932529	-1.507463E+0
2024/10/13  09:35:37.932549	-1.507463E+0
2024/10/13  09:35:37.932569	-1.507463E+0
2024/10/13  09:35:37.932589	1.613017E+0
2024/10/13  09:35:37.932609	1.613017E+0
2024/10/13  09:35:37.932629	1.655763E+0
2024/10/13  09:35:37.932649	1.655763E+0
2024/10/13  09:35:37.932669	1.655763E+0
2024/10/13  09:35:37.932689	1.741256E+0
2024/10/13  09:35:37.932709	1.741256E+0
2024/10/13  09:35:37.932729	1.741256E+0
2024/10/13  09:35:37.932749	1.741256E+0
2024/10/13  09:35:37.932769	1.741256E+0
2024/10/13  09:35:37.932789	1.826748E+0
2024/10/13  09:35:37.932809	1.784002E+0
2024/10/13  09:35:37.932829	1.784002E+0
2024/10/13  09:35:37.932849	1.784002E+0
2024/10/13  09:35:37.932869	1.826748E+0
2024/10/13  09:35:37.932889	1.869494E+0
2024/10/13  09:35:37.932909	1.912241E+0
2024/10/13  09:35:37.932929	1.912241E+0
2024/10/13  09:35:37.932949	1.912241E+0
2024/10/13  09:35:37.932969	1.912241E+0
2024/10/13  09:35:37.932989	1.954987E+0
2024/10/13  09:35:37.933009	1.954987E+0
2024/10/13  09:35:37.933029	1.954987E+0
2024/10/13  09:35:37.933049	1.954987E+0
2024/10/13  09:35:37.933069	1.954987E+0
2024/10/13  09:35:37.933089	-1.977673E+0
2024/10/13  09:35:37.933109	-2.020419E+0
2024/10/13  09:35:37.933129	-2.020419E+0
2024/10/13  09:35:37.933149	-2.020419E+0
2024/10/13  09:35:37.933169	-2.020419E+0
2024/10/13  09:35:37.933189	-2.063165E+0
2024/10/13  09:35:37.933209	-2.063165E+0
2024/10/13  09:35:37.933229	-2.105912E+0
2024/10/13  09:35:37.933249	-2.063165E+0
2024/10/13  09:35:37.933269	-2.063165E+0
2024/10/13  09:35:37.933289	-2.105912E+0
2024/10/13  09:35:37.933309	-2.105912E+0
2024/10/13  09:35:37.933329	-2.148658E+0
2024/10/13  09:35:37.933349	-2.105912E+0
2024/10/13  09:35:37.933369	-2.148658E+0
2024/10/13  09:35:37.933389	-2.148658E+0
2024/10/13  09:35:37.933409	-2.148658E+0
2024/10/13  09:35:37.933429	-2.148658E+0
2024/10/13  09:35:37.933449	-2.191404E+0
2024/10/13  09:35:37.933469	-2.148658E+0
2024/10/13  09:35:37.933489	-2.148658E+0
2024/10/13  09:35:37.933509	-2.148658E+0
2024/10/13  09:35:37.933529	-2.191404E+0
2024/10/13  09:35:37.933549	-2.191404E+0
2024/10/13  09:35:37.933569	-2.191404E+0
2024/10/13  09:35:37.933589	2.211465E+0
2024/10/13  09:35:37.933609	2.211465E+0
2024/10/13  09:35:37.933629	2.211465E+0
2024/10/13  09:35:37.933649	2.254211E+0
2024/10/13  09:35:37.933669	2.254211E+0
2024/10/13  09:35:37.933689	2.211465E+0
2024/10/13  09:35:37.933709	2.254211E+0
2024/10/13  09:35:37.933729	2.254211E+0
2024/10/13  09:35:37.933749	2.254211E+0
2024/10/13  09:35:37.933769	2.211465E+0
2024/10/13  09:35:37.933789	2.254211E+0
2024/10/13  09:35:37.933809	2.254211E+0
2024/10/13  09:35:37.933829	2.254211E+0
2024/10/13  09:35:37.933849	2.211465E+0
2024/10/13  09:35:37.933869	2.254211E+0
2024/10/13  09:35:37.933889	2.254211E+0
2024/10/13  09:35:37.933909	2.254211E+0
2024/10/13  09:35:37.933929	2.254211E+0
2024/10/13  09:35:37.933949	2.211465E+0
2024/10/13  09:35:37.933969	2.254211E+0
2024/10/13  09:35:37.933989	2.254211E+0
2024/10/13  09:35:37.934009	2.254211E+0
2024/10/13  09:35:37.934029	2.211465E+0
2024/10/13  09:35:37.934049	2.254211E+0
2024/10/13  09:35:37.934069	2.254211E+0
2024/10/13  09:35:37.934089	-2.148658E+0
2024/10/13  09:35:37.934109	-2.148658E+0
2024/10/13  09:35:37.934129	-2.191404E+0
2024/10/13  09:35:37.934149	-2.148658E+0
2024/10/13  09:35:37.934169	-2.148658E+0
2024/10/13  09:35:37.934189	-2.148658E+0
2024/10/13  09:35:37.934209	-2.148658E+0
2024/10/13  09:35:37.934229	-2.148658E+0
2024/10/13  09:35:37.934249	-2.148658E+0
2024/10/13  09:35:37.934269	-2.148658E+0
2024/10/13  09:35:37.934289	-2.105912E+0
2024/10/13  09:35:37.934309	-2.105912E+0
2024/10/13  09:35:37.934329	-2.105912E+0
2024/10/13  09:35:37.934349	-2.148658E+0
2024/10/13  09:35:37.934369	-2.105912E+0
2024/10/13  09:35:37.934389	-2.063165E+0
2024/10/13  09:35:37.934409	-2.063165E+0
2024/10/13  09:35:37.934429	-2.020419E+0
2024/10/13  09:35:37.934449	-2.063165E+0
2024/10/13  09:35:37.934469	-2.063165E+0
2024/10/13  09:35:37.934489	-1.977673E+0
2024/10/13  09:35:37.934509	-2.020419E+0
2024/10/13  09:35:37.934529	-2.020419E+0
2024/10/13  09:35:37.934549	-2.020419E+0
2024/10/13  09:35:37.934569	-1.977673E+0
2024/10/13  09:35:37.934589	1.954987E+0
2024/10/13  09:35:37.934609	1.954987E+0
2024/10/13  09:35:37.934629	1.954987E+0
2024/10/13  09:35:37.934649	1.954987E+0
2024/10/13  09:35:37.934669	1.954987E+0
2024/10/13  09:35:37.934689	1.912241E+0
2024/10/13  09:35:37.934709	1.912241E+0
2024/10/13  09:35:37.934729	1.912241E+0
2024/10/13  09:35:37.934749	1.912241E+0
2024/10/13  09:35:37.934769	1.912241E+0
2024/10/13  09:35:37.934789	1.826748E+0
2024/10/13  09:35:37.934809	1.784002E+0
2024/10/13  09:35:37.934829	1.826748E+0
2024/10/13  09:35:37.934849	1.826748E+0
2024/10/13  09:35:37.934869	1.784002E+0
2024/10/13  09:35:37.934889	1.741256E+0
2024/10/13  09:35:37.934909	1.741256E+0
2024/10/13  09:35:37.934929	1.741256E+0
2024/10/13  09:35:37.934949	1.741256E+0
2024/10/13  09:35:37.934969	1.741256E+0
2024/10/13  09:35:37.934989	1.655763E+0
2024/10/13  09:35:37.935009	1.655763E+0
2024/10/13  09:35:37.935029	1.655763E+0
2024/10/13  09:35:37.935049	1.613017E+0
2024/10/13  09:35:37.935069	1.613017E+0
2024/10/13  09:35:37.935089	-1.507463E+0
2024/10/13  09:35:37.935109	-1.507463E+0
2024/10/13  09:35:37.935129	-1.507463E+0
2024/10/13  09:35:37.935149	-1.507463E+0
2024/10/13  09:35:37.935169	-1.507463E+0
2024/10/13  09:35:37.935189	-1.421971E+0
2024/10/13  09:35:37.935209	-1.379225E+0
2024/10/13  09:35:37.935229	-1.421971E+0
2024/10/13  09:35:37.935249	-1.421971E+0
2024/10/13  09:35:37.935269	-1.421971E+0
2024/10/13  09:35:37.935289	-1.293732E+0
2024/10/13  09:35:37.935309	-1.293732E+0
2024/10/13  09:35:37.935329	-1.293732E+0
2024/10/13  09:35:37.935349	-1.293732E+0
2024/10/13  09:35:37.935369	-1.293732E+0
2024/10/13  09:35:37.935389	-1.165493E+0
2024/10/13  09:35:37.935409	-1.208239E+0
2024/10/13  09:35:37.935429	-1.165493E+0
2024/10/13  09:35:37.935449	-1.165493E+0
2024/10/13  09:35:37.935469	-1.165493E+0
2024/10/13  09:35:37.935489	-1.080000E+0
2024/10/13  09:35:37.935509	-1.080000E+0
2024/10/13  09:35:37.935529	-1.080000E+0
2024/10/13  09:35:37.935549	-1.080000E+0
2024/10/13  09:35:37.935569	-1.037254E+0
2024/10/13  09:35:37.935589	9.290758E-1
2024/10/13  09:35:37.935609	9.290758E-1
2024/10/13  09:35:37.935629	9.718221E-1
2024/10/13  09:35:37.935649	9.718221E-1
2024/10/13  09:35:37.935669	9.718221E-1
2024/10/13  09:35:37.935689	8.008369E-1
2024/10/13  09:35:37.935709	8.008369E-1
2024/10/13  09:35:37.935729	8.008369E-1
2024/10/13  09:35:37.935749	8.008369E-1
2024/10/13  09:35:37.935769	8.008369E-1
2024/10/13  09:35:37.935789	7.153443E-1
2024/10/13  09:35:37.935809	7.153443E-1
2024/10/13  09:35:37.935829	7.153443E-1
2024/10/13  09:35:37.935849	7.153443E-1
2024/10/13  09:35:37.935869	6.725980E-1
2024/10/13  09:35:37.935889	5.443591E-1
2024/10/13  09:35:37.935909	5.443591E-1
2024/10/13  09:35:37.935929	5.443591E-1
2024/10/13  09:35:37.935949	5.443591E-1
2024/10/13  09:35:37.935969	5.443591E-1
2024/10/13  09:35:37.935989	4.161202E-1
2024/10/13  09:35:37.936009	4.161202E-1
2024/10/13  09:35:37.936029	4.588665E-1
2024/10/13  09:35:37.936049	4.161202E-1
2024/10/13  09:35:37.936069	4.161202E-1
2024/10/13  09:35:37.936089	-2.678207E-1
2024/10/13  09:35:37.936109	-2.678207E-1
2024/10/13  09:35:37.936129	-2.678207E-1
2024/10/13  09:35:37.936149	-2.678207E-1
2024/10/13  09:35:37.936169	-2.678207E-1
2024/10/13  09:35:37.936189	-1.823281E-1
2024/10/13  09:35:37.936209	-1.395818E-1
2024/10/13  09:35:37.936229	-1.395818E-1
2024/10/13  09:35:37.936249	-1.395818E-1
2024/10/13  09:35:37.936269	-1.395818E-1
2024/10/13  09:35:37.936289	-5.408916E-2
2024/10/13  09:35:37.936309	-1.134286E-2
2024/10/13  09:35:37.936329	-1.134286E-2
2024/10/13  09:35:37.936349	-1.134286E-2
2024/10/13  09:35:37.936369	-1.134286E-2
2024/10/13  09:35:37.936389	1.168960E-1
2024/10/13  09:35:37.936409	1.168960E-1
2024/10/13  09:35:37.936429	1.168960E-1
2024/10/13  09:35:37.936449	1.168960E-1
2024/10/13  09:35:37.936469	1.168960E-1
2024/10/13  09:35:37.936489	2.878813E-1
2024/10/13  09:35:37.936509	2.878813E-1
2024/10/13  09:35:37.936529	2.878813E-1
2024/10/13  09:35:37.936549	2.878813E-1
2024/10/13  09:35:37.936569	2.878813E-1
2024/10/13  09:35:37.936589	-3.960596E-1
2024/10/13  09:35:37.936609	-3.960596E-1
2024/10/13  09:35:37.936629	-3.960596E-1
2024/10/13  09:35:37.936649	-4.388059E-1
2024/10/13  09:35:37.936669	-3.960596E-1
2024/10/13  09:35:37.936689	-5.670448E-1
2024/10/13  09:35:37.936709	-5.670448E-1
2024/10/13  09:35:37.936729	-5.670448E-1
2024/10/13  09:35:37.936749	-5.670448E-1
2024/10/13  09:35:37.936769	-5.670448E-1
2024/10/13  09:35:37.936789	-6.952837E-1
2024/10/13  09:35:37.936809	-6.952837E-1
2024/10/13  09:35:37.936829	-6.952837E-1
2024/10/13  09:35:37.936849	-6.952837E-1
2024/10/13  09:35:37.936869	-6.525374E-1
2024/10/13  09:35:37.936889	-8.235226E-1
2024/10/13  09:35:37.936909	-8.235226E-1
2024/10/13  09:35:37.936929	-8.235226E-1
2024/10/13  09:35:37.936949	-8.235226E-1
2024/10/13  09:35:37.936969	-8.235226E-1
2024/10/13  09:35:37.936989	-9.517615E-1
2024/10/13  09:35:37.937009	-9.517615E-1
2024/10/13  09:35:37.937029	-9.517615E-1
2024/10/13  09:35:37.937049	-9.517615E-1
2024/10/13  09:35:37.937069	-9.517615E-1
2024/10/13  09:35:37.937089	1.014568E+0
2024/10/13  09:35:37.937109	1.057315E+0
2024/10/13  09:35:37.937129	1.057315E+0
2024/10/13  09:35:37.937149	1.057315E+0
2024/10/13  09:35:37.937169	1.057315E+0
2024/10/13  09:35:37.937189	1.185554E+0
2024/10/13  09:35:37.937209	1.185554E+0
2024/10/13  09:35:37.937229	1.185554E+0
2024/10/13  09:35:37.937249	1.185554E+0
2024/10/13  09:35:37.937269	1.228300E+0
2024/10/13  09:35:37.937289	1.313792E+0
2024/10/13  09:35:37.937309	1.313792E+0
2024/10/13  09:35:37.937329	1.271046E+0
2024/10/13  09:35:37.937349	1.313792E+0
2024/10/13  09:35:37.937369	1.271046E+0
2024/10/13  09:35:37.937389	1.399285E+0
2024/10/13  09:35:37.937409	1.399285E+0
2024/10/13  09:35:37.937429	1.399285E+0
2024/10/13  09:35:37.937449	1.399285E+0
2024/10/13  09:35:37.937469	1.399285E+0
2024/10/13  09:35:37.937489	1.484778E+0
2024/10/13  09:35:37.937509	1.484778E+0
2024/10/13  09:35:37.937529	1.527524E+0
2024/10/13  09:35:37.937549	1.484778E+0
2024/10/13  09:35:37.937569	1.484778E+0
2024/10/13  09:35:37.937589	-1.635702E+0
2024/10/13  09:35:37.937609	-1.592956E+0
2024/10/13  09:35:37.937629	-1.635702E+0
2024/10/13  09:35:37.937649	-1.635702E+0
2024/10/13  09:35:37.937669	-1.635702E+0
2024/10/13  09:35:37.937689	-1.678449E+0
2024/10/13  09:35:37.937709	-1.721195E+0
2024/10/13  09:35:37.937729	-1.721195E+0
2024/10/13  09:35:37.937749	-1.721195E+0
2024/10/13  09:35:37.937769	-1.721195E+0
2024/10/13  09:35:37.937789	-1.806688E+0
2024/10/13  09:35:37.937809	-1.806688E+0
2024/10/13  09:35:37.937829	-1.806688E+0
2024/10/13  09:35:37.937849	-1.806688E+0
2024/10/13  09:35:37.937869	-1.806688E+0
2024/10/13  09:35:37.937889	-1.892180E+0
2024/10/13  09:35:37.937909	-1.892180E+0
2024/10/13  09:35:37.937929	-1.892180E+0
2024/10/13  09:35:37.937949	-1.849434E+0
2024/10/13  09:35:37.937969	-1.934926E+0
2024/10/13  09:35:37.937989	-1.977673E+0
2024/10/13  09:35:37.938009	-1.977673E+0
2024/10/13  09:35:37.938029	-1.977673E+0
2024/10/13  09:35:37.938049	-1.977673E+0
2024/10/13  09:35:37.938069	-1.977673E+0
2024/10/13  09:35:37.938089	1.954987E+0
2024/10/13  09:35:37.938109	1.997733E+0
2024/10/13  09:35:37.938129	1.997733E+0
2024/10/13  09:35:37.938149	1.997733E+0
2024/10/13  09:35:37.938169	1.997733E+0
2024/10/13  09:35:37.938189	2.040480E+0
2024/10/13  09:35:37.938209	2.083226E+0
2024/10/13  09:35:37.938229	2.083226E+0
2024/10/13  09:35:37.938249	2.040480E+0
2024/10/13  09:35:37.938269	2.040480E+0
2024/10/13  09:35:37.938289	2.083226E+0
2024/10/13  09:35:37.938309	2.125972E+0
2024/10/13  09:35:37.938329	2.083226E+0
2024/10/13  09:35:37.938349	2.083226E+0
2024/10/13  09:35:37.938369	2.083226E+0
2024/10/13  09:35:37.938389	2.125972E+0
2024/10/13  09:35:37.938409	2.125972E+0
2024/10/13  09:35:37.938429	2.125972E+0
2024/10/13  09:35:37.938449	2.125972E+0
2024/10/13  09:35:37.938469	2.125972E+0
2024/10/13  09:35:37.938489	2.168719E+0
2024/10/13  09:35:37.938509	2.168719E+0
2024/10/13  09:35:37.938529	2.168719E+0
2024/10/13  09:35:37.938549	2.168719E+0
2024/10/13  09:35:37.938569	2.168719E+0
2024/10/13  09:35:37.938589	-2.191404E+0
2024/10/13  09:35:37.938609	-2.191404E+0
2024/10/13  09:35:37.938629	-2.234151E+0
2024/10/13  09:35:37.938649	-2.191404E+0
2024/10/13  09:35:37.938669	-2.234151E+0
2024/10/13  09:35:37.938689	-2.234151E+0
2024/10/13  09:35:37.938709	-2.191404E+0
2024/10/13  09:35:37.938729	-2.234151E+0
2024/10/13  09:35:37.938749	-2.234151E+0
2024/10/13  09:35:37.938769	-2.234151E+0
2024/10/13  09:35:37.938789	-2.234151E+0
2024/10/13  09:35:37.938809	-2.234151E+0
2024/10/13  09:35:37.938829	-2.234151E+0
2024/10/13  09:35:37.938849	-2.234151E+0
2024/10/13  09:35:37.938869	-2.276897E+0
2024/10/13  09:35:37.938889	-2.234151E+0
2024/10/13  09:35:37.938909	-2.234151E+0
2024/10/13  09:35:37.938929	-2.234151E+0
2024/10/13  09:35:37.938949	-2.234151E+0
2024/10/13  09:35:37.938969	-2.234151E+0
2024/10/13  09:35:37.938989	-2.234151E+0
2024/10/13  09:35:37.939009	-2.234151E+0
2024/10/13  09:35:37.939029	-2.234151E+0
2024/10/13  09:35:37.939049	-2.234151E+0
2024/10/13  09:35:37.939069	-2.191404E+0
2024/10/13  09:35:37.939089	2.125972E+0
2024/10/13  09:35:37.939109	2.168719E+0
2024/10/13  09:35:37.939129	2.168719E+0
2024/10/13  09:35:37.939149	2.168719E+0
2024/10/13  09:35:37.939169	2.168719E+0
2024/10/13  09:35:37.939189	2.125972E+0
2024/10/13  09:35:37.939209	2.125972E+0
2024/10/13  09:35:37.939229	2.125972E+0
2024/10/13  09:35:37.939249	2.168719E+0
2024/10/13  09:35:37.939269	2.125972E+0
2024/10/13  09:35:37.939289	2.083226E+0
2024/10/13  09:35:37.939309	2.083226E+0
2024/10/13  09:35:37.939329	2.125972E+0
2024/10/13  09:35:37.939349	2.083226E+0
2024/10/13  09:35:37.939369	2.083226E+0
2024/10/13  09:35:37.939389	2.040480E+0
2024/10/13  09:35:37.939409	2.083226E+0
2024/10/13  09:35:37.939429	2.040480E+0
2024/10/13  09:35:37.939449	2.040480E+0
2024/10/13  09:35:37.939469	2.040480E+0
2024/10/13  09:35:37.939489	1.997733E+0
2024/10/13  09:35:37.939509	1.997733E+0
2024/10/13  09:35:37.939529	1.997733E+0
2024/10/13  09:35:37.939549	1.997733E+0
2024/10/13  09:35:37.939569	1.997733E+0
2024/10/13  09:35:37.939589	-1.934926E+0
2024/10/13  09:35:37.939609	-1.977673E+0
2024/10/13  09:35:37.939629	-1.934926E+0
2024/10/13  09:35:37.939649	-1.934926E+0
2024/10/13  09:35:37.939669	-1.934926E+0
2024/10/13  09:35:37.939689	-1.849434E+0
2024/10/13  09:35:37.939709	-1.934926E+0
2024/10/13  09:35:37.939729	-1.892180E+0
2024/10/13  09:35:37.939749	-1.892180E+0
2024/10/13  09:35:37.939769	-1.892180E+0
2024/10/13  09:35:37.939789	-1.806688E+0
2024/10/13  09:35:37.939809	-1.849434E+0
2024/10/13  09:35:37.939829	-1.806688E+0
2024/10/13  09:35:37.939849	-1.806688E+0
2024/10/13  09:35:37.939869	-1.806688E+0
2024/10/13  09:35:37.939889	-1.721195E+0
2024/10/13  09:35:37.939909	-1.678449E+0
2024/10/13  09:35:37.939929	-1.721195E+0
2024/10/13  09:35:37.939949	-1.721195E+0
2024/10/13  09:35:37.939969	-1.721195E+0
2024/10/13  09:35:37.939989	-1.635702E+0
2024/10/13  09:35:37.940009	-1.635702E+0
2024/10/13  09:35:37.940029	-1.635702E+0
2024/10/13  09:35:37.940049	-1.635702E+0
2024/10/13  09:35:37.940069	-1.635702E+0
2024/10/13  09:35:37.940089	1.484778E+0
2024/10/13  09:35:37.940109	1.484778E+0
2024/10/13  09:35:37.940129	1.484778E+0
2024/10/13  09:35:37.940149	1.484778E+0
2024/10/13  09:35:37.940169	1.484778E+0
2024/10/13  09:35:37.940189	1.399285E+0
2024/10/13  09:35:37.940209	1.399285E+0
2024/10/13  09:35:37.940229	1.399285E+0
2024/10/13  09:35:37.940249	1.399285E+0
2024/10/13  09:35:37.940269	1.399285E+0
2024/10/13  09:35:37.940289	1.271046E+0
2024/10/13  09:35:37.940309	1.313792E+0
2024/10/13  09:35:37.940329	1.271046E+0
2024/10/13  09:35:37.940349	1.313792E+0
2024/10/13  09:35:37.940369	1.271046E+0
2024/10/13  09:35:37.940389	1.185554E+0
2024/10/13  09:35:37.940409	1.185554E+0
2024/10/13  09:35:37.940429	1.185554E+0
2024/10/13  09:35:37.940449	1.228300E+0
2024/10/13  09:35:37.940469	1.185554E+0
2024/10/13  09:35:37.940489	1.057315E+0
2024/10/13  09:35:37.940509	1.057315E+0
2024/10/13  09:35:37.940529	1.100061E+0
2024/10/13  09:35:37.940549	1.057315E+0
2024/10/13  09:35:37.940569	1.100061E+0
2024/10/13  09:35:37.940589	-9.517615E-1
2024/10/13  09:35:37.940609	-9.517615E-1
2024/10/13  09:35:37.940629	-9.090152E-1
2024/10/13  09:35:37.940649	-9.517615E-1
2024/10/13  09:35:37.940669	-9.517615E-1
2024/10/13  09:35:37.940689	-8.235226E-1
2024/10/13  09:35:37.940709	-8.235226E-1
2024/10/13  09:35:37.940729	-8.235226E-1
2024/10/13  09:35:37.940749	-8.235226E-1
2024/10/13  09:35:37.940769	-7.807763E-1
2024/10/13  09:35:37.940789	-6.952837E-1
2024/10/13  09:35:37.940809	-6.525374E-1
2024/10/13  09:35:37.940829	-6.525374E-1
2024/10/13  09:35:37.940849	-6.952837E-1
2024/10/13  09:35:37.940869	-6.952837E-1
2024/10/13  09:35:37.940889	-5.670448E-1
2024/10/13  09:35:37.940909	-5.670448E-1
2024/10/13  09:35:37.940929	-5.670448E-1
2024/10/13  09:35:37.940949	-5.670448E-1
2024/10/13  09:35:37.940969	-5.670448E-1
2024/10/13  09:35:37.940989	-4.388059E-1
2024/10/13  09:35:37.941009	-3.960596E-1
2024/10/13  09:35:37.941029	-3.960596E-1
2024/10/13  09:35:37.941049	-3.960596E-1
2024/10/13  09:35:37.941069	-3.960596E-1
2024/10/13  09:35:37.941089	2.878813E-1
2024/10/13  09:35:37.941109	2.878813E-1
2024/10/13  09:35:37.941129	2.451350E-1
2024/10/13  09:35:37.941149	2.878813E-1
2024/10/13  09:35:37.941169	2.451350E-1
2024/10/13  09:35:37.941189	1.168960E-1
2024/10/13  09:35:37.941209	1.168960E-1
2024/10/13  09:35:37.941229	1.168960E-1
2024/10/13  09:35:37.941249	1.168960E-1
2024/10/13  09:35:37.941269	1.168960E-1
2024/10/13  09:35:37.941289	-1.134286E-2
2024/10/13  09:35:37.941309	-1.134286E-2
2024/10/13  09:35:37.941329	-1.134286E-2
2024/10/13  09:35:37.941349	-1.134286E-2
2024/10/13  09:35:37.941369	-5.408916E-2
2024/10/13  09:35:37.941389	-1.395818E-1
2024/10/13  09:35:37.941409	-1.395818E-1
2024/10/13  09:35:37.941429	-1.395818E-1
2024/10/13  09:35:37.941449	-1.395818E-1
2024/10/13  09:35:37.941469	-1.395818E-1
2024/10/13  09:35:37.941489	-2.678207E-1
2024/10/13  09:35:37.941509	-2.678207E-1
2024/10/13  09:35:37.941529	-3.105670E-1
2024/10/13  09:35:37.941549	-2.678207E-1
2024/10/13  09:35:37.941569	-2.678207E-1
2024/10/13  09:35:37.941589	4.161202E-1
2024/10/13  09:35:37.941609	4.161202E-1
2024/10/13  09:35:37.941629	4.161202E-1
2024/10/13  09:35:37.941649	4.161202E-1
2024/10/13  09:35:37.941669	4.161202E-1
2024/10/13  09:35:37.941689	5.443591E-1
2024/10/13  09:35:37.941709	5.443591E-1
2024/10/13  09:35:37.941729	5.443591E-1
2024/10/13  09:35:37.941749	5.443591E-1
2024/10/13  09:35:37.941769	5.443591E-1
2024/10/13  09:35:37.941789	7.153443E-1
2024/10/13  09:35:37.941809	6.725980E-1
2024/10/13  09:35:37.941829	6.725980E-1
2024/10/13  09:35:37.941849	6.725980E-1
2024/10/13  09:35:37.941869	7.153443E-1
2024/10/13  09:35:37.941889	8.008369E-1
2024/10/13  09:35:37.941909	8.008369E-1
2024/10/13  09:35:37.941929	8.008369E-1
2024/10/13  09:35:37.941949	8.008369E-1
2024/10/13  09:35:37.941969	8.435832E-1
2024/10/13  09:35:37.941989	9.290758E-1
2024/10/13  09:35:37.942009	9.718221E-1
2024/10/13  09:35:37.942029	9.718221E-1
2024/10/13  09:35:37.942049	9.718221E-1
2024/10/13  09:35:37.942069	9.718221E-1
2024/10/13  09:35:37.942089	-1.080000E+0
2024/10/13  09:35:37.942109	-1.080000E+0
2024/10/13  09:35:37.942129	-1.080000E+0
2024/10/13  09:35:37.942149	-1.080000E+0
2024/10/13  09:35:37.942169	-1.080000E+0
2024/10/13  09:35:37.942189	-1.165493E+0
2024/10/13  09:35:37.942209	-1.165493E+0
2024/10/13  09:35:37.942229	-1.208239E+0
2024/10/13  09:35:37.942249	-1.208239E+0
2024/10/13  09:35:37.942269	-1.165493E+0
2024/10/13  09:35:37.942289	-1.293732E+0
2024/10/13  09:35:37.942309	-1.293732E+0
2024/10/13  09:35:37.942329	-1.293732E+0
2024/10/13  09:35:37.942349	-1.293732E+0
2024/10/13  09:35:37.942369	-1.336478E+0
2024/10/13  09:35:37.942389	-1.421971E+0
2024/10/13  09:35:37.942409	-1.421971E+0
2024/10/13  09:35:37.942429	-1.421971E+0
2024/10/13  09:35:37.942449	-1.421971E+0
2024/10/13  09:35:37.942469	-1.421971E+0
2024/10/13  09:35:37.942489	-1.507463E+0
2024/10/13  09:35:37.942509	-1.507463E+0
2024/10/13  09:35:37.942529	-1.507463E+0
2024/10/13  09:35:37.942549	-1.507463E+0
2024/10/13  09:35:37.942569	-1.507463E+0
2024/10/13  09:35:37.942589	1.655763E+0
2024/10/13  09:35:37.942609	1.655763E+0
2024/10/13  09:35:37.942629	1.613017E+0
2024/10/13  09:35:37.942649	1.613017E+0
2024/10/13  09:35:37.942669	1.655763E+0
2024/10/13  09:35:37.942689	1.741256E+0
2024/10/13  09:35:37.942709	1.741256E+0
2024/10/13  09:35:37.942729	1.741256E+0
2024/10/13  09:35:37.942749	1.698509E+0
2024/10/13  09:35:37.942769	1.741256E+0
2024/10/13  09:35:37.942789	1.784002E+0
2024/10/13  09:35:37.942809	1.826748E+0
2024/10/13  09:35:37.942829	1.784002E+0
2024/10/13  09:35:37.942849	1.826748E+0
2024/10/13  09:35:37.942869	1.826748E+0
2024/10/13  09:35:37.942889	1.912241E+0
2024/10/13  09:35:37.942909	1.912241E+0
2024/10/13  09:35:37.942929	1.912241E+0
2024/10/13  09:35:37.942949	1.912241E+0
2024/10/13  09:35:37.942969	1.912241E+0
2024/10/13  09:35:37.942989	1.954987E+0
2024/10/13  09:35:37.943009	1.997733E+0
2024/10/13  09:35:37.943029	1.954987E+0
2024/10/13  09:35:37.943049	1.954987E+0
2024/10/13  09:35:37.943069	1.954987E+0
2024/10/13  09:35:37.943089	-1.977673E+0
2024/10/13  09:35:37.943109	-2.020419E+0
2024/10/13  09:35:37.943129	-2.020419E+0
2024/10/13  09:35:37.943149	-1.977673E+0
2024/10/13  09:35:37.943169	-2.020419E+0
2024/10/13  09:35:37.943189	-2.063165E+0
2024/10/13  09:35:37.943209	-2.105912E+0
2024/10/13  09:35:37.943229	-2.063165E+0
2024/10/13  09:35:37.943249	-2.063165E+0
2024/10/13  09:35:37.943269	-2.063165E+0
2024/10/13  09:35:37.943289	-2.105912E+0
2024/10/13  09:35:37.943309	-2.105912E+0
2024/10/13  09:35:37.943329	-2.105912E+0
2024/10/13  09:35:37.943349	-2.105912E+0
2024/10/13  09:35:37.943369	-2.105912E+0
2024/10/13  09:35:37.943389	-2.148658E+0
2024/10/13  09:35:37.943409	-2.148658E+0
2024/10/13  09:35:37.943429	-2.191404E+0
2024/10/13  09:35:37.943449	-2.148658E+0
2024/10/13  09:35:37.943469	-2.148658E+0
2024/10/13  09:35:37.943489	-2.191404E+0
2024/10/13  09:35:37.943509	-2.191404E+0
2024/10/13  09:35:37.943529	-2.191404E+0
2024/10/13  09:35:37.943549	-2.191404E+0
2024/10/13  09:35:37.943569	-2.191404E+0
2024/10/13  09:35:37.943589	2.168719E+0
2024/10/13  09:35:37.943609	2.211465E+0
2024/10/13  09:35:37.943629	2.168719E+0
2024/10/13  09:35:37.943649	2.254211E+0
2024/10/13  09:35:37.943669	2.254211E+0
2024/10/13  09:35:37.943689	2.211465E+0
2024/10/13  09:35:37.943709	2.254211E+0
2024/10/13  09:35:37.943729	2.254211E+0
2024/10/13  09:35:37.943749	2.254211E+0
2024/10/13  09:35:37.943769	2.254211E+0
2024/10/13  09:35:37.943789	2.254211E+0
2024/10/13  09:35:37.943809	2.254211E+0
2024/10/13  09:35:37.943829	2.211465E+0
2024/10/13  09:35:37.943849	2.254211E+0
2024/10/13  09:35:37.943869	2.254211E+0
2024/10/13  09:35:37.943889	2.254211E+0
2024/10/13  09:35:37.943909	2.254211E+0
2024/10/13  09:35:37.943929	2.254211E+0
2024/10/13  09:35:37.943949	2.254211E+0
2024/10/13  09:35:37.943969	2.254211E+0
2024/10/13  09:35:37.943989	2.211465E+0
2024/10/13  09:35:37.944009	2.168719E+0
2024/10/13  09:35:37.944029	2.254211E+0
2024/10/13  09:35:37.944049	2.254211E+0
2024/10/13  09:35:37.944069	2.254211E+0
2024/10/13  09:35:37.944089	-2.148658E+0
2024/10/13  09:35:37.944109	-2.148658E+0
2024/10/13  09:35:37.944129	-2.148658E+0
2024/10/13  09:35:37.944149	-2.191404E+0
2024/10/13  09:35:37.944169	-2.191404E+0
2024/10/13  09:35:37.944189	-2.148658E+0
2024/10/13  09:35:37.944209	-2.148658E+0
2024/10/13  09:35:37.944229	-2.148658E+0
2024/10/13  09:35:37.944249	-2.148658E+0
2024/10/13  09:35:37.944269	-2.148658E+0
2024/10/13  09:35:37.944289	-2.105912E+0
2024/10/13  09:35:37.944309	-2.148658E+0
2024/10/13  09:35:37.944329	-2.105912E+0
2024/10/13  09:35:37.944349	-2.105912E+0
2024/10/13  09:35:37.944369	-2.105912E+0
2024/10/13  09:35:37.944389	-2.063165E+0
2024/10/13  09:35:37.944409	-2.105912E+0
2024/10/13  09:35:37.944429	-2.063165E+0
2024/10/13  09:35:37.944449	-2.063165E+0
2024/10/13  09:35:37.944469	-2.063165E+0
2024/10/13  09:35:37.944489	-2.020419E+0
2024/10/13  09:35:37.944509	-1.977673E+0
2024/10/13  09:35:37.944529	-2.020419E+0
2024/10/13  09:35:37.944549	-2.020419E+0
2024/10/13  09:35:37.944569	-2.020419E+0
2024/10/13  09:35:37.944589	1.954987E+0
2024/10/13  09:35:37.944609	1.954987E+0
2024/10/13  09:35:37.944629	1.954987E+0
2024/10/13  09:35:37.944649	1.954987E+0
2024/10/13  09:35:37.944669	1.954987E+0
2024/10/13  09:35:37.944689	1.912241E+0
2024/10/13  09:35:37.944709	1.912241E+0
2024/10/13  09:35:37.944729	1.912241E+0
2024/10/13  09:35:37.944749	1.912241E+0
2024/10/13  09:35:37.944769	1.869494E+0
2024/10/13  09:35:37.944789	1.826748E+0
2024/10/13  09:35:37.944809	1.784002E+0
2024/10/13  09:35:37.944829	1.784002E+0
2024/10/13  09:35:37.944849	1.784002E+0
2024/10/13  09:35:37.944869	1.826748E+0
2024/10/13  09:35:37.944889	1.698509E+0
2024/10/13  09:35:37.944909	1.698509E+0
2024/10/13  09:35:37.944929	1.741256E+0
2024/10/13  09:35:37.944949	1.741256E+0
2024/10/13  09:35:37.944969	1.741256E+0
2024/10/13  09:35:37.944989	1.613017E+0
2024/10/13  09:35:37.945009	1.613017E+0
2024/10/13  09:35:37.945029	1.655763E+0
2024/10/13  09:35:37.945049	1.613017E+0
2024/10/13  09:35:37.945069	1.655763E+0
2024/10/13  09:35:37.945089	-1.507463E+0
2024/10/13  09:35:37.945109	-1.550210E+0
2024/10/13  09:35:37.945129	-1.507463E+0
2024/10/13  09:35:37.945149	-1.507463E+0
2024/10/13  09:35:37.945169	-1.507463E+0
2024/10/13  09:35:37.945189	-1.421971E+0
2024/10/13  09:35:37.945209	-1.421971E+0
2024/10/13  09:35:37.945229	-1.421971E+0
2024/10/13  09:35:37.945249	-1.421971E+0
2024/10/13  09:35:37.945269	-1.421971E+0
